ISO-10303-21;
HEADER;
/* Generated by software containing ST-Developer
 * from STEP Tools, Inc. (www.steptools.com) 
 */

FILE_DESCRIPTION(
/* description */ (''),
/* implementation_level */ '2;1');

FILE_NAME(
/* name */ 'Keyboard-Bottom.step',
/* time_stamp */ '2025-10-11T18:59:13+05:30',
/* author */ (''),
/* organization */ (''),
/* preprocessor_version */ 'ST-DEVELOPER v20.1',
/* originating_system */ 'Autodesk Translation Framework v14.10.0.0',
/* authorisation */ '');

FILE_SCHEMA (('AUTOMOTIVE_DESIGN { 1 0 10303 214 3 1 1 }'));
ENDSEC;

DATA;
#10=MECHANICAL_DESIGN_GEOMETRIC_PRESENTATION_REPRESENTATION('',(#13),#12891);
#11=SHAPE_REPRESENTATION_RELATIONSHIP('SRR','None',#12898,#12);
#12=ADVANCED_BREP_SHAPE_REPRESENTATION('',(#14),#12890);
#13=STYLED_ITEM('',(#12908),#14);
#14=MANIFOLD_SOLID_BREP('Body1',#6329);
#15=B_SPLINE_SURFACE_WITH_KNOTS('',3,1,((#7734,#7735),(#7736,#7737),(#7738,
#7739),(#7740,#7741),(#7742,#7743)),.UNSPECIFIED.,.F.,.F.,.F.,(4,1,4),(2,
2),(0.,0.257515781529547,0.517286824003169),(0.,0.33),.UNSPECIFIED.);
#16=B_SPLINE_SURFACE_WITH_KNOTS('',3,1,((#7760,#7761),(#7762,#7763),(#7764,
#7765),(#7766,#7767),(#7768,#7769)),.UNSPECIFIED.,.F.,.F.,.F.,(4,1,4),(2,
2),(0.,0.237372215919892,0.468728788072918),(0.,0.33),.UNSPECIFIED.);
#17=B_SPLINE_SURFACE_WITH_KNOTS('',3,1,((#7783,#7784),(#7785,#7786),(#7787,
#7788),(#7789,#7790),(#7791,#7792)),.UNSPECIFIED.,.F.,.F.,.F.,(4,1,4),(2,
2),(0.,0.239659999684117,0.501741248845974),(0.,0.33),.UNSPECIFIED.);
#18=B_SPLINE_SURFACE_WITH_KNOTS('',3,1,((#7806,#7807),(#7808,#7809),(#7810,
#7811),(#7812,#7813),(#7814,#7815)),.UNSPECIFIED.,.F.,.F.,.F.,(4,1,4),(2,
2),(0.,0.395980808951373,0.811196428170713),(0.,0.33),.UNSPECIFIED.);
#19=B_SPLINE_SURFACE_WITH_KNOTS('',3,1,((#7832,#7833),(#7834,#7835),(#7836,
#7837),(#7838,#7839),(#7840,#7841)),.UNSPECIFIED.,.F.,.F.,.F.,(4,1,4),(2,
2),(0.,0.402864187224473,0.789499955278389),(0.,0.33),.UNSPECIFIED.);
#20=B_SPLINE_SURFACE_WITH_KNOTS('',3,1,((#7855,#7856),(#7857,#7858),(#7859,
#7860),(#7861,#7862),(#7863,#7864)),.UNSPECIFIED.,.F.,.F.,.F.,(4,1,4),(2,
2),(0.,0.412851698995486,0.895648146262176),(0.,0.33),.UNSPECIFIED.);
#21=B_SPLINE_SURFACE_WITH_KNOTS('',3,1,((#7878,#7879),(#7880,#7881),(#7882,
#7883),(#7884,#7885),(#7886,#7887)),.UNSPECIFIED.,.F.,.F.,.F.,(4,1,4),(2,
2),(0.,0.0409308465252438,0.0982500496184776),(0.,0.33),.UNSPECIFIED.);
#22=B_SPLINE_SURFACE_WITH_KNOTS('',3,1,((#7907,#7908),(#7909,#7910),(#7911,
#7912),(#7913,#7914),(#7915,#7916)),.UNSPECIFIED.,.F.,.F.,.F.,(4,1,4),(2,
2),(0.,0.321974472371881,0.594057661578639),(0.,0.33),.UNSPECIFIED.);
#23=B_SPLINE_SURFACE_WITH_KNOTS('',3,1,((#7930,#7931),(#7932,#7933),(#7934,
#7935),(#7936,#7937),(#7938,#7939)),.UNSPECIFIED.,.F.,.F.,.F.,(4,1,4),(2,
2),(0.,0.249499955902443,0.503651929830494),(0.,0.33),.UNSPECIFIED.);
#24=B_SPLINE_SURFACE_WITH_KNOTS('',3,1,((#7953,#7954),(#7955,#7956),(#7957,
#7958),(#7959,#7960),(#7961,#7962)),.UNSPECIFIED.,.F.,.F.,.F.,(4,1,4),(2,
2),(0.,0.244511258990763,0.439069267460038),(0.,0.33),.UNSPECIFIED.);
#25=B_SPLINE_SURFACE_WITH_KNOTS('',3,1,((#7979,#7980),(#7981,#7982),(#7983,
#7984),(#7985,#7986),(#7987,#7988)),.UNSPECIFIED.,.F.,.F.,.F.,(4,1,4),(2,
2),(0.,0.189631372351754,0.3667184758173),(0.,0.33),.UNSPECIFIED.);
#26=B_SPLINE_SURFACE_WITH_KNOTS('',3,1,((#8002,#8003),(#8004,#8005),(#8006,
#8007),(#8008,#8009),(#8010,#8011)),.UNSPECIFIED.,.F.,.F.,.F.,(4,1,4),(2,
2),(0.,0.492130236242531,0.91348791861314),(0.,0.33),.UNSPECIFIED.);
#27=B_SPLINE_SURFACE_WITH_KNOTS('',3,1,((#8025,#8026),(#8027,#8028),(#8029,
#8030),(#8031,#8032),(#8033,#8034)),.UNSPECIFIED.,.F.,.F.,.F.,(4,1,4),(2,
2),(0.,0.410266772637952,0.886340740396512),(0.,0.33),.UNSPECIFIED.);
#28=B_SPLINE_SURFACE_WITH_KNOTS('',3,1,((#8048,#8049),(#8050,#8051),(#8052,
#8053),(#8054,#8055),(#8056,#8057)),.UNSPECIFIED.,.F.,.F.,.F.,(4,1,4),(2,
2),(0.,0.433697476605704,0.829362360728387),(0.,0.33),.UNSPECIFIED.);
#29=B_SPLINE_SURFACE_WITH_KNOTS('',3,1,((#8071,#8072),(#8073,#8074),(#8075,
#8076),(#8077,#8078),(#8079,#8080)),.UNSPECIFIED.,.F.,.F.,.F.,(4,1,4),(2,
2),(0.,0.309785794446477,0.657662072235983),(0.,0.33),.UNSPECIFIED.);
#30=B_SPLINE_SURFACE_WITH_KNOTS('',3,1,((#8094,#8095),(#8096,#8097),(#8098,
#8099),(#8100,#8101),(#8102,#8103)),.UNSPECIFIED.,.F.,.F.,.F.,(4,1,4),(2,
2),(0.,0.322850045267733,0.624774340219196),(0.,0.33),.UNSPECIFIED.);
#31=B_SPLINE_SURFACE_WITH_KNOTS('',3,1,((#8123,#8124),(#8125,#8126),(#8127,
#8128),(#8129,#8130),(#8131,#8132)),.UNSPECIFIED.,.F.,.F.,.F.,(4,1,4),(2,
2),(0.,0.188598413790771,0.413051805416455),(0.,0.33),.UNSPECIFIED.);
#32=B_SPLINE_SURFACE_WITH_KNOTS('',3,1,((#8144,#8145),(#8146,#8147),(#8148,
#8149),(#8150,#8151),(#8152,#8153)),.UNSPECIFIED.,.F.,.F.,.F.,(4,1,4),(2,
2),(0.,0.365736727451531,0.65458988785652),(0.,0.33),.UNSPECIFIED.);
#33=B_SPLINE_SURFACE_WITH_KNOTS('',3,1,((#8170,#8171),(#8172,#8173),(#8174,
#8175),(#8176,#8177),(#8178,#8179)),.UNSPECIFIED.,.F.,.F.,.F.,(4,1,4),(2,
2),(0.,0.243280759796807,0.470001077568755),(0.,0.33),.UNSPECIFIED.);
#34=B_SPLINE_SURFACE_WITH_KNOTS('',3,1,((#8193,#8194),(#8195,#8196),(#8197,
#8198),(#8199,#8200),(#8201,#8202)),.UNSPECIFIED.,.F.,.F.,.F.,(4,1,4),(2,
2),(0.,0.228494306439829,0.483670666199278),(0.,0.33),.UNSPECIFIED.);
#35=B_SPLINE_SURFACE_WITH_KNOTS('',3,1,((#8216,#8217),(#8218,#8219),(#8220,
#8221),(#8222,#8223),(#8224,#8225)),.UNSPECIFIED.,.F.,.F.,.F.,(4,1,4),(2,
2),(0.,0.302121956692054,0.674513081891123),(0.,0.33),.UNSPECIFIED.);
#36=B_SPLINE_SURFACE_WITH_KNOTS('',3,1,((#8239,#8240),(#8241,#8242),(#8243,
#8244),(#8245,#8246),(#8247,#8248)),.UNSPECIFIED.,.F.,.F.,.F.,(4,1,4),(2,
2),(0.,0.254325968635925,0.522084670070253),(0.,0.33),.UNSPECIFIED.);
#37=B_SPLINE_SURFACE_WITH_KNOTS('',3,1,((#8265,#8266),(#8267,#8268),(#8269,
#8270),(#8271,#8272),(#8273,#8274)),.UNSPECIFIED.,.F.,.F.,.F.,(4,1,4),(2,
2),(0.,0.285290594625827,0.585036026555514),(0.,0.33),.UNSPECIFIED.);
#38=B_SPLINE_SURFACE_WITH_KNOTS('',3,1,((#8288,#8289),(#8290,#8291),(#8292,
#8293),(#8294,#8295),(#8296,#8297)),.UNSPECIFIED.,.F.,.F.,.F.,(4,1,4),(2,
2),(0.,0.318343801182339,0.615893411438838),(0.,0.33),.UNSPECIFIED.);
#39=B_SPLINE_SURFACE_WITH_KNOTS('',3,1,((#8311,#8312),(#8313,#8314),(#8315,
#8316),(#8317,#8318),(#8319,#8320)),.UNSPECIFIED.,.F.,.F.,.F.,(4,1,4),(2,
2),(0.,0.277815795435188,0.543338785753716),(0.,0.33),.UNSPECIFIED.);
#40=B_SPLINE_SURFACE_WITH_KNOTS('',3,1,((#8334,#8335),(#8336,#8337),(#8338,
#8339),(#8340,#8341),(#8342,#8343)),.UNSPECIFIED.,.F.,.F.,.F.,(4,1,4),(2,
2),(0.,0.257215954553718,0.505596006517327),(0.,0.33),.UNSPECIFIED.);
#41=B_SPLINE_SURFACE_WITH_KNOTS('',3,1,((#8357,#8358),(#8359,#8360),(#8361,
#8362),(#8363,#8364),(#8365,#8366)),.UNSPECIFIED.,.F.,.F.,.F.,(4,1,4),(2,
2),(0.,0.175788562370279,0.342128892448392),(0.,0.33),.UNSPECIFIED.);
#42=B_SPLINE_SURFACE_WITH_KNOTS('',3,1,((#8380,#8381),(#8382,#8383),(#8384,
#8385),(#8386,#8387),(#8388,#8389)),.UNSPECIFIED.,.F.,.F.,.F.,(4,1,4),(2,
2),(0.,0.15970054067049,0.312181757584991),(0.,0.33),.UNSPECIFIED.);
#43=B_SPLINE_SURFACE_WITH_KNOTS('',3,1,((#8403,#8404),(#8405,#8406),(#8407,
#8408),(#8409,#8410),(#8411,#8412)),.UNSPECIFIED.,.F.,.F.,.F.,(4,1,4),(2,
2),(0.,0.295488111259979,0.676841843491811),(0.,0.33),.UNSPECIFIED.);
#44=B_SPLINE_SURFACE_WITH_KNOTS('',3,1,((#8426,#8427),(#8428,#8429),(#8430,
#8431),(#8432,#8433),(#8434,#8435)),.UNSPECIFIED.,.F.,.F.,.F.,(4,1,4),(2,
2),(0.,0.233756321962409,0.48148291284846),(0.,0.33),.UNSPECIFIED.);
#45=B_SPLINE_SURFACE_WITH_KNOTS('',3,1,((#8449,#8450),(#8451,#8452),(#8453,
#8454),(#8455,#8456),(#8457,#8458)),.UNSPECIFIED.,.F.,.F.,.F.,(4,1,4),(2,
2),(0.,0.240572428905424,0.469693107329495),(0.,0.33),.UNSPECIFIED.);
#46=B_SPLINE_SURFACE_WITH_KNOTS('',3,1,((#8472,#8473),(#8474,#8475),(#8476,
#8477),(#8478,#8479),(#8480,#8481)),.UNSPECIFIED.,.F.,.F.,.F.,(4,1,4),(2,
2),(0.,0.367231215336459,0.652536312703884),(0.,0.33),.UNSPECIFIED.);
#47=B_SPLINE_SURFACE_WITH_KNOTS('',3,1,((#8498,#8499),(#8500,#8501),(#8502,
#8503),(#8504,#8505),(#8506,#8507)),.UNSPECIFIED.,.F.,.F.,.F.,(4,1,4),(2,
2),(0.,0.264373866405032,0.517500215389777),(0.,0.33),.UNSPECIFIED.);
#48=B_SPLINE_SURFACE_WITH_KNOTS('',3,1,((#8521,#8522),(#8523,#8524),(#8525,
#8526),(#8527,#8528),(#8529,#8530)),.UNSPECIFIED.,.F.,.F.,.F.,(4,1,4),(2,
2),(0.,0.176549278846419,0.374600358087693),(0.,0.33),.UNSPECIFIED.);
#49=B_SPLINE_SURFACE_WITH_KNOTS('',3,1,((#8544,#8545),(#8546,#8547),(#8548,
#8549),(#8550,#8551),(#8552,#8553)),.UNSPECIFIED.,.F.,.F.,.F.,(4,1,4),(2,
2),(0.,0.192364132935587,0.367905907022534),(0.,0.33),.UNSPECIFIED.);
#50=B_SPLINE_SURFACE_WITH_KNOTS('',3,1,((#8589,#8590),(#8591,#8592),(#8593,
#8594),(#8595,#8596),(#8597,#8598)),.UNSPECIFIED.,.F.,.F.,.F.,(4,1,4),(2,
2),(0.,0.190086756958165,0.400653023760901),(0.,0.33),.UNSPECIFIED.);
#51=B_SPLINE_SURFACE_WITH_KNOTS('',3,1,((#8621,#8622),(#8623,#8624),(#8625,
#8626),(#8627,#8628),(#8629,#8630)),.UNSPECIFIED.,.F.,.F.,.F.,(4,1,4),(2,
2),(0.,0.147730714401193,0.284257778412507),(0.,0.33),.UNSPECIFIED.);
#52=B_SPLINE_SURFACE_WITH_KNOTS('',3,1,((#8644,#8645),(#8646,#8647),(#8648,
#8649),(#8650,#8651),(#8652,#8653)),.UNSPECIFIED.,.F.,.F.,.F.,(4,1,4),(2,
2),(0.,0.116028469867637,0.231949795087074),(0.,0.33),.UNSPECIFIED.);
#53=B_SPLINE_SURFACE_WITH_KNOTS('',3,1,((#8667,#8668),(#8669,#8670),(#8671,
#8672),(#8673,#8674),(#8675,#8676)),.UNSPECIFIED.,.F.,.F.,.F.,(4,1,4),(2,
2),(0.,0.11959884753118,0.246830392935045),(0.,0.33),.UNSPECIFIED.);
#54=B_SPLINE_SURFACE_WITH_KNOTS('',3,1,((#8690,#8691),(#8692,#8693),(#8694,
#8695),(#8696,#8697),(#8698,#8699)),.UNSPECIFIED.,.F.,.F.,.F.,(4,1,4),(2,
2),(0.,0.210752839764335,0.435357006853401),(0.,0.33),.UNSPECIFIED.);
#55=B_SPLINE_SURFACE_WITH_KNOTS('',3,1,((#8719,#8720),(#8721,#8722),(#8723,
#8724),(#8725,#8726),(#8727,#8728)),.UNSPECIFIED.,.F.,.F.,.F.,(4,1,4),(2,
2),(0.,0.125611700077993,0.250527323315596),(0.,0.33),.UNSPECIFIED.);
#56=B_SPLINE_SURFACE_WITH_KNOTS('',3,1,((#8742,#8743),(#8744,#8745),(#8746,
#8747),(#8748,#8749),(#8750,#8751)),.UNSPECIFIED.,.F.,.F.,.F.,(4,1,4),(2,
2),(0.,0.227362486640603,0.386715587878485),(0.,0.33),.UNSPECIFIED.);
#57=B_SPLINE_SURFACE_WITH_KNOTS('',3,1,((#8787,#8788),(#8789,#8790),(#8791,
#8792),(#8793,#8794),(#8795,#8796)),.UNSPECIFIED.,.F.,.F.,.F.,(4,1,4),(2,
2),(0.,0.357226829098527,0.648250204605936),(0.,0.33),.UNSPECIFIED.);
#58=B_SPLINE_SURFACE_WITH_KNOTS('',3,1,((#8813,#8814),(#8815,#8816),(#8817,
#8818),(#8819,#8820),(#8821,#8822)),.UNSPECIFIED.,.F.,.F.,.F.,(4,1,4),(2,
2),(0.,0.257797341177275,0.513049182083652),(0.,0.33),.UNSPECIFIED.);
#59=B_SPLINE_SURFACE_WITH_KNOTS('',3,1,((#8836,#8837),(#8838,#8839),(#8840,
#8841),(#8842,#8843),(#8844,#8845)),.UNSPECIFIED.,.F.,.F.,.F.,(4,1,4),(2,
2),(0.,0.25795751093034,0.515495941540589),(0.,0.33),.UNSPECIFIED.);
#60=B_SPLINE_SURFACE_WITH_KNOTS('',3,1,((#8859,#8860),(#8861,#8862),(#8863,
#8864),(#8865,#8866),(#8867,#8868)),.UNSPECIFIED.,.F.,.F.,.F.,(4,1,4),(2,
2),(0.,0.293147871386126,0.66074669904462),(0.,0.33),.UNSPECIFIED.);
#61=B_SPLINE_SURFACE_WITH_KNOTS('',3,1,((#8882,#8883),(#8884,#8885),(#8886,
#8887),(#8888,#8889),(#8890,#8891)),.UNSPECIFIED.,.F.,.F.,.F.,(4,1,4),(2,
2),(0.,0.409615859279306,0.876775926255934),(0.,0.33),.UNSPECIFIED.);
#62=B_SPLINE_SURFACE_WITH_KNOTS('',3,1,((#8908,#8909),(#8910,#8911),(#8912,
#8913),(#8914,#8915),(#8916,#8917)),.UNSPECIFIED.,.F.,.F.,.F.,(4,1,4),(2,
2),(0.,0.376062704437944,0.676491025194679),(0.,0.33),.UNSPECIFIED.);
#63=B_SPLINE_SURFACE_WITH_KNOTS('',3,1,((#8931,#8932),(#8933,#8934),(#8935,
#8936),(#8937,#8938),(#8939,#8940)),.UNSPECIFIED.,.F.,.F.,.F.,(4,1,4),(2,
2),(0.,0.263614103853317,0.528979299993897),(0.,0.33),.UNSPECIFIED.);
#64=B_SPLINE_SURFACE_WITH_KNOTS('',3,1,((#8954,#8955),(#8956,#8957),(#8958,
#8959),(#8960,#8961),(#8962,#8963)),.UNSPECIFIED.,.F.,.F.,.F.,(4,1,4),(2,
2),(0.,0.270516631423326,0.545978223037679),(0.,0.33),.UNSPECIFIED.);
#65=B_SPLINE_SURFACE_WITH_KNOTS('',3,1,((#8977,#8978),(#8979,#8980),(#8981,
#8982),(#8983,#8984),(#8985,#8986)),.UNSPECIFIED.,.F.,.F.,.F.,(4,1,4),(2,
2),(0.,0.296776541519177,0.672499089889626),(0.,0.33),.UNSPECIFIED.);
#66=B_SPLINE_SURFACE_WITH_KNOTS('',3,1,((#9000,#9001),(#9002,#9003),(#9004,
#9005),(#9006,#9007),(#9008,#9009)),.UNSPECIFIED.,.F.,.F.,.F.,(4,1,4),(2,
2),(0.,0.256556976419889,0.514613842367692),(0.,0.33),.UNSPECIFIED.);
#67=B_SPLINE_SURFACE_WITH_KNOTS('',3,1,((#9023,#9024),(#9025,#9026),(#9027,
#9028),(#9029,#9030),(#9031,#9032)),.UNSPECIFIED.,.F.,.F.,.F.,(4,1,4),(2,
2),(0.,0.258000958652838,0.516009835053809),(0.,0.33),.UNSPECIFIED.);
#68=B_SPLINE_SURFACE_WITH_KNOTS('',3,1,((#9046,#9047),(#9048,#9049),(#9050,
#9051),(#9052,#9053),(#9054,#9055)),.UNSPECIFIED.,.F.,.F.,.F.,(4,1,4),(2,
2),(0.,0.367852682119792,0.661679833059937),(0.,0.33),.UNSPECIFIED.);
#69=B_SPLINE_SURFACE_WITH_KNOTS('',3,1,((#9066,#9067),(#9068,#9069),(#9070,
#9071),(#9072,#9073),(#9074,#9075)),.UNSPECIFIED.,.F.,.F.,.F.,(4,1,4),(2,
2),(0.,0.419038995078162,0.811303651605242),(0.,0.33),.UNSPECIFIED.);
#70=B_SPLINE_SURFACE_WITH_KNOTS('',3,1,((#9089,#9090),(#9091,#9092),(#9093,
#9094),(#9095,#9096),(#9097,#9098)),.UNSPECIFIED.,.F.,.F.,.F.,(4,1,4),(2,
2),(0.,0.41379486563078,0.806701071200252),(0.,0.33),.UNSPECIFIED.);
#71=B_SPLINE_SURFACE_WITH_KNOTS('',3,1,((#9112,#9113),(#9114,#9115),(#9116,
#9117),(#9118,#9119),(#9120,#9121)),.UNSPECIFIED.,.F.,.F.,.F.,(4,1,4),(2,
2),(0.,0.359932537147115,0.737235542440389),(0.,0.33),.UNSPECIFIED.);
#72=B_SPLINE_SURFACE_WITH_KNOTS('',3,1,((#9135,#9136),(#9137,#9138),(#9139,
#9140),(#9141,#9142),(#9143,#9144)),.UNSPECIFIED.,.F.,.F.,.F.,(4,1,4),(2,
2),(0.,0.532066213963287,0.978624049254049),(0.,0.33),.UNSPECIFIED.);
#73=B_SPLINE_SURFACE_WITH_KNOTS('',3,1,((#9158,#9159),(#9160,#9161),(#9162,
#9163),(#9164,#9165),(#9166,#9167)),.UNSPECIFIED.,.F.,.F.,.F.,(4,1,4),(2,
2),(0.,0.414790551444287,0.90587122360351),(0.,0.33),.UNSPECIFIED.);
#74=B_SPLINE_SURFACE_WITH_KNOTS('',3,1,((#9179,#9180),(#9181,#9182),(#9183,
#9184),(#9185,#9186),(#9187,#9188)),.UNSPECIFIED.,.F.,.F.,.F.,(4,1,4),(2,
2),(0.,0.190085814974724,0.40065208177746),(0.,0.33),.UNSPECIFIED.);
#75=B_SPLINE_SURFACE_WITH_KNOTS('',3,1,((#9211,#9212),(#9213,#9214),(#9215,
#9216),(#9217,#9218),(#9219,#9220)),.UNSPECIFIED.,.F.,.F.,.F.,(4,1,4),(2,
2),(0.,0.147730714401193,0.284257778412507),(0.,0.33),.UNSPECIFIED.);
#76=B_SPLINE_SURFACE_WITH_KNOTS('',3,1,((#9234,#9235),(#9236,#9237),(#9238,
#9239),(#9240,#9241),(#9242,#9243)),.UNSPECIFIED.,.F.,.F.,.F.,(4,1,4),(2,
2),(0.,0.116027527948642,0.231949694936212),(0.,0.33),.UNSPECIFIED.);
#77=B_SPLINE_SURFACE_WITH_KNOTS('',3,1,((#9257,#9258),(#9259,#9260),(#9261,
#9262),(#9263,#9264),(#9265,#9266)),.UNSPECIFIED.,.F.,.F.,.F.,(4,1,4),(2,
2),(0.,0.11959884753118,0.246830392935045),(0.,0.33),.UNSPECIFIED.);
#78=B_SPLINE_SURFACE_WITH_KNOTS('',3,1,((#9280,#9281),(#9282,#9283),(#9284,
#9285),(#9286,#9287),(#9288,#9289)),.UNSPECIFIED.,.F.,.F.,.F.,(4,1,4),(2,
2),(0.,0.210752839764335,0.435357006853401),(0.,0.33),.UNSPECIFIED.);
#79=B_SPLINE_SURFACE_WITH_KNOTS('',3,1,((#9309,#9310),(#9311,#9312),(#9313,
#9314),(#9315,#9316),(#9317,#9318)),.UNSPECIFIED.,.F.,.F.,.F.,(4,1,4),(2,
2),(0.,0.125612556538718,0.250528179776321),(0.,0.33),.UNSPECIFIED.);
#80=B_SPLINE_SURFACE_WITH_KNOTS('',3,1,((#9332,#9333),(#9334,#9335),(#9336,
#9337),(#9338,#9339),(#9340,#9341)),.UNSPECIFIED.,.F.,.F.,.F.,(4,1,4),(2,
2),(0.,0.227361974844842,0.386715076082724),(0.,0.33),.UNSPECIFIED.);
#81=B_SPLINE_SURFACE_WITH_KNOTS('',3,1,((#9377,#9378),(#9379,#9380),(#9381,
#9382),(#9383,#9384),(#9385,#9386)),.UNSPECIFIED.,.F.,.F.,.F.,(4,1,4),(2,
2),(0.,0.389147078039036,0.686612575697994),(0.,0.33),.UNSPECIFIED.);
#82=B_SPLINE_SURFACE_WITH_KNOTS('',3,1,((#9403,#9404),(#9405,#9406),(#9407,
#9408),(#9409,#9410),(#9411,#9412)),.UNSPECIFIED.,.F.,.F.,.F.,(4,1,4),(2,
2),(0.,0.247615307074075,0.485169967794277),(0.,0.33),.UNSPECIFIED.);
#83=B_SPLINE_SURFACE_WITH_KNOTS('',3,1,((#9426,#9427),(#9428,#9429),(#9430,
#9431),(#9432,#9433),(#9434,#9435)),.UNSPECIFIED.,.F.,.F.,.F.,(4,1,4),(2,
2),(0.,0.230866770780527,0.469250083916992),(0.,0.33),.UNSPECIFIED.);
#84=B_SPLINE_SURFACE_WITH_KNOTS('',3,1,((#9449,#9450),(#9451,#9452),(#9453,
#9454),(#9455,#9456),(#9457,#9458)),.UNSPECIFIED.,.F.,.F.,.F.,(4,1,4),(2,
2),(0.,0.286378380031488,0.662615879572787),(0.,0.33),.UNSPECIFIED.);
#85=B_SPLINE_SURFACE_WITH_KNOTS('',3,1,((#9472,#9473),(#9474,#9475),(#9476,
#9477),(#9478,#9479),(#9480,#9481)),.UNSPECIFIED.,.F.,.F.,.F.,(4,1,4),(2,
2),(0.,0.270485260791776,0.526729654602429),(0.,0.33),.UNSPECIFIED.);
#86=B_SPLINE_SURFACE_WITH_KNOTS('',3,1,((#9498,#9499),(#9500,#9501),(#9502,
#9503),(#9504,#9505),(#9506,#9507)),.UNSPECIFIED.,.F.,.F.,.F.,(4,1,4),(2,
2),(0.,0.252941950492058,0.510658165283651),(0.,0.33),.UNSPECIFIED.);
#87=B_SPLINE_SURFACE_WITH_KNOTS('',3,1,((#9521,#9522),(#9523,#9524),(#9525,
#9526),(#9527,#9528),(#9529,#9530)),.UNSPECIFIED.,.F.,.F.,.F.,(4,1,4),(2,
2),(0.,0.186861262421456,0.362454114754953),(0.,0.33),.UNSPECIFIED.);
#88=B_SPLINE_SURFACE_WITH_KNOTS('',3,1,((#9544,#9545),(#9546,#9547),(#9548,
#9549),(#9550,#9551),(#9552,#9553)),.UNSPECIFIED.,.F.,.F.,.F.,(4,1,4),(2,
2),(0.,0.168723281819988,0.332206655053404),(0.,0.33),.UNSPECIFIED.);
#89=B_SPLINE_SURFACE_WITH_KNOTS('',3,1,((#9579,#9580),(#9581,#9582),(#9583,
#9584),(#9585,#9586),(#9587,#9588)),.UNSPECIFIED.,.F.,.F.,.F.,(4,1,4),(2,
2),(0.,0.279704187095692,0.635473489729768),(0.,0.33),.UNSPECIFIED.);
#90=B_SPLINE_SURFACE_WITH_KNOTS('',3,1,((#9602,#9603),(#9604,#9605),(#9606,
#9607),(#9608,#9609),(#9610,#9611)),.UNSPECIFIED.,.F.,.F.,.F.,(4,1,4),(2,
2),(0.,0.228704450877356,0.467242752967613),(0.,0.33),.UNSPECIFIED.);
#91=B_SPLINE_SURFACE_WITH_KNOTS('',3,1,((#9625,#9626),(#9627,#9628),(#9629,
#9630),(#9631,#9632),(#9633,#9634)),.UNSPECIFIED.,.F.,.F.,.F.,(4,1,4),(2,
2),(0.,0.246647973511637,0.476107504214108),(0.,0.33),.UNSPECIFIED.);
#92=B_SPLINE_SURFACE_WITH_KNOTS('',3,1,((#9648,#9649),(#9650,#9651),(#9652,
#9653),(#9654,#9655),(#9656,#9657)),.UNSPECIFIED.,.F.,.F.,.F.,(4,1,4),(2,
2),(0.,0.367411804125402,0.658443837055559),(0.,0.33),.UNSPECIFIED.);
#93=B_SPLINE_SURFACE_WITH_KNOTS('',3,1,((#9674,#9675),(#9676,#9677),(#9678,
#9679),(#9680,#9681),(#9682,#9683)),.UNSPECIFIED.,.F.,.F.,.F.,(4,1,4),(2,
2),(0.,0.311465514863724,0.603137157160746),(0.,0.33),.UNSPECIFIED.);
#94=B_SPLINE_SURFACE_WITH_KNOTS('',3,1,((#9697,#9698),(#9699,#9700),(#9701,
#9702),(#9703,#9704),(#9705,#9706)),.UNSPECIFIED.,.F.,.F.,.F.,(4,1,4),(2,
2),(0.,0.290242506946629,0.606039735998284),(0.,0.33),.UNSPECIFIED.);
#95=B_SPLINE_SURFACE_WITH_KNOTS('',3,1,((#9720,#9721),(#9722,#9723),(#9724,
#9725),(#9726,#9727),(#9728,#9729)),.UNSPECIFIED.,.F.,.F.,.F.,(4,1,4),(2,
2),(0.,0.258567764779127,0.528740762260816),(0.,0.33),.UNSPECIFIED.);
#96=B_SPLINE_SURFACE_WITH_KNOTS('',3,1,((#9743,#9744),(#9745,#9746),(#9747,
#9748),(#9749,#9750),(#9751,#9752)),.UNSPECIFIED.,.F.,.F.,.F.,(4,1,4),(2,
2),(0.,0.251960972238923,0.504392403369513),(0.,0.33),.UNSPECIFIED.);
#97=B_SPLINE_SURFACE_WITH_KNOTS('',3,1,((#9766,#9767),(#9768,#9769),(#9770,
#9771),(#9772,#9773),(#9774,#9775)),.UNSPECIFIED.,.F.,.F.,.F.,(4,1,4),(2,
2),(0.,0.352102381801687,0.713741261038664),(0.,0.33),.UNSPECIFIED.);
#98=B_SPLINE_SURFACE_WITH_KNOTS('',3,1,((#9799,#9800),(#9801,#9802),(#9803,
#9804),(#9805,#9806),(#9807,#9808)),.UNSPECIFIED.,.F.,.F.,.F.,(4,1,4),(2,
2),(0.,0.155871528927321,0.346493394598431),(0.,0.33),.UNSPECIFIED.);
#99=B_SPLINE_SURFACE_WITH_KNOTS('',3,1,((#9825,#9826),(#9827,#9828),(#9829,
#9830),(#9831,#9832),(#9833,#9834)),.UNSPECIFIED.,.F.,.F.,.F.,(4,1,4),(2,
2),(0.,0.202400431792443,0.393166235788545),(0.,0.33),.UNSPECIFIED.);
#100=B_SPLINE_SURFACE_WITH_KNOTS('',3,1,((#9848,#9849),(#9850,#9851),(#9852,
#9853),(#9854,#9855),(#9856,#9857)),.UNSPECIFIED.,.F.,.F.,.F.,(4,1,4),(2,
2),(0.,0.181166874511142,0.356779615343533),(0.,0.33),.UNSPECIFIED.);
#101=B_SPLINE_SURFACE_WITH_KNOTS('',3,1,((#9871,#9872),(#9873,#9874),(#9875,
#9876),(#9877,#9878),(#9879,#9880)),.UNSPECIFIED.,.F.,.F.,.F.,(4,1,4),(2,
2),(0.,0.16078518501009,0.375146451143506),(0.,0.33),.UNSPECIFIED.);
#102=B_SPLINE_SURFACE_WITH_KNOTS('',3,1,((#9900,#9901),(#9902,#9903),(#9904,
#9905),(#9906,#9907),(#9908,#9909)),.UNSPECIFIED.,.F.,.F.,.F.,(4,1,4),(2,
2),(0.,0.227014552875776,0.398985805385558),(0.,0.33),.UNSPECIFIED.);
#103=B_SPLINE_SURFACE_WITH_KNOTS('',3,1,((#9926,#9927),(#9928,#9929),(#9930,
#9931),(#9932,#9933),(#9934,#9935)),.UNSPECIFIED.,.F.,.F.,.F.,(4,1,4),(2,
2),(0.,0.16583326396143,0.376041619702489),(0.,0.33),.UNSPECIFIED.);
#104=B_SPLINE_SURFACE_WITH_KNOTS('',3,1,((#9955,#9956),(#9957,#9958),(#9959,
#9960),(#9961,#9962),(#9963,#9964)),.UNSPECIFIED.,.F.,.F.,.F.,(4,1,4),(2,
2),(0.,0.218853413043771,0.409647246167245),(0.,0.33),.UNSPECIFIED.);
#105=B_SPLINE_SURFACE_WITH_KNOTS('',3,1,((#9978,#9979),(#9980,#9981),(#9982,
#9983),(#9984,#9985),(#9986,#9987)),.UNSPECIFIED.,.F.,.F.,.F.,(4,1,4),(2,
2),(0.,0.186489737955524,0.39606481765697),(0.,0.33),.UNSPECIFIED.);
#106=B_SPLINE_SURFACE_WITH_KNOTS('',3,1,((#10001,#10002),(#10003,#10004),
(#10005,#10006),(#10007,#10008),(#10009,#10010)),.UNSPECIFIED.,.F.,.F.,
 .F.,(4,1,4),(2,2),(0.,0.236806472471061,0.500975629286654),(0.,0.33),
 .UNSPECIFIED.);
#107=B_SPLINE_SURFACE_WITH_KNOTS('',3,1,((#10024,#10025),(#10026,#10027),
(#10028,#10029),(#10030,#10031),(#10032,#10033)),.UNSPECIFIED.,.F.,.F.,
 .F.,(4,1,4),(2,2),(0.,0.252747090467755,0.458723188506688),(0.,0.33),
 .UNSPECIFIED.);
#108=B_SPLINE_SURFACE_WITH_KNOTS('',3,1,((#10047,#10048),(#10049,#10050),
(#10051,#10052),(#10053,#10054),(#10055,#10056)),.UNSPECIFIED.,.F.,.F.,
 .F.,(4,1,4),(2,2),(0.,0.168053927228779,0.306781891593768),(0.,0.33),
 .UNSPECIFIED.);
#109=B_SPLINE_SURFACE_WITH_KNOTS('',3,1,((#10070,#10071),(#10072,#10073),
(#10074,#10075),(#10076,#10077),(#10078,#10079)),.UNSPECIFIED.,.F.,.F.,
 .F.,(4,1,4),(2,2),(0.,0.132102551411131,0.277628544336761),(0.,0.33),
 .UNSPECIFIED.);
#110=B_SPLINE_SURFACE_WITH_KNOTS('',3,1,((#10093,#10094),(#10095,#10096),
(#10097,#10098),(#10099,#10100),(#10101,#10102)),.UNSPECIFIED.,.F.,.F.,
 .F.,(4,1,4),(2,2),(0.,0.132712665005028,0.34047157373809),(0.,0.33),
 .UNSPECIFIED.);
#111=B_SPLINE_SURFACE_WITH_KNOTS('',3,1,((#10122,#10123),(#10124,#10125),
(#10126,#10127),(#10128,#10129),(#10130,#10131)),.UNSPECIFIED.,.F.,.F.,
 .F.,(4,1,4),(2,2),(0.,0.419294400690162,0.650443284091747),(0.,0.33),
 .UNSPECIFIED.);
#112=B_SPLINE_SURFACE_WITH_KNOTS('',3,1,((#10145,#10146),(#10147,#10148),
(#10149,#10150),(#10151,#10152),(#10153,#10154)),.UNSPECIFIED.,.F.,.F.,
 .F.,(4,1,4),(2,2),(0.,0.137801363874226,0.278031016468114),(0.,0.33),
 .UNSPECIFIED.);
#113=B_SPLINE_SURFACE_WITH_KNOTS('',3,1,((#10168,#10169),(#10170,#10171),
(#10172,#10173),(#10174,#10175),(#10176,#10177)),.UNSPECIFIED.,.F.,.F.,
 .F.,(4,1,4),(2,2),(0.,0.137909603404322,0.27650273270086),(0.,0.33),
 .UNSPECIFIED.);
#114=B_SPLINE_SURFACE_WITH_KNOTS('',3,1,((#10191,#10192),(#10193,#10194),
(#10195,#10196),(#10197,#10198),(#10199,#10200)),.UNSPECIFIED.,.F.,.F.,
 .F.,(4,1,4),(2,2),(0.,0.0915609722615982,0.184279145777153),(0.,0.33),
 .UNSPECIFIED.);
#115=B_SPLINE_SURFACE_WITH_KNOTS('',3,1,((#10214,#10215),(#10216,#10217),
(#10218,#10219),(#10220,#10221),(#10222,#10223)),.UNSPECIFIED.,.F.,.F.,
 .F.,(4,1,4),(2,2),(0.,0.0974328758139192,0.190371781258585),(0.,0.33),
 .UNSPECIFIED.);
#116=B_SPLINE_SURFACE_WITH_KNOTS('',3,1,((#10237,#10238),(#10239,#10240),
(#10241,#10242),(#10243,#10244),(#10245,#10246)),.UNSPECIFIED.,.F.,.F.,
 .F.,(4,1,4),(2,2),(0.,0.196989620277294,0.330179178067223),(0.,0.33),
 .UNSPECIFIED.);
#117=B_SPLINE_SURFACE_WITH_KNOTS('',3,1,((#10260,#10261),(#10262,#10263),
(#10264,#10265),(#10266,#10267),(#10268,#10269)),.UNSPECIFIED.,.F.,.F.,
 .F.,(4,1,4),(2,2),(0.,0.261866074305125,0.618509397704163),(0.,0.33),
 .UNSPECIFIED.);
#118=B_SPLINE_SURFACE_WITH_KNOTS('',3,1,((#10286,#10287),(#10288,#10289),
(#10290,#10291),(#10292,#10293),(#10294,#10295)),.UNSPECIFIED.,.F.,.F.,
 .F.,(4,1,4),(2,2),(0.,0.198890968767791,0.444910227490186),(0.,0.33),
 .UNSPECIFIED.);
#119=B_SPLINE_SURFACE_WITH_KNOTS('',3,1,((#10309,#10310),(#10311,#10312),
(#10313,#10314),(#10315,#10316),(#10317,#10318)),.UNSPECIFIED.,.F.,.F.,
 .F.,(4,1,4),(2,2),(0.,0.193614497967413,0.341388428181986),(0.,0.33),
 .UNSPECIFIED.);
#120=B_SPLINE_SURFACE_WITH_KNOTS('',3,1,((#10332,#10333),(#10334,#10335),
(#10336,#10337),(#10338,#10339),(#10340,#10341)),.UNSPECIFIED.,.F.,.F.,
 .F.,(4,1,4),(2,2),(0.,0.061922277193356,0.096203050774959),(0.,0.33),
 .UNSPECIFIED.);
#121=B_SPLINE_SURFACE_WITH_KNOTS('',3,1,((#10355,#10356),(#10357,#10358),
(#10359,#10360),(#10361,#10362),(#10363,#10364)),.UNSPECIFIED.,.F.,.F.,
 .F.,(4,1,4),(2,2),(0.,0.391644471532374,0.669834919394536),(0.,0.33),
 .UNSPECIFIED.);
#122=B_SPLINE_SURFACE_WITH_KNOTS('',3,1,((#10378,#10379),(#10380,#10381),
(#10382,#10383),(#10384,#10385),(#10386,#10387)),.UNSPECIFIED.,.F.,.F.,
 .F.,(4,1,4),(2,2),(0.,0.138962139567433,0.332211395068642),(0.,0.33),
 .UNSPECIFIED.);
#123=B_SPLINE_SURFACE_WITH_KNOTS('',3,1,((#10401,#10402),(#10403,#10404),
(#10405,#10406),(#10407,#10408),(#10409,#10410)),.UNSPECIFIED.,.F.,.F.,
 .F.,(4,1,4),(2,2),(0.,0.143383682429348,0.292189530342585),(0.,0.33),
 .UNSPECIFIED.);
#124=B_SPLINE_SURFACE_WITH_KNOTS('',3,1,((#10424,#10425),(#10426,#10427),
(#10428,#10429),(#10430,#10431),(#10432,#10433)),.UNSPECIFIED.,.F.,.F.,
 .F.,(4,1,4),(2,2),(0.,0.145560404738559,0.286788075004014),(0.,0.33),
 .UNSPECIFIED.);
#125=B_SPLINE_SURFACE_WITH_KNOTS('',3,1,((#10447,#10448),(#10449,#10450),
(#10451,#10452),(#10453,#10454),(#10455,#10456)),.UNSPECIFIED.,.F.,.F.,
 .F.,(4,1,4),(2,2),(0.,0.15378757785187,0.302990152006029),(0.,0.33),
 .UNSPECIFIED.);
#126=B_SPLINE_SURFACE_WITH_KNOTS('',3,1,((#10470,#10471),(#10472,#10473),
(#10474,#10475),(#10476,#10477),(#10478,#10479)),.UNSPECIFIED.,.F.,.F.,
 .F.,(4,1,4),(2,2),(0.,0.246010209432888,0.498500720863072),(0.,0.33),
 .UNSPECIFIED.);
#127=B_SPLINE_SURFACE_WITH_KNOTS('',3,1,((#10493,#10494),(#10495,#10496),
(#10497,#10498),(#10499,#10500),(#10501,#10502)),.UNSPECIFIED.,.F.,.F.,
 .F.,(4,1,4),(2,2),(0.,0.319685635130597,0.587793458444782),(0.,0.33),
 .UNSPECIFIED.);
#128=B_SPLINE_SURFACE_WITH_KNOTS('',3,1,((#10516,#10517),(#10518,#10519),
(#10520,#10521),(#10522,#10523),(#10524,#10525)),.UNSPECIFIED.,.F.,.F.,
 .F.,(4,1,4),(2,2),(0.,0.203418398401691,0.414190894645594),(0.,0.33),
 .UNSPECIFIED.);
#129=B_SPLINE_SURFACE_WITH_KNOTS('',3,1,((#10539,#10540),(#10541,#10542),
(#10543,#10544),(#10545,#10546),(#10547,#10548)),.UNSPECIFIED.,.F.,.F.,
 .F.,(4,1,4),(2,2),(0.,0.249665627154072,0.465874754296831),(0.,0.33),
 .UNSPECIFIED.);
#130=B_SPLINE_SURFACE_WITH_KNOTS('',3,1,((#10562,#10563),(#10564,#10565),
(#10566,#10567),(#10568,#10569),(#10570,#10571)),.UNSPECIFIED.,.F.,.F.,
 .F.,(4,1,4),(2,2),(0.,0.132929002821613,0.279128432650254),(0.,0.33),
 .UNSPECIFIED.);
#131=B_SPLINE_SURFACE_WITH_KNOTS('',3,1,((#10583,#10584),(#10585,#10586),
(#10587,#10588),(#10589,#10590),(#10591,#10592)),.UNSPECIFIED.,.F.,.F.,
 .F.,(4,1,4),(2,2),(0.,0.14157004957691,0.275355734123093),(0.,0.33),
 .UNSPECIFIED.);
#132=B_SPLINE_SURFACE_WITH_KNOTS('',3,1,((#10609,#10610),(#10611,#10612),
(#10613,#10614),(#10615,#10616),(#10617,#10618)),.UNSPECIFIED.,.F.,.F.,
 .F.,(4,1,4),(2,2),(0.,0.129292213000388,0.261308834914917),(0.,0.33),
 .UNSPECIFIED.);
#133=B_SPLINE_SURFACE_WITH_KNOTS('',3,1,((#10632,#10633),(#10634,#10635),
(#10636,#10637),(#10638,#10639),(#10640,#10641)),.UNSPECIFIED.,.F.,.F.,
 .F.,(4,1,4),(2,2),(0.,0.183313770395783,0.459263303283994),(0.,0.33),
 .UNSPECIFIED.);
#134=B_SPLINE_SURFACE_WITH_KNOTS('',3,1,((#10667,#10668),(#10669,#10670),
(#10671,#10672),(#10673,#10674),(#10675,#10676)),.UNSPECIFIED.,.F.,.F.,
 .F.,(4,1,4),(2,2),(0.,0.158269567833648,0.307694527944492),(0.,0.33),
 .UNSPECIFIED.);
#135=B_SPLINE_SURFACE_WITH_KNOTS('',3,1,((#10693,#10694),(#10695,#10696),
(#10697,#10698),(#10699,#10700),(#10701,#10702)),.UNSPECIFIED.,.F.,.F.,
 .F.,(4,1,4),(2,2),(0.,0.147067005932829,0.299214602357033),(0.,0.33),
 .UNSPECIFIED.);
#136=B_SPLINE_SURFACE_WITH_KNOTS('',3,1,((#10716,#10717),(#10718,#10719),
(#10720,#10721),(#10722,#10723),(#10724,#10725)),.UNSPECIFIED.,.F.,.F.,
 .F.,(4,1,4),(2,2),(0.,0.189728097655386,0.443023409964906),(0.,0.33),
 .UNSPECIFIED.);
#137=B_SPLINE_SURFACE_WITH_KNOTS('',3,1,((#10751,#10752),(#10753,#10754),
(#10755,#10756),(#10757,#10758),(#10759,#10760)),.UNSPECIFIED.,.F.,.F.,
 .F.,(4,1,4),(2,2),(0.,0.20176394310385,0.42198561926738),(0.,0.33),
 .UNSPECIFIED.);
#138=B_SPLINE_SURFACE_WITH_KNOTS('',3,1,((#10777,#10778),(#10779,#10780),
(#10781,#10782),(#10783,#10784),(#10785,#10786)),.UNSPECIFIED.,.F.,.F.,
 .F.,(4,1,4),(2,2),(0.,0.263802312913153,0.505824474042873),(0.,0.33),
 .UNSPECIFIED.);
#139=B_SPLINE_SURFACE_WITH_KNOTS('',3,1,((#10800,#10801),(#10802,#10803),
(#10804,#10805),(#10806,#10807),(#10808,#10809)),.UNSPECIFIED.,.F.,.F.,
 .F.,(4,1,4),(2,2),(0.,0.236726070732491,0.483989793726425),(0.,0.33),
 .UNSPECIFIED.);
#140=B_SPLINE_SURFACE_WITH_KNOTS('',3,1,((#10823,#10824),(#10825,#10826),
(#10827,#10828),(#10829,#10830),(#10831,#10832)),.UNSPECIFIED.,.F.,.F.,
 .F.,(4,1,4),(2,2),(0.,0.204573522539952,0.404569734171063),(0.,0.33),
 .UNSPECIFIED.);
#141=B_SPLINE_SURFACE_WITH_KNOTS('',3,1,((#10846,#10847),(#10848,#10849),
(#10850,#10851),(#10852,#10853),(#10854,#10855)),.UNSPECIFIED.,.F.,.F.,
 .F.,(4,1,4),(2,2),(0.,0.18874582456031,0.358048804335234),(0.,0.33),
 .UNSPECIFIED.);
#142=B_SPLINE_SURFACE_WITH_KNOTS('',3,1,((#10869,#10870),(#10871,#10872),
(#10873,#10874),(#10875,#10876),(#10877,#10878)),.UNSPECIFIED.,.F.,.F.,
 .F.,(4,1,4),(2,2),(0.,0.170925546142785,0.362159648500056),(0.,0.33),
 .UNSPECIFIED.);
#143=B_SPLINE_SURFACE_WITH_KNOTS('',3,1,((#10892,#10893),(#10894,#10895),
(#10896,#10897),(#10898,#10899),(#10900,#10901)),.UNSPECIFIED.,.F.,.F.,
 .F.,(4,1,4),(2,2),(0.,0.130988780606434,0.276528870218646),(0.,0.33),
 .UNSPECIFIED.);
#144=B_SPLINE_SURFACE_WITH_KNOTS('',3,1,((#10915,#10916),(#10917,#10918),
(#10919,#10920),(#10921,#10922),(#10923,#10924)),.UNSPECIFIED.,.F.,.F.,
 .F.,(4,1,4),(2,2),(0.,0.145629016023053,0.276469267874215),(0.,0.33),
 .UNSPECIFIED.);
#145=B_SPLINE_SURFACE_WITH_KNOTS('',3,1,((#10938,#10939),(#10940,#10941),
(#10942,#10943),(#10944,#10945),(#10946,#10947)),.UNSPECIFIED.,.F.,.F.,
 .F.,(4,1,4),(2,2),(0.,0.226804649477167,0.380971793860196),(0.,0.33),
 .UNSPECIFIED.);
#146=B_SPLINE_SURFACE_WITH_KNOTS('',3,1,((#10964,#10965),(#10966,#10967),
(#10968,#10969),(#10970,#10971),(#10972,#10973)),.UNSPECIFIED.,.F.,.F.,
 .F.,(4,1,4),(2,2),(0.,0.126042623905317,0.261662370293478),(0.,0.33),
 .UNSPECIFIED.);
#147=B_SPLINE_SURFACE_WITH_KNOTS('',3,1,((#10987,#10988),(#10989,#10990),
(#10991,#10992),(#10993,#10994),(#10995,#10996)),.UNSPECIFIED.,.F.,.F.,
 .F.,(4,1,4),(2,2),(0.,0.109488906913136,0.227219003963333),(0.,0.33),
 .UNSPECIFIED.);
#148=B_SPLINE_SURFACE_WITH_KNOTS('',3,1,((#11010,#11011),(#11012,#11013),
(#11014,#11015),(#11016,#11017),(#11018,#11019)),.UNSPECIFIED.,.F.,.F.,
 .F.,(4,1,4),(2,2),(0.,0.130042027145361,0.244460866598397),(0.,0.33),
 .UNSPECIFIED.);
#149=B_SPLINE_SURFACE_WITH_KNOTS('',3,1,((#11033,#11034),(#11035,#11036),
(#11037,#11038),(#11039,#11040),(#11041,#11042)),.UNSPECIFIED.,.F.,.F.,
 .F.,(4,1,4),(2,2),(0.,0.163749755859053,0.270702666076988),(0.,0.33),
 .UNSPECIFIED.);
#150=B_SPLINE_SURFACE_WITH_KNOTS('',3,1,((#11059,#11060),(#11061,#11062),
(#11063,#11064),(#11065,#11066),(#11067,#11068)),.UNSPECIFIED.,.F.,.F.,
 .F.,(4,1,4),(2,2),(0.,0.222925508127361,0.487460977018925),(0.,0.33),
 .UNSPECIFIED.);
#151=B_SPLINE_SURFACE_WITH_KNOTS('',3,1,((#11082,#11083),(#11084,#11085),
(#11086,#11087),(#11088,#11089),(#11090,#11091)),.UNSPECIFIED.,.F.,.F.,
 .F.,(4,1,4),(2,2),(0.,0.188546554081893,0.38069008958666),(0.,0.33),
 .UNSPECIFIED.);
#152=B_SPLINE_SURFACE_WITH_KNOTS('',3,1,((#11105,#11106),(#11107,#11108),
(#11109,#11110),(#11111,#11112),(#11113,#11114)),.UNSPECIFIED.,.F.,.F.,
 .F.,(4,1,4),(2,2),(0.,0.212800376562132,0.417263930794614),(0.,0.33),
 .UNSPECIFIED.);
#153=B_SPLINE_SURFACE_WITH_KNOTS('',3,1,((#11128,#11129),(#11130,#11131),
(#11132,#11133),(#11134,#11135),(#11136,#11137)),.UNSPECIFIED.,.F.,.F.,
 .F.,(4,1,4),(2,2),(0.,0.218326275294686,0.434629597183942),(0.,0.33),
 .UNSPECIFIED.);
#154=B_SPLINE_SURFACE_WITH_KNOTS('',3,1,((#11151,#11152),(#11153,#11154),
(#11155,#11156),(#11157,#11158),(#11159,#11160)),.UNSPECIFIED.,.F.,.F.,
 .F.,(4,1,4),(2,2),(0.,0.310607935607403,0.561799979994455),(0.,0.33),
 .UNSPECIFIED.);
#155=B_SPLINE_SURFACE_WITH_KNOTS('',3,1,((#11190,#11191),(#11192,#11193),
(#11194,#11195),(#11196,#11197),(#11198,#11199)),.UNSPECIFIED.,.F.,.F.,
 .F.,(4,1,4),(2,2),(0.,0.257516155717938,0.51728626473528),(0.,0.33),
 .UNSPECIFIED.);
#156=B_SPLINE_SURFACE_WITH_KNOTS('',3,1,((#11216,#11217),(#11218,#11219),
(#11220,#11221),(#11222,#11223),(#11224,#11225)),.UNSPECIFIED.,.F.,.F.,
 .F.,(4,1,4),(2,2),(0.,0.237372215919892,0.468729584164418),(0.,0.33),
 .UNSPECIFIED.);
#157=B_SPLINE_SURFACE_WITH_KNOTS('',3,1,((#11239,#11240),(#11241,#11242),
(#11243,#11244),(#11245,#11246),(#11247,#11248)),.UNSPECIFIED.,.F.,.F.,
 .F.,(4,1,4),(2,2),(0.,0.239659732487642,0.501740981649499),(0.,0.33),
 .UNSPECIFIED.);
#158=B_SPLINE_SURFACE_WITH_KNOTS('',3,1,((#11262,#11263),(#11264,#11265),
(#11266,#11267),(#11268,#11269),(#11270,#11271)),.UNSPECIFIED.,.F.,.F.,
 .F.,(4,1,4),(2,2),(0.,0.395980223078124,0.811196779981492),(0.,0.33),
 .UNSPECIFIED.);
#159=B_SPLINE_SURFACE_WITH_KNOTS('',3,1,((#11288,#11289),(#11290,#11291),
(#11292,#11293),(#11294,#11295),(#11296,#11297)),.UNSPECIFIED.,.F.,.F.,
 .F.,(4,1,4),(2,2),(0.,0.402863718540789,0.789499876522225),(0.,0.33),
 .UNSPECIFIED.);
#160=B_SPLINE_SURFACE_WITH_KNOTS('',3,1,((#11311,#11312),(#11313,#11314),
(#11315,#11316),(#11317,#11318),(#11319,#11320)),.UNSPECIFIED.,.F.,.F.,
 .F.,(4,1,4),(2,2),(0.,0.412851698995486,0.895648078049331),(0.,0.33),
 .UNSPECIFIED.);
#161=B_SPLINE_SURFACE_WITH_KNOTS('',3,1,((#11334,#11335),(#11336,#11337),
(#11338,#11339),(#11340,#11341),(#11342,#11343)),.UNSPECIFIED.,.F.,.F.,
 .F.,(4,1,4),(2,2),(0.,0.0409308405674319,0.0982500436606657),(0.,0.33),
 .UNSPECIFIED.);
#162=B_SPLINE_SURFACE_WITH_KNOTS('',3,1,((#11363,#11364),(#11365,#11366),
(#11367,#11368),(#11369,#11370),(#11371,#11372)),.UNSPECIFIED.,.F.,.F.,
 .F.,(4,1,4),(2,2),(0.,0.321974427291031,0.594057616497789),(0.,0.33),
 .UNSPECIFIED.);
#163=B_SPLINE_SURFACE_WITH_KNOTS('',3,1,((#11386,#11387),(#11388,#11389),
(#11390,#11391),(#11392,#11393),(#11394,#11395)),.UNSPECIFIED.,.F.,.F.,
 .F.,(4,1,4),(2,2),(0.,0.249500933650222,0.503652673374698),(0.,0.33),
 .UNSPECIFIED.);
#164=B_SPLINE_SURFACE_WITH_KNOTS('',3,1,((#11409,#11410),(#11411,#11412),
(#11413,#11414),(#11415,#11416),(#11417,#11418)),.UNSPECIFIED.,.F.,.F.,
 .F.,(4,1,4),(2,2),(0.,0.244511258990763,0.439069041766202),(0.,0.33),
 .UNSPECIFIED.);
#165=B_SPLINE_SURFACE_WITH_KNOTS('',3,1,((#11435,#11436),(#11437,#11438),
(#11439,#11440),(#11441,#11442),(#11443,#11444)),.UNSPECIFIED.,.F.,.F.,
 .F.,(4,1,4),(2,2),(0.,0.189630900230166,0.366717578029285),(0.,0.33),
 .UNSPECIFIED.);
#166=B_SPLINE_SURFACE_WITH_KNOTS('',3,1,((#11458,#11459),(#11460,#11461),
(#11462,#11463),(#11464,#11465),(#11466,#11467)),.UNSPECIFIED.,.F.,.F.,
 .F.,(4,1,4),(2,2),(0.,0.492130270445762,0.913487832972282),(0.,0.33),
 .UNSPECIFIED.);
#167=B_SPLINE_SURFACE_WITH_KNOTS('',3,1,((#11481,#11482),(#11483,#11484),
(#11485,#11486),(#11487,#11488),(#11489,#11490)),.UNSPECIFIED.,.F.,.F.,
 .F.,(4,1,4),(2,2),(0.,0.410266772637952,0.886340705424076),(0.,0.33),
 .UNSPECIFIED.);
#168=B_SPLINE_SURFACE_WITH_KNOTS('',3,1,((#11504,#11505),(#11506,#11507),
(#11508,#11509),(#11510,#11511),(#11512,#11513)),.UNSPECIFIED.,.F.,.F.,
 .F.,(4,1,4),(2,2),(0.,0.433697476605704,0.829362756863283),(0.,0.33),
 .UNSPECIFIED.);
#169=B_SPLINE_SURFACE_WITH_KNOTS('',3,1,((#11527,#11528),(#11529,#11530),
(#11531,#11532),(#11533,#11534),(#11535,#11536)),.UNSPECIFIED.,.F.,.F.,
 .F.,(4,1,4),(2,2),(0.,0.309786221257079,0.657662026404551),(0.,0.33),
 .UNSPECIFIED.);
#170=B_SPLINE_SURFACE_WITH_KNOTS('',3,1,((#11550,#11551),(#11552,#11553),
(#11554,#11555),(#11556,#11557),(#11558,#11559)),.UNSPECIFIED.,.F.,.F.,
 .F.,(4,1,4),(2,2),(0.,0.32285042458323,0.624774071535772),(0.,0.33),
 .UNSPECIFIED.);
#171=B_SPLINE_SURFACE_WITH_KNOTS('',3,1,((#11579,#11580),(#11581,#11582),
(#11583,#11584),(#11585,#11586),(#11587,#11588)),.UNSPECIFIED.,.F.,.F.,
 .F.,(4,1,4),(2,2),(0.,0.188599063116946,0.413052244979937),(0.,0.33),
 .UNSPECIFIED.);
#172=B_SPLINE_SURFACE_WITH_KNOTS('',3,1,((#11600,#11601),(#11602,#11603),
(#11604,#11605),(#11606,#11607),(#11608,#11609)),.UNSPECIFIED.,.F.,.F.,
 .F.,(4,1,4),(2,2),(0.,0.155871949145274,0.346495233408206),(0.,0.33),
 .UNSPECIFIED.);
#173=B_SPLINE_SURFACE_WITH_KNOTS('',3,1,((#11626,#11627),(#11628,#11629),
(#11630,#11631),(#11632,#11633),(#11634,#11635)),.UNSPECIFIED.,.F.,.F.,
 .F.,(4,1,4),(2,2),(0.,0.202400431792443,0.393165348309997),(0.,0.33),
 .UNSPECIFIED.);
#174=B_SPLINE_SURFACE_WITH_KNOTS('',3,1,((#11649,#11650),(#11651,#11652),
(#11653,#11654),(#11655,#11656),(#11657,#11658)),.UNSPECIFIED.,.F.,.F.,
 .F.,(4,1,4),(2,2),(0.,0.181166496133564,0.356780049598322),(0.,0.33),
 .UNSPECIFIED.);
#175=B_SPLINE_SURFACE_WITH_KNOTS('',3,1,((#11672,#11673),(#11674,#11675),
(#11676,#11677),(#11678,#11679),(#11680,#11681)),.UNSPECIFIED.,.F.,.F.,
 .F.,(4,1,4),(2,2),(0.,0.160785449005418,0.375146649131265),(0.,0.33),
 .UNSPECIFIED.);
#176=B_SPLINE_SURFACE_WITH_KNOTS('',3,1,((#11701,#11702),(#11703,#11704),
(#11705,#11706),(#11707,#11708),(#11709,#11710)),.UNSPECIFIED.,.F.,.F.,
 .F.,(4,1,4),(2,2),(0.,0.227014078442444,0.398985330952225),(0.,0.33),
 .UNSPECIFIED.);
#177=B_SPLINE_SURFACE_WITH_KNOTS('',3,1,((#11727,#11728),(#11729,#11730),
(#11731,#11732),(#11733,#11734),(#11735,#11736)),.UNSPECIFIED.,.F.,.F.,
 .F.,(4,1,4),(2,2),(0.,0.165833573616109,0.376041929357167),(0.,0.33),
 .UNSPECIFIED.);
#178=B_SPLINE_SURFACE_WITH_KNOTS('',3,1,((#11756,#11757),(#11758,#11759),
(#11760,#11761),(#11762,#11763),(#11764,#11765)),.UNSPECIFIED.,.F.,.F.,
 .F.,(4,1,4),(2,2),(0.,0.21885369616693,0.409647770943963),(0.,0.33),
 .UNSPECIFIED.);
#179=B_SPLINE_SURFACE_WITH_KNOTS('',3,1,((#11779,#11780),(#11781,#11782),
(#11783,#11784),(#11785,#11786),(#11787,#11788)),.UNSPECIFIED.,.F.,.F.,
 .F.,(4,1,4),(2,2),(0.,0.186488330423618,0.396063837317371),(0.,0.33),
 .UNSPECIFIED.);
#180=B_SPLINE_SURFACE_WITH_KNOTS('',3,1,((#11802,#11803),(#11804,#11805),
(#11806,#11807),(#11808,#11809),(#11810,#11811)),.UNSPECIFIED.,.F.,.F.,
 .F.,(4,1,4),(2,2),(0.,0.236807397549487,0.500977029943125),(0.,0.33),
 .UNSPECIFIED.);
#181=B_SPLINE_SURFACE_WITH_KNOTS('',3,1,((#11825,#11826),(#11827,#11828),
(#11829,#11830),(#11831,#11832),(#11833,#11834)),.UNSPECIFIED.,.F.,.F.,
 .F.,(4,1,4),(2,2),(0.,0.252748042139429,0.45872275092765),(0.,0.33),
 .UNSPECIFIED.);
#182=B_SPLINE_SURFACE_WITH_KNOTS('',3,1,((#11848,#11849),(#11850,#11851),
(#11852,#11853),(#11854,#11855),(#11856,#11857)),.UNSPECIFIED.,.F.,.F.,
 .F.,(4,1,4),(2,2),(0.,0.168053499005191,0.306781463370179),(0.,0.33),
 .UNSPECIFIED.);
#183=B_SPLINE_SURFACE_WITH_KNOTS('',3,1,((#11871,#11872),(#11873,#11874),
(#11875,#11876),(#11877,#11878),(#11879,#11880)),.UNSPECIFIED.,.F.,.F.,
 .F.,(4,1,4),(2,2),(0.,0.132103053698357,0.277628899106628),(0.,0.33),
 .UNSPECIFIED.);
#184=B_SPLINE_SURFACE_WITH_KNOTS('',3,1,((#11894,#11895),(#11896,#11897),
(#11898,#11899),(#11900,#11901),(#11902,#11903)),.UNSPECIFIED.,.F.,.F.,
 .F.,(4,1,4),(2,2),(0.,0.132712665005028,0.34047157373809),(0.,0.33),
 .UNSPECIFIED.);
#185=B_SPLINE_SURFACE_WITH_KNOTS('',3,1,((#11923,#11924),(#11925,#11926),
(#11927,#11928),(#11929,#11930),(#11931,#11932)),.UNSPECIFIED.,.F.,.F.,
 .F.,(4,1,4),(2,2),(0.,0.419294387307852,0.650443234298485),(0.,0.33),
 .UNSPECIFIED.);
#186=B_SPLINE_SURFACE_WITH_KNOTS('',3,1,((#11946,#11947),(#11948,#11949),
(#11950,#11951),(#11952,#11953),(#11954,#11955)),.UNSPECIFIED.,.F.,.F.,
 .F.,(4,1,4),(2,2),(0.,0.137801606402433,0.278031653890483),(0.,0.33),
 .UNSPECIFIED.);
#187=B_SPLINE_SURFACE_WITH_KNOTS('',3,1,((#11969,#11970),(#11971,#11972),
(#11973,#11974),(#11975,#11976),(#11977,#11978)),.UNSPECIFIED.,.F.,.F.,
 .F.,(4,1,4),(2,2),(0.,0.137909699808795,0.276502253524915),(0.,0.33),
 .UNSPECIFIED.);
#188=B_SPLINE_SURFACE_WITH_KNOTS('',3,1,((#11992,#11993),(#11994,#11995),
(#11996,#11997),(#11998,#11999),(#12000,#12001)),.UNSPECIFIED.,.F.,.F.,
 .F.,(4,1,4),(2,2),(0.,0.0915617715440811,0.184279813502937),(0.,0.33),
 .UNSPECIFIED.);
#189=B_SPLINE_SURFACE_WITH_KNOTS('',3,1,((#12015,#12016),(#12017,#12018),
(#12019,#12020),(#12021,#12022),(#12023,#12024)),.UNSPECIFIED.,.F.,.F.,
 .F.,(4,1,4),(2,2),(0.,0.0974336920305987,0.19037132703607),(0.,0.33),
 .UNSPECIFIED.);
#190=B_SPLINE_SURFACE_WITH_KNOTS('',3,1,((#12038,#12039),(#12040,#12041),
(#12042,#12043),(#12044,#12045),(#12046,#12047)),.UNSPECIFIED.,.F.,.F.,
 .F.,(4,1,4),(2,2),(0.,0.196991028304842,0.330180130028069),(0.,0.33),
 .UNSPECIFIED.);
#191=B_SPLINE_SURFACE_WITH_KNOTS('',3,1,((#12061,#12062),(#12063,#12064),
(#12065,#12066),(#12067,#12068),(#12069,#12070)),.UNSPECIFIED.,.F.,.F.,
 .F.,(4,1,4),(2,2),(0.,0.261866987245058,0.618509841411029),(0.,0.33),
 .UNSPECIFIED.);
#192=B_SPLINE_SURFACE_WITH_KNOTS('',3,1,((#12087,#12088),(#12089,#12090),
(#12091,#12092),(#12093,#12094),(#12095,#12096)),.UNSPECIFIED.,.F.,.F.,
 .F.,(4,1,4),(2,2),(0.,0.198890548062932,0.444909333800085),(0.,0.33),
 .UNSPECIFIED.);
#193=B_SPLINE_SURFACE_WITH_KNOTS('',3,1,((#12110,#12111),(#12112,#12113),
(#12114,#12115),(#12116,#12117),(#12118,#12119)),.UNSPECIFIED.,.F.,.F.,
 .F.,(4,1,4),(2,2),(0.,0.193614626482595,0.341388556697168),(0.,0.33),
 .UNSPECIFIED.);
#194=B_SPLINE_SURFACE_WITH_KNOTS('',3,1,((#12133,#12134),(#12135,#12136),
(#12137,#12138),(#12139,#12140),(#12141,#12142)),.UNSPECIFIED.,.F.,.F.,
 .F.,(4,1,4),(2,2),(0.,0.0619222535535277,0.0962030342486878),(0.,0.33),
 .UNSPECIFIED.);
#195=B_SPLINE_SURFACE_WITH_KNOTS('',3,1,((#12156,#12157),(#12158,#12159),
(#12160,#12161),(#12162,#12163),(#12164,#12165)),.UNSPECIFIED.,.F.,.F.,
 .F.,(4,1,4),(2,2),(0.,0.391645414573169,0.66983586243533),(0.,0.33),
 .UNSPECIFIED.);
#196=B_SPLINE_SURFACE_WITH_KNOTS('',3,1,((#12179,#12180),(#12181,#12182),
(#12183,#12184),(#12185,#12186),(#12187,#12188)),.UNSPECIFIED.,.F.,.F.,
 .F.,(4,1,4),(2,2),(0.,0.138963073486959,0.332211384747884),(0.,0.33),
 .UNSPECIFIED.);
#197=B_SPLINE_SURFACE_WITH_KNOTS('',3,1,((#12202,#12203),(#12204,#12205),
(#12206,#12207),(#12208,#12209),(#12210,#12211)),.UNSPECIFIED.,.F.,.F.,
 .F.,(4,1,4),(2,2),(0.,0.143382850458559,0.292189595106018),(0.,0.33),
 .UNSPECIFIED.);
#198=B_SPLINE_SURFACE_WITH_KNOTS('',3,1,((#12225,#12226),(#12227,#12228),
(#12229,#12230),(#12231,#12232),(#12233,#12234)),.UNSPECIFIED.,.F.,.F.,
 .F.,(4,1,4),(2,2),(0.,0.145560129885748,0.286788518718712),(0.,0.33),
 .UNSPECIFIED.);
#199=B_SPLINE_SURFACE_WITH_KNOTS('',3,1,((#12248,#12249),(#12250,#12251),
(#12252,#12253),(#12254,#12255),(#12256,#12257)),.UNSPECIFIED.,.F.,.F.,
 .F.,(4,1,4),(2,2),(0.,0.153787521539803,0.302990095693961),(0.,0.33),
 .UNSPECIFIED.);
#200=B_SPLINE_SURFACE_WITH_KNOTS('',3,1,((#12271,#12272),(#12273,#12274),
(#12275,#12276),(#12277,#12278),(#12279,#12280)),.UNSPECIFIED.,.F.,.F.,
 .F.,(4,1,4),(2,2),(0.,0.246010489069024,0.498501000499208),(0.,0.33),
 .UNSPECIFIED.);
#201=B_SPLINE_SURFACE_WITH_KNOTS('',3,1,((#12294,#12295),(#12296,#12297),
(#12298,#12299),(#12300,#12301),(#12302,#12303)),.UNSPECIFIED.,.F.,.F.,
 .F.,(4,1,4),(2,2),(0.,0.319684690425587,0.587792929557809),(0.,0.33),
 .UNSPECIFIED.);
#202=B_SPLINE_SURFACE_WITH_KNOTS('',3,1,((#12317,#12318),(#12319,#12320),
(#12321,#12322),(#12323,#12324),(#12325,#12326)),.UNSPECIFIED.,.F.,.F.,
 .F.,(4,1,4),(2,2),(0.,0.203418398401691,0.41418994441894),(0.,0.33),
 .UNSPECIFIED.);
#203=B_SPLINE_SURFACE_WITH_KNOTS('',3,1,((#12340,#12341),(#12342,#12343),
(#12344,#12345),(#12346,#12347),(#12348,#12349)),.UNSPECIFIED.,.F.,.F.,
 .F.,(4,1,4),(2,2),(0.,0.249665627154072,0.465875606157469),(0.,0.33),
 .UNSPECIFIED.);
#204=B_SPLINE_SURFACE_WITH_KNOTS('',3,1,((#12363,#12364),(#12365,#12366),
(#12367,#12368),(#12369,#12370),(#12371,#12372)),.UNSPECIFIED.,.F.,.F.,
 .F.,(4,1,4),(2,2),(0.,0.132929340488934,0.279128596781847),(0.,0.33),
 .UNSPECIFIED.);
#205=B_SPLINE_SURFACE_WITH_KNOTS('',3,1,((#12384,#12385),(#12386,#12387),
(#12388,#12389),(#12390,#12391),(#12392,#12393)),.UNSPECIFIED.,.F.,.F.,
 .F.,(4,1,4),(2,2),(0.,0.197704692801979,0.392062219579183),(0.,0.33),
 .UNSPECIFIED.);
#206=B_SPLINE_SURFACE_WITH_KNOTS('',3,1,((#12410,#12411),(#12412,#12413),
(#12414,#12415),(#12416,#12417),(#12418,#12419)),.UNSPECIFIED.,.F.,.F.,
 .F.,(4,1,4),(2,2),(0.,0.224235245715028,0.515058351047486),(0.,0.33),
 .UNSPECIFIED.);
#207=B_SPLINE_SURFACE_WITH_KNOTS('',3,1,((#12466,#12467),(#12468,#12469),
(#12470,#12471),(#12472,#12473),(#12474,#12475)),.UNSPECIFIED.,.F.,.F.,
 .F.,(4,1,4),(2,2),(0.,0.286336682776149,0.503065197958542),(0.,0.33),
 .UNSPECIFIED.);
#208=B_SPLINE_SURFACE_WITH_KNOTS('',3,1,((#12489,#12490),(#12491,#12492),
(#12493,#12494),(#12495,#12496),(#12497,#12498)),.UNSPECIFIED.,.F.,.F.,
 .F.,(4,1,4),(2,2),(0.,0.161874894814663,0.285217642356514),(0.,0.33),
 .UNSPECIFIED.);
#209=B_SPLINE_SURFACE_WITH_KNOTS('',3,1,((#12512,#12513),(#12514,#12515),
(#12516,#12517),(#12518,#12519),(#12520,#12521)),.UNSPECIFIED.,.F.,.F.,
 .F.,(4,1,4),(2,2),(0.,0.102095561094734,0.198600610457521),(0.,0.33),
 .UNSPECIFIED.);
#210=B_SPLINE_SURFACE_WITH_KNOTS('',3,1,((#12535,#12536),(#12537,#12538),
(#12539,#12540),(#12541,#12542),(#12543,#12544)),.UNSPECIFIED.,.F.,.F.,
 .F.,(4,1,4),(2,2),(0.,0.0896636142019026,0.221704046882322),(0.,0.33),
 .UNSPECIFIED.);
#211=B_SPLINE_SURFACE_WITH_KNOTS('',3,1,((#12576,#12577),(#12578,#12579),
(#12580,#12581),(#12582,#12583),(#12584,#12585)),.UNSPECIFIED.,.F.,.F.,
 .F.,(4,1,4),(2,2),(0.,0.142372001486265,0.28370906864838),(0.,0.33),
 .UNSPECIFIED.);
#212=B_SPLINE_SURFACE_WITH_KNOTS('',3,1,((#12599,#12600),(#12601,#12602),
(#12603,#12604),(#12605,#12606),(#12607,#12608)),.UNSPECIFIED.,.F.,.F.,
 .F.,(4,1,4),(2,2),(0.,0.153602332854982,0.298795674917321),(0.,0.33),
 .UNSPECIFIED.);
#213=B_SPLINE_SURFACE_WITH_KNOTS('',3,1,((#12622,#12623),(#12624,#12625),
(#12626,#12627),(#12628,#12629),(#12630,#12631)),.UNSPECIFIED.,.F.,.F.,
 .F.,(4,1,4),(2,2),(0.,0.242904261403061,0.430856055401882),(0.,0.33),
 .UNSPECIFIED.);
#214=B_SPLINE_SURFACE_WITH_KNOTS('',3,1,((#12648,#12649),(#12650,#12651),
(#12652,#12653),(#12654,#12655),(#12656,#12657)),.UNSPECIFIED.,.F.,.F.,
 .F.,(4,1,4),(2,2),(0.,0.246821740676224,0.518502907478279),(0.,0.33),
 .UNSPECIFIED.);
#215=B_SPLINE_SURFACE_WITH_KNOTS('',3,1,((#12671,#12672),(#12673,#12674),
(#12675,#12676),(#12677,#12678),(#12679,#12680)),.UNSPECIFIED.,.F.,.F.,
 .F.,(4,1,4),(2,2),(0.,0.157725996669011,0.282867624008791),(0.,0.33),
 .UNSPECIFIED.);
#216=B_SPLINE_SURFACE_WITH_KNOTS('',3,1,((#12694,#12695),(#12696,#12697),
(#12698,#12699),(#12700,#12701),(#12702,#12703)),.UNSPECIFIED.,.F.,.F.,
 .F.,(4,1,4),(2,2),(0.,0.318135631745814,0.706541965185306),(0.,0.33),
 .UNSPECIFIED.);
#217=B_SPLINE_SURFACE_WITH_KNOTS('',3,1,((#12717,#12718),(#12719,#12720),
(#12721,#12722),(#12723,#12724),(#12725,#12726)),.UNSPECIFIED.,.F.,.F.,
 .F.,(4,1,4),(2,2),(0.,0.298671490439151,0.587774587680199),(0.,0.33),
 .UNSPECIFIED.);
#218=B_SPLINE_SURFACE_WITH_KNOTS('',3,1,((#12740,#12741),(#12742,#12743),
(#12744,#12745),(#12746,#12747),(#12748,#12749)),.UNSPECIFIED.,.F.,.F.,
 .F.,(4,1,4),(2,2),(0.,0.234849984133621,0.473765888873095),(0.,0.33),
 .UNSPECIFIED.);
#219=B_SPLINE_SURFACE_WITH_KNOTS('',3,1,((#12763,#12764),(#12765,#12766),
(#12767,#12768),(#12769,#12770),(#12771,#12772)),.UNSPECIFIED.,.F.,.F.,
 .F.,(4,1,4),(2,2),(0.,0.218512854598265,0.445286332684139),(0.,0.33),
 .UNSPECIFIED.);
#220=B_SPLINE_SURFACE_WITH_KNOTS('',3,1,((#12786,#12787),(#12788,#12789),
(#12790,#12791),(#12792,#12793),(#12794,#12795)),.UNSPECIFIED.,.F.,.F.,
 .F.,(4,1,4),(2,2),(0.,0.353579302483802,0.61745904757491),(0.,0.33),
 .UNSPECIFIED.);
#221=FACE_BOUND('',#1172,.T.);
#222=FACE_BOUND('',#1173,.T.);
#223=FACE_BOUND('',#1174,.T.);
#224=FACE_BOUND('',#1175,.T.);
#225=FACE_BOUND('',#1176,.T.);
#226=FACE_BOUND('',#1177,.T.);
#227=FACE_BOUND('',#1216,.T.);
#228=FACE_BOUND('',#1241,.T.);
#229=FACE_BOUND('',#1274,.T.);
#230=FACE_BOUND('',#1312,.T.);
#231=FACE_BOUND('',#1351,.T.);
#232=FACE_BOUND('',#1386,.T.);
#233=FACE_BOUND('',#1387,.T.);
#234=FACE_BOUND('',#1409,.T.);
#235=FACE_BOUND('',#1448,.T.);
#236=FACE_BOUND('',#1477,.T.);
#237=FACE_BOUND('',#1479,.T.);
#238=FACE_BOUND('',#1480,.T.);
#239=FACE_BOUND('',#1481,.T.);
#240=FACE_BOUND('',#1482,.T.);
#241=FACE_BOUND('',#1483,.T.);
#242=FACE_BOUND('',#1484,.T.);
#243=FACE_BOUND('',#1485,.T.);
#244=FACE_BOUND('',#1486,.T.);
#245=FACE_BOUND('',#1487,.T.);
#246=FACE_BOUND('',#1488,.T.);
#247=FACE_BOUND('',#1489,.T.);
#248=FACE_BOUND('',#1509,.T.);
#249=FACE_BOUND('',#1512,.T.);
#250=FACE_BOUND('',#1515,.T.);
#251=FACE_BOUND('',#1518,.T.);
#252=FACE_BOUND('',#1521,.T.);
#253=FACE_BOUND('',#1524,.T.);
#254=B_SPLINE_CURVE_WITH_KNOTS('',3,(#7557,#7558,#7559,#7560,#7561,#7562),
 .UNSPECIFIED.,.F.,.F.,(4,2,4),(0.840170840149969,0.91722581679457,0.994280793439178),
 .UNSPECIFIED.);
#255=B_SPLINE_CURVE_WITH_KNOTS('',3,(#7563,#7564,#7565,#7566,#7567,#7568,
#7569,#7570,#7571,#7572,#7573,#7574,#7575,#7576),.UNSPECIFIED.,.F.,.F.,
(4,2,2,2,2,2,4),(0.8645537531019,0.8705092692484,0.997933330154215,1.12535739106003,
1.25278145196585,1.38020551287166,1.38616102901816),.UNSPECIFIED.);
#256=B_SPLINE_CURVE_WITH_KNOTS('',3,(#7577,#7578,#7579,#7580,#7581,#7582),
 .UNSPECIFIED.,.F.,.F.,(4,2,4),(0.840170840149963,0.91722581679457,0.994280793439184),
 .UNSPECIFIED.);
#257=B_SPLINE_CURVE_WITH_KNOTS('',3,(#7676,#7677,#7678,#7679,#7680,#7681,
#7682,#7683,#7684,#7685),.UNSPECIFIED.,.F.,.F.,(4,2,2,2,4),(0.892518848484901,
0.997933330154209,1.12535739106002,1.25278145196584,1.35819593363515),
 .UNSPECIFIED.);
#258=B_SPLINE_CURVE_WITH_KNOTS('',3,(#7746,#7747,#7748,#7749,#7750),
 .UNSPECIFIED.,.F.,.F.,(4,1,4),(0.,0.257515781529547,0.517286824003169),
 .UNSPECIFIED.);
#259=B_SPLINE_CURVE_WITH_KNOTS('',3,(#7754,#7755,#7756,#7757,#7758),
 .UNSPECIFIED.,.F.,.F.,(4,1,4),(0.,0.257515781529547,0.517286824003169),
 .UNSPECIFIED.);
#260=B_SPLINE_CURVE_WITH_KNOTS('',3,(#7771,#7772,#7773,#7774,#7775),
 .UNSPECIFIED.,.F.,.F.,(4,1,4),(0.,0.237372215919892,0.468728788072918),
 .UNSPECIFIED.);
#261=B_SPLINE_CURVE_WITH_KNOTS('',3,(#7777,#7778,#7779,#7780,#7781),
 .UNSPECIFIED.,.F.,.F.,(4,1,4),(0.,0.237372215919892,0.468728788072918),
 .UNSPECIFIED.);
#262=B_SPLINE_CURVE_WITH_KNOTS('',3,(#7794,#7795,#7796,#7797,#7798),
 .UNSPECIFIED.,.F.,.F.,(4,1,4),(0.,0.239659999684117,0.501741248845974),
 .UNSPECIFIED.);
#263=B_SPLINE_CURVE_WITH_KNOTS('',3,(#7800,#7801,#7802,#7803,#7804),
 .UNSPECIFIED.,.F.,.F.,(4,1,4),(0.,0.239659999684117,0.501741248845974),
 .UNSPECIFIED.);
#264=B_SPLINE_CURVE_WITH_KNOTS('',3,(#7818,#7819,#7820,#7821,#7822),
 .UNSPECIFIED.,.F.,.F.,(4,1,4),(0.,0.395980808951373,0.811196428170713),
 .UNSPECIFIED.);
#265=B_SPLINE_CURVE_WITH_KNOTS('',3,(#7826,#7827,#7828,#7829,#7830),
 .UNSPECIFIED.,.F.,.F.,(4,1,4),(0.,0.395980808951373,0.811196428170713),
 .UNSPECIFIED.);
#266=B_SPLINE_CURVE_WITH_KNOTS('',3,(#7843,#7844,#7845,#7846,#7847),
 .UNSPECIFIED.,.F.,.F.,(4,1,4),(0.,0.402864187224473,0.789499955278389),
 .UNSPECIFIED.);
#267=B_SPLINE_CURVE_WITH_KNOTS('',3,(#7849,#7850,#7851,#7852,#7853),
 .UNSPECIFIED.,.F.,.F.,(4,1,4),(0.,0.402864187224473,0.789499955278389),
 .UNSPECIFIED.);
#268=B_SPLINE_CURVE_WITH_KNOTS('',3,(#7866,#7867,#7868,#7869,#7870),
 .UNSPECIFIED.,.F.,.F.,(4,1,4),(0.,0.412851698995486,0.895648146262176),
 .UNSPECIFIED.);
#269=B_SPLINE_CURVE_WITH_KNOTS('',3,(#7872,#7873,#7874,#7875,#7876),
 .UNSPECIFIED.,.F.,.F.,(4,1,4),(0.,0.412851698995486,0.895648146262176),
 .UNSPECIFIED.);
#270=B_SPLINE_CURVE_WITH_KNOTS('',3,(#7889,#7890,#7891,#7892,#7893),
 .UNSPECIFIED.,.F.,.F.,(4,1,4),(0.,0.0409308465252438,0.0982500496184776),
 .UNSPECIFIED.);
#271=B_SPLINE_CURVE_WITH_KNOTS('',3,(#7895,#7896,#7897,#7898,#7899),
 .UNSPECIFIED.,.F.,.F.,(4,1,4),(0.,0.0409308465252438,0.0982500496184776),
 .UNSPECIFIED.);
#272=B_SPLINE_CURVE_WITH_KNOTS('',3,(#7918,#7919,#7920,#7921,#7922),
 .UNSPECIFIED.,.F.,.F.,(4,1,4),(0.,0.321974472371881,0.594057661578639),
 .UNSPECIFIED.);
#273=B_SPLINE_CURVE_WITH_KNOTS('',3,(#7924,#7925,#7926,#7927,#7928),
 .UNSPECIFIED.,.F.,.F.,(4,1,4),(0.,0.321974472371881,0.594057661578639),
 .UNSPECIFIED.);
#274=B_SPLINE_CURVE_WITH_KNOTS('',3,(#7941,#7942,#7943,#7944,#7945),
 .UNSPECIFIED.,.F.,.F.,(4,1,4),(0.,0.249499955902443,0.503651929830494),
 .UNSPECIFIED.);
#275=B_SPLINE_CURVE_WITH_KNOTS('',3,(#7947,#7948,#7949,#7950,#7951),
 .UNSPECIFIED.,.F.,.F.,(4,1,4),(0.,0.249499955902443,0.503651929830494),
 .UNSPECIFIED.);
#276=B_SPLINE_CURVE_WITH_KNOTS('',3,(#7964,#7965,#7966,#7967,#7968),
 .UNSPECIFIED.,.F.,.F.,(4,1,4),(0.,0.244511258990763,0.439069267460038),
 .UNSPECIFIED.);
#277=B_SPLINE_CURVE_WITH_KNOTS('',3,(#7971,#7972,#7973,#7974,#7975),
 .UNSPECIFIED.,.F.,.F.,(4,1,4),(0.,0.244511258990763,0.439069267460038),
 .UNSPECIFIED.);
#278=B_SPLINE_CURVE_WITH_KNOTS('',3,(#7990,#7991,#7992,#7993,#7994),
 .UNSPECIFIED.,.F.,.F.,(4,1,4),(0.,0.189631372351754,0.3667184758173),
 .UNSPECIFIED.);
#279=B_SPLINE_CURVE_WITH_KNOTS('',3,(#7996,#7997,#7998,#7999,#8000),
 .UNSPECIFIED.,.F.,.F.,(4,1,4),(0.,0.189631372351754,0.3667184758173),
 .UNSPECIFIED.);
#280=B_SPLINE_CURVE_WITH_KNOTS('',3,(#8013,#8014,#8015,#8016,#8017),
 .UNSPECIFIED.,.F.,.F.,(4,1,4),(0.,0.492130236242531,0.91348791861314),
 .UNSPECIFIED.);
#281=B_SPLINE_CURVE_WITH_KNOTS('',3,(#8020,#8021,#8022,#8023,#8024),
 .UNSPECIFIED.,.F.,.F.,(4,1,4),(0.,0.492130236242531,0.91348791861314),
 .UNSPECIFIED.);
#282=B_SPLINE_CURVE_WITH_KNOTS('',3,(#8036,#8037,#8038,#8039,#8040),
 .UNSPECIFIED.,.F.,.F.,(4,1,4),(0.,0.410266772637952,0.886340740396512),
 .UNSPECIFIED.);
#283=B_SPLINE_CURVE_WITH_KNOTS('',3,(#8043,#8044,#8045,#8046,#8047),
 .UNSPECIFIED.,.F.,.F.,(4,1,4),(0.,0.410266772637952,0.886340740396512),
 .UNSPECIFIED.);
#284=B_SPLINE_CURVE_WITH_KNOTS('',3,(#8059,#8060,#8061,#8062,#8063),
 .UNSPECIFIED.,.F.,.F.,(4,1,4),(0.,0.433697476605704,0.829362360728387),
 .UNSPECIFIED.);
#285=B_SPLINE_CURVE_WITH_KNOTS('',3,(#8066,#8067,#8068,#8069,#8070),
 .UNSPECIFIED.,.F.,.F.,(4,1,4),(0.,0.433697476605704,0.829362360728387),
 .UNSPECIFIED.);
#286=B_SPLINE_CURVE_WITH_KNOTS('',3,(#8082,#8083,#8084,#8085,#8086),
 .UNSPECIFIED.,.F.,.F.,(4,1,4),(0.,0.309785794446477,0.657662072235983),
 .UNSPECIFIED.);
#287=B_SPLINE_CURVE_WITH_KNOTS('',3,(#8089,#8090,#8091,#8092,#8093),
 .UNSPECIFIED.,.F.,.F.,(4,1,4),(0.,0.309785794446477,0.657662072235983),
 .UNSPECIFIED.);
#288=B_SPLINE_CURVE_WITH_KNOTS('',3,(#8105,#8106,#8107,#8108,#8109),
 .UNSPECIFIED.,.F.,.F.,(4,1,4),(0.,0.322850045267733,0.624774340219196),
 .UNSPECIFIED.);
#289=B_SPLINE_CURVE_WITH_KNOTS('',3,(#8112,#8113,#8114,#8115,#8116),
 .UNSPECIFIED.,.F.,.F.,(4,1,4),(0.,0.322850045267733,0.624774340219196),
 .UNSPECIFIED.);
#290=B_SPLINE_CURVE_WITH_KNOTS('',3,(#8133,#8134,#8135,#8136,#8137),
 .UNSPECIFIED.,.F.,.F.,(4,1,4),(0.,0.188598413790771,0.413051805416455),
 .UNSPECIFIED.);
#291=B_SPLINE_CURVE_WITH_KNOTS('',3,(#8138,#8139,#8140,#8141,#8142),
 .UNSPECIFIED.,.F.,.F.,(4,1,4),(0.,0.188598413790771,0.413051805416455),
 .UNSPECIFIED.);
#292=B_SPLINE_CURVE_WITH_KNOTS('',3,(#8156,#8157,#8158,#8159,#8160),
 .UNSPECIFIED.,.F.,.F.,(4,1,4),(0.,0.365736727451531,0.65458988785652),
 .UNSPECIFIED.);
#293=B_SPLINE_CURVE_WITH_KNOTS('',3,(#8164,#8165,#8166,#8167,#8168),
 .UNSPECIFIED.,.F.,.F.,(4,1,4),(0.,0.365736727451531,0.65458988785652),
 .UNSPECIFIED.);
#294=B_SPLINE_CURVE_WITH_KNOTS('',3,(#8181,#8182,#8183,#8184,#8185),
 .UNSPECIFIED.,.F.,.F.,(4,1,4),(0.,0.243280759796807,0.470001077568755),
 .UNSPECIFIED.);
#295=B_SPLINE_CURVE_WITH_KNOTS('',3,(#8187,#8188,#8189,#8190,#8191),
 .UNSPECIFIED.,.F.,.F.,(4,1,4),(0.,0.243280759796807,0.470001077568755),
 .UNSPECIFIED.);
#296=B_SPLINE_CURVE_WITH_KNOTS('',3,(#8204,#8205,#8206,#8207,#8208),
 .UNSPECIFIED.,.F.,.F.,(4,1,4),(0.,0.228494306439829,0.483670666199278),
 .UNSPECIFIED.);
#297=B_SPLINE_CURVE_WITH_KNOTS('',3,(#8210,#8211,#8212,#8213,#8214),
 .UNSPECIFIED.,.F.,.F.,(4,1,4),(0.,0.228494306439829,0.483670666199278),
 .UNSPECIFIED.);
#298=B_SPLINE_CURVE_WITH_KNOTS('',3,(#8227,#8228,#8229,#8230,#8231),
 .UNSPECIFIED.,.F.,.F.,(4,1,4),(0.,0.302121956692054,0.674513081891123),
 .UNSPECIFIED.);
#299=B_SPLINE_CURVE_WITH_KNOTS('',3,(#8233,#8234,#8235,#8236,#8237),
 .UNSPECIFIED.,.F.,.F.,(4,1,4),(0.,0.302121956692054,0.674513081891123),
 .UNSPECIFIED.);
#300=B_SPLINE_CURVE_WITH_KNOTS('',3,(#8251,#8252,#8253,#8254,#8255),
 .UNSPECIFIED.,.F.,.F.,(4,1,4),(0.,0.254325968635925,0.522084670070253),
 .UNSPECIFIED.);
#301=B_SPLINE_CURVE_WITH_KNOTS('',3,(#8259,#8260,#8261,#8262,#8263),
 .UNSPECIFIED.,.F.,.F.,(4,1,4),(0.,0.254325968635925,0.522084670070253),
 .UNSPECIFIED.);
#302=B_SPLINE_CURVE_WITH_KNOTS('',3,(#8276,#8277,#8278,#8279,#8280),
 .UNSPECIFIED.,.F.,.F.,(4,1,4),(0.,0.285290594625827,0.585036026555514),
 .UNSPECIFIED.);
#303=B_SPLINE_CURVE_WITH_KNOTS('',3,(#8282,#8283,#8284,#8285,#8286),
 .UNSPECIFIED.,.F.,.F.,(4,1,4),(0.,0.285290594625827,0.585036026555514),
 .UNSPECIFIED.);
#304=B_SPLINE_CURVE_WITH_KNOTS('',3,(#8299,#8300,#8301,#8302,#8303),
 .UNSPECIFIED.,.F.,.F.,(4,1,4),(0.,0.318343801182339,0.615893411438838),
 .UNSPECIFIED.);
#305=B_SPLINE_CURVE_WITH_KNOTS('',3,(#8305,#8306,#8307,#8308,#8309),
 .UNSPECIFIED.,.F.,.F.,(4,1,4),(0.,0.318343801182339,0.615893411438838),
 .UNSPECIFIED.);
#306=B_SPLINE_CURVE_WITH_KNOTS('',3,(#8322,#8323,#8324,#8325,#8326),
 .UNSPECIFIED.,.F.,.F.,(4,1,4),(0.,0.277815795435188,0.543338785753716),
 .UNSPECIFIED.);
#307=B_SPLINE_CURVE_WITH_KNOTS('',3,(#8328,#8329,#8330,#8331,#8332),
 .UNSPECIFIED.,.F.,.F.,(4,1,4),(0.,0.277815795435188,0.543338785753716),
 .UNSPECIFIED.);
#308=B_SPLINE_CURVE_WITH_KNOTS('',3,(#8345,#8346,#8347,#8348,#8349),
 .UNSPECIFIED.,.F.,.F.,(4,1,4),(0.,0.257215954553718,0.505596006517327),
 .UNSPECIFIED.);
#309=B_SPLINE_CURVE_WITH_KNOTS('',3,(#8351,#8352,#8353,#8354,#8355),
 .UNSPECIFIED.,.F.,.F.,(4,1,4),(0.,0.257215954553718,0.505596006517327),
 .UNSPECIFIED.);
#310=B_SPLINE_CURVE_WITH_KNOTS('',3,(#8368,#8369,#8370,#8371,#8372),
 .UNSPECIFIED.,.F.,.F.,(4,1,4),(0.,0.175788562370279,0.342128892448392),
 .UNSPECIFIED.);
#311=B_SPLINE_CURVE_WITH_KNOTS('',3,(#8374,#8375,#8376,#8377,#8378),
 .UNSPECIFIED.,.F.,.F.,(4,1,4),(0.,0.175788562370279,0.342128892448392),
 .UNSPECIFIED.);
#312=B_SPLINE_CURVE_WITH_KNOTS('',3,(#8391,#8392,#8393,#8394,#8395),
 .UNSPECIFIED.,.F.,.F.,(4,1,4),(0.,0.15970054067049,0.312181757584991),
 .UNSPECIFIED.);
#313=B_SPLINE_CURVE_WITH_KNOTS('',3,(#8397,#8398,#8399,#8400,#8401),
 .UNSPECIFIED.,.F.,.F.,(4,1,4),(0.,0.15970054067049,0.312181757584991),
 .UNSPECIFIED.);
#314=B_SPLINE_CURVE_WITH_KNOTS('',3,(#8414,#8415,#8416,#8417,#8418),
 .UNSPECIFIED.,.F.,.F.,(4,1,4),(0.,0.295488111259979,0.676841843491811),
 .UNSPECIFIED.);
#315=B_SPLINE_CURVE_WITH_KNOTS('',3,(#8421,#8422,#8423,#8424,#8425),
 .UNSPECIFIED.,.F.,.F.,(4,1,4),(0.,0.295488111259979,0.676841843491811),
 .UNSPECIFIED.);
#316=B_SPLINE_CURVE_WITH_KNOTS('',3,(#8437,#8438,#8439,#8440,#8441),
 .UNSPECIFIED.,.F.,.F.,(4,1,4),(0.,0.233756321962409,0.48148291284846),
 .UNSPECIFIED.);
#317=B_SPLINE_CURVE_WITH_KNOTS('',3,(#8444,#8445,#8446,#8447,#8448),
 .UNSPECIFIED.,.F.,.F.,(4,1,4),(0.,0.233756321962409,0.48148291284846),
 .UNSPECIFIED.);
#318=B_SPLINE_CURVE_WITH_KNOTS('',3,(#8460,#8461,#8462,#8463,#8464),
 .UNSPECIFIED.,.F.,.F.,(4,1,4),(0.,0.240572428905424,0.469693107329495),
 .UNSPECIFIED.);
#319=B_SPLINE_CURVE_WITH_KNOTS('',3,(#8467,#8468,#8469,#8470,#8471),
 .UNSPECIFIED.,.F.,.F.,(4,1,4),(0.,0.240572428905424,0.469693107329495),
 .UNSPECIFIED.);
#320=B_SPLINE_CURVE_WITH_KNOTS('',3,(#8482,#8483,#8484,#8485,#8486),
 .UNSPECIFIED.,.F.,.F.,(4,1,4),(0.,0.367231215336459,0.652536312703884),
 .UNSPECIFIED.);
#321=B_SPLINE_CURVE_WITH_KNOTS('',3,(#8487,#8488,#8489,#8490,#8491),
 .UNSPECIFIED.,.F.,.F.,(4,1,4),(0.,0.367231215336459,0.652536312703884),
 .UNSPECIFIED.);
#322=B_SPLINE_CURVE_WITH_KNOTS('',3,(#8509,#8510,#8511,#8512,#8513),
 .UNSPECIFIED.,.F.,.F.,(4,1,4),(0.,0.264373866405032,0.517500215389777),
 .UNSPECIFIED.);
#323=B_SPLINE_CURVE_WITH_KNOTS('',3,(#8516,#8517,#8518,#8519,#8520),
 .UNSPECIFIED.,.F.,.F.,(4,1,4),(0.,0.264373866405032,0.517500215389777),
 .UNSPECIFIED.);
#324=B_SPLINE_CURVE_WITH_KNOTS('',3,(#8532,#8533,#8534,#8535,#8536),
 .UNSPECIFIED.,.F.,.F.,(4,1,4),(0.,0.176549278846419,0.374600358087693),
 .UNSPECIFIED.);
#325=B_SPLINE_CURVE_WITH_KNOTS('',3,(#8539,#8540,#8541,#8542,#8543),
 .UNSPECIFIED.,.F.,.F.,(4,1,4),(0.,0.176549278846419,0.374600358087693),
 .UNSPECIFIED.);
#326=B_SPLINE_CURVE_WITH_KNOTS('',3,(#8555,#8556,#8557,#8558,#8559),
 .UNSPECIFIED.,.F.,.F.,(4,1,4),(0.,0.192364132935587,0.367905907022534),
 .UNSPECIFIED.);
#327=B_SPLINE_CURVE_WITH_KNOTS('',3,(#8562,#8563,#8564,#8565,#8566),
 .UNSPECIFIED.,.F.,.F.,(4,1,4),(0.,0.192364132935587,0.367905907022534),
 .UNSPECIFIED.);
#328=B_SPLINE_CURVE_WITH_KNOTS('',3,(#8601,#8602,#8603,#8604,#8605),
 .UNSPECIFIED.,.F.,.F.,(4,1,4),(0.,0.190086756958165,0.400653023760901),
 .UNSPECIFIED.);
#329=B_SPLINE_CURVE_WITH_KNOTS('',3,(#8609,#8610,#8611,#8612,#8613),
 .UNSPECIFIED.,.F.,.F.,(4,1,4),(0.,0.190086756958165,0.400653023760901),
 .UNSPECIFIED.);
#330=B_SPLINE_CURVE_WITH_KNOTS('',3,(#8632,#8633,#8634,#8635,#8636),
 .UNSPECIFIED.,.F.,.F.,(4,1,4),(0.,0.147730714401193,0.284257778412507),
 .UNSPECIFIED.);
#331=B_SPLINE_CURVE_WITH_KNOTS('',3,(#8638,#8639,#8640,#8641,#8642),
 .UNSPECIFIED.,.F.,.F.,(4,1,4),(0.,0.147730714401193,0.284257778412507),
 .UNSPECIFIED.);
#332=B_SPLINE_CURVE_WITH_KNOTS('',3,(#8655,#8656,#8657,#8658,#8659),
 .UNSPECIFIED.,.F.,.F.,(4,1,4),(0.,0.116028469867637,0.231949795087074),
 .UNSPECIFIED.);
#333=B_SPLINE_CURVE_WITH_KNOTS('',3,(#8661,#8662,#8663,#8664,#8665),
 .UNSPECIFIED.,.F.,.F.,(4,1,4),(0.,0.116028469867637,0.231949795087074),
 .UNSPECIFIED.);
#334=B_SPLINE_CURVE_WITH_KNOTS('',3,(#8678,#8679,#8680,#8681,#8682),
 .UNSPECIFIED.,.F.,.F.,(4,1,4),(0.,0.11959884753118,0.246830392935045),
 .UNSPECIFIED.);
#335=B_SPLINE_CURVE_WITH_KNOTS('',3,(#8684,#8685,#8686,#8687,#8688),
 .UNSPECIFIED.,.F.,.F.,(4,1,4),(0.,0.11959884753118,0.246830392935045),
 .UNSPECIFIED.);
#336=B_SPLINE_CURVE_WITH_KNOTS('',3,(#8701,#8702,#8703,#8704,#8705),
 .UNSPECIFIED.,.F.,.F.,(4,1,4),(0.,0.210752839764335,0.435357006853401),
 .UNSPECIFIED.);
#337=B_SPLINE_CURVE_WITH_KNOTS('',3,(#8707,#8708,#8709,#8710,#8711),
 .UNSPECIFIED.,.F.,.F.,(4,1,4),(0.,0.210752839764335,0.435357006853401),
 .UNSPECIFIED.);
#338=B_SPLINE_CURVE_WITH_KNOTS('',3,(#8730,#8731,#8732,#8733,#8734),
 .UNSPECIFIED.,.F.,.F.,(4,1,4),(0.,0.125611700077993,0.250527323315596),
 .UNSPECIFIED.);
#339=B_SPLINE_CURVE_WITH_KNOTS('',3,(#8737,#8738,#8739,#8740,#8741),
 .UNSPECIFIED.,.F.,.F.,(4,1,4),(0.,0.125611700077993,0.250527323315596),
 .UNSPECIFIED.);
#340=B_SPLINE_CURVE_WITH_KNOTS('',3,(#8753,#8754,#8755,#8756,#8757),
 .UNSPECIFIED.,.F.,.F.,(4,1,4),(0.,0.227362486640603,0.386715587878485),
 .UNSPECIFIED.);
#341=B_SPLINE_CURVE_WITH_KNOTS('',3,(#8760,#8761,#8762,#8763,#8764),
 .UNSPECIFIED.,.F.,.F.,(4,1,4),(0.,0.227362486640603,0.386715587878485),
 .UNSPECIFIED.);
#342=B_SPLINE_CURVE_WITH_KNOTS('',3,(#8799,#8800,#8801,#8802,#8803),
 .UNSPECIFIED.,.F.,.F.,(4,1,4),(0.,0.357226829098527,0.648250204605936),
 .UNSPECIFIED.);
#343=B_SPLINE_CURVE_WITH_KNOTS('',3,(#8807,#8808,#8809,#8810,#8811),
 .UNSPECIFIED.,.F.,.F.,(4,1,4),(0.,0.357226829098527,0.648250204605936),
 .UNSPECIFIED.);
#344=B_SPLINE_CURVE_WITH_KNOTS('',3,(#8824,#8825,#8826,#8827,#8828),
 .UNSPECIFIED.,.F.,.F.,(4,1,4),(0.,0.257797341177275,0.513049182083652),
 .UNSPECIFIED.);
#345=B_SPLINE_CURVE_WITH_KNOTS('',3,(#8830,#8831,#8832,#8833,#8834),
 .UNSPECIFIED.,.F.,.F.,(4,1,4),(0.,0.257797341177275,0.513049182083652),
 .UNSPECIFIED.);
#346=B_SPLINE_CURVE_WITH_KNOTS('',3,(#8847,#8848,#8849,#8850,#8851),
 .UNSPECIFIED.,.F.,.F.,(4,1,4),(0.,0.25795751093034,0.515495941540589),
 .UNSPECIFIED.);
#347=B_SPLINE_CURVE_WITH_KNOTS('',3,(#8853,#8854,#8855,#8856,#8857),
 .UNSPECIFIED.,.F.,.F.,(4,1,4),(0.,0.25795751093034,0.515495941540589),
 .UNSPECIFIED.);
#348=B_SPLINE_CURVE_WITH_KNOTS('',3,(#8870,#8871,#8872,#8873,#8874),
 .UNSPECIFIED.,.F.,.F.,(4,1,4),(0.,0.293147871386126,0.66074669904462),
 .UNSPECIFIED.);
#349=B_SPLINE_CURVE_WITH_KNOTS('',3,(#8876,#8877,#8878,#8879,#8880),
 .UNSPECIFIED.,.F.,.F.,(4,1,4),(0.,0.293147871386126,0.66074669904462),
 .UNSPECIFIED.);
#350=B_SPLINE_CURVE_WITH_KNOTS('',3,(#8894,#8895,#8896,#8897,#8898),
 .UNSPECIFIED.,.F.,.F.,(4,1,4),(0.,0.409615859279306,0.876775926255934),
 .UNSPECIFIED.);
#351=B_SPLINE_CURVE_WITH_KNOTS('',3,(#8902,#8903,#8904,#8905,#8906),
 .UNSPECIFIED.,.F.,.F.,(4,1,4),(0.,0.409615859279306,0.876775926255934),
 .UNSPECIFIED.);
#352=B_SPLINE_CURVE_WITH_KNOTS('',3,(#8919,#8920,#8921,#8922,#8923),
 .UNSPECIFIED.,.F.,.F.,(4,1,4),(0.,0.376062704437944,0.676491025194679),
 .UNSPECIFIED.);
#353=B_SPLINE_CURVE_WITH_KNOTS('',3,(#8925,#8926,#8927,#8928,#8929),
 .UNSPECIFIED.,.F.,.F.,(4,1,4),(0.,0.376062704437944,0.676491025194679),
 .UNSPECIFIED.);
#354=B_SPLINE_CURVE_WITH_KNOTS('',3,(#8942,#8943,#8944,#8945,#8946),
 .UNSPECIFIED.,.F.,.F.,(4,1,4),(0.,0.263614103853317,0.528979299993897),
 .UNSPECIFIED.);
#355=B_SPLINE_CURVE_WITH_KNOTS('',3,(#8948,#8949,#8950,#8951,#8952),
 .UNSPECIFIED.,.F.,.F.,(4,1,4),(0.,0.263614103853317,0.528979299993897),
 .UNSPECIFIED.);
#356=B_SPLINE_CURVE_WITH_KNOTS('',3,(#8965,#8966,#8967,#8968,#8969),
 .UNSPECIFIED.,.F.,.F.,(4,1,4),(0.,0.270516631423326,0.545978223037679),
 .UNSPECIFIED.);
#357=B_SPLINE_CURVE_WITH_KNOTS('',3,(#8971,#8972,#8973,#8974,#8975),
 .UNSPECIFIED.,.F.,.F.,(4,1,4),(0.,0.270516631423326,0.545978223037679),
 .UNSPECIFIED.);
#358=B_SPLINE_CURVE_WITH_KNOTS('',3,(#8988,#8989,#8990,#8991,#8992),
 .UNSPECIFIED.,.F.,.F.,(4,1,4),(0.,0.296776541519177,0.672499089889626),
 .UNSPECIFIED.);
#359=B_SPLINE_CURVE_WITH_KNOTS('',3,(#8995,#8996,#8997,#8998,#8999),
 .UNSPECIFIED.,.F.,.F.,(4,1,4),(0.,0.296776541519177,0.672499089889626),
 .UNSPECIFIED.);
#360=B_SPLINE_CURVE_WITH_KNOTS('',3,(#9011,#9012,#9013,#9014,#9015),
 .UNSPECIFIED.,.F.,.F.,(4,1,4),(0.,0.256556976419889,0.514613842367692),
 .UNSPECIFIED.);
#361=B_SPLINE_CURVE_WITH_KNOTS('',3,(#9018,#9019,#9020,#9021,#9022),
 .UNSPECIFIED.,.F.,.F.,(4,1,4),(0.,0.256556976419889,0.514613842367692),
 .UNSPECIFIED.);
#362=B_SPLINE_CURVE_WITH_KNOTS('',3,(#9034,#9035,#9036,#9037,#9038),
 .UNSPECIFIED.,.F.,.F.,(4,1,4),(0.,0.258000958652838,0.516009835053809),
 .UNSPECIFIED.);
#363=B_SPLINE_CURVE_WITH_KNOTS('',3,(#9041,#9042,#9043,#9044,#9045),
 .UNSPECIFIED.,.F.,.F.,(4,1,4),(0.,0.258000958652838,0.516009835053809),
 .UNSPECIFIED.);
#364=B_SPLINE_CURVE_WITH_KNOTS('',3,(#9056,#9057,#9058,#9059,#9060),
 .UNSPECIFIED.,.F.,.F.,(4,1,4),(0.,0.367852682119792,0.661679833059937),
 .UNSPECIFIED.);
#365=B_SPLINE_CURVE_WITH_KNOTS('',3,(#9061,#9062,#9063,#9064,#9065),
 .UNSPECIFIED.,.F.,.F.,(4,1,4),(0.,0.367852682119792,0.661679833059937),
 .UNSPECIFIED.);
#366=B_SPLINE_CURVE_WITH_KNOTS('',3,(#9077,#9078,#9079,#9080,#9081),
 .UNSPECIFIED.,.F.,.F.,(4,1,4),(0.,0.419038995078162,0.811303651605242),
 .UNSPECIFIED.);
#367=B_SPLINE_CURVE_WITH_KNOTS('',3,(#9083,#9084,#9085,#9086,#9087),
 .UNSPECIFIED.,.F.,.F.,(4,1,4),(0.,0.419038995078162,0.811303651605242),
 .UNSPECIFIED.);
#368=B_SPLINE_CURVE_WITH_KNOTS('',3,(#9100,#9101,#9102,#9103,#9104),
 .UNSPECIFIED.,.F.,.F.,(4,1,4),(0.,0.41379486563078,0.806701071200252),
 .UNSPECIFIED.);
#369=B_SPLINE_CURVE_WITH_KNOTS('',3,(#9107,#9108,#9109,#9110,#9111),
 .UNSPECIFIED.,.F.,.F.,(4,1,4),(0.,0.41379486563078,0.806701071200252),
 .UNSPECIFIED.);
#370=B_SPLINE_CURVE_WITH_KNOTS('',3,(#9123,#9124,#9125,#9126,#9127),
 .UNSPECIFIED.,.F.,.F.,(4,1,4),(0.,0.359932537147115,0.737235542440389),
 .UNSPECIFIED.);
#371=B_SPLINE_CURVE_WITH_KNOTS('',3,(#9130,#9131,#9132,#9133,#9134),
 .UNSPECIFIED.,.F.,.F.,(4,1,4),(0.,0.359932537147115,0.737235542440389),
 .UNSPECIFIED.);
#372=B_SPLINE_CURVE_WITH_KNOTS('',3,(#9146,#9147,#9148,#9149,#9150),
 .UNSPECIFIED.,.F.,.F.,(4,1,4),(0.,0.532066213963287,0.978624049254049),
 .UNSPECIFIED.);
#373=B_SPLINE_CURVE_WITH_KNOTS('',3,(#9153,#9154,#9155,#9156,#9157),
 .UNSPECIFIED.,.F.,.F.,(4,1,4),(0.,0.532066213963287,0.978624049254049),
 .UNSPECIFIED.);
#374=B_SPLINE_CURVE_WITH_KNOTS('',3,(#9168,#9169,#9170,#9171,#9172),
 .UNSPECIFIED.,.F.,.F.,(4,1,4),(0.,0.414790551444287,0.90587122360351),
 .UNSPECIFIED.);
#375=B_SPLINE_CURVE_WITH_KNOTS('',3,(#9173,#9174,#9175,#9176,#9177),
 .UNSPECIFIED.,.F.,.F.,(4,1,4),(0.,0.414790551444287,0.90587122360351),
 .UNSPECIFIED.);
#376=B_SPLINE_CURVE_WITH_KNOTS('',3,(#9191,#9192,#9193,#9194,#9195),
 .UNSPECIFIED.,.F.,.F.,(4,1,4),(0.,0.190085814974724,0.40065208177746),
 .UNSPECIFIED.);
#377=B_SPLINE_CURVE_WITH_KNOTS('',3,(#9199,#9200,#9201,#9202,#9203),
 .UNSPECIFIED.,.F.,.F.,(4,1,4),(0.,0.190085814974724,0.40065208177746),
 .UNSPECIFIED.);
#378=B_SPLINE_CURVE_WITH_KNOTS('',3,(#9222,#9223,#9224,#9225,#9226),
 .UNSPECIFIED.,.F.,.F.,(4,1,4),(0.,0.147730714401193,0.284257778412507),
 .UNSPECIFIED.);
#379=B_SPLINE_CURVE_WITH_KNOTS('',3,(#9228,#9229,#9230,#9231,#9232),
 .UNSPECIFIED.,.F.,.F.,(4,1,4),(0.,0.147730714401193,0.284257778412507),
 .UNSPECIFIED.);
#380=B_SPLINE_CURVE_WITH_KNOTS('',3,(#9245,#9246,#9247,#9248,#9249),
 .UNSPECIFIED.,.F.,.F.,(4,1,4),(0.,0.116027527948642,0.231949694936212),
 .UNSPECIFIED.);
#381=B_SPLINE_CURVE_WITH_KNOTS('',3,(#9251,#9252,#9253,#9254,#9255),
 .UNSPECIFIED.,.F.,.F.,(4,1,4),(0.,0.116027527948642,0.231949694936212),
 .UNSPECIFIED.);
#382=B_SPLINE_CURVE_WITH_KNOTS('',3,(#9268,#9269,#9270,#9271,#9272),
 .UNSPECIFIED.,.F.,.F.,(4,1,4),(0.,0.11959884753118,0.246830392935045),
 .UNSPECIFIED.);
#383=B_SPLINE_CURVE_WITH_KNOTS('',3,(#9274,#9275,#9276,#9277,#9278),
 .UNSPECIFIED.,.F.,.F.,(4,1,4),(0.,0.11959884753118,0.246830392935045),
 .UNSPECIFIED.);
#384=B_SPLINE_CURVE_WITH_KNOTS('',3,(#9291,#9292,#9293,#9294,#9295),
 .UNSPECIFIED.,.F.,.F.,(4,1,4),(0.,0.210752839764335,0.435357006853401),
 .UNSPECIFIED.);
#385=B_SPLINE_CURVE_WITH_KNOTS('',3,(#9297,#9298,#9299,#9300,#9301),
 .UNSPECIFIED.,.F.,.F.,(4,1,4),(0.,0.210752839764335,0.435357006853401),
 .UNSPECIFIED.);
#386=B_SPLINE_CURVE_WITH_KNOTS('',3,(#9320,#9321,#9322,#9323,#9324),
 .UNSPECIFIED.,.F.,.F.,(4,1,4),(0.,0.125612556538718,0.250528179776321),
 .UNSPECIFIED.);
#387=B_SPLINE_CURVE_WITH_KNOTS('',3,(#9327,#9328,#9329,#9330,#9331),
 .UNSPECIFIED.,.F.,.F.,(4,1,4),(0.,0.125612556538718,0.250528179776321),
 .UNSPECIFIED.);
#388=B_SPLINE_CURVE_WITH_KNOTS('',3,(#9343,#9344,#9345,#9346,#9347),
 .UNSPECIFIED.,.F.,.F.,(4,1,4),(0.,0.227361974844842,0.386715076082724),
 .UNSPECIFIED.);
#389=B_SPLINE_CURVE_WITH_KNOTS('',3,(#9350,#9351,#9352,#9353,#9354),
 .UNSPECIFIED.,.F.,.F.,(4,1,4),(0.,0.227361974844842,0.386715076082724),
 .UNSPECIFIED.);
#390=B_SPLINE_CURVE_WITH_KNOTS('',3,(#9389,#9390,#9391,#9392,#9393),
 .UNSPECIFIED.,.F.,.F.,(4,1,4),(0.,0.389147078039036,0.686612575697994),
 .UNSPECIFIED.);
#391=B_SPLINE_CURVE_WITH_KNOTS('',3,(#9397,#9398,#9399,#9400,#9401),
 .UNSPECIFIED.,.F.,.F.,(4,1,4),(0.,0.389147078039036,0.686612575697994),
 .UNSPECIFIED.);
#392=B_SPLINE_CURVE_WITH_KNOTS('',3,(#9414,#9415,#9416,#9417,#9418),
 .UNSPECIFIED.,.F.,.F.,(4,1,4),(0.,0.247615307074075,0.485169967794277),
 .UNSPECIFIED.);
#393=B_SPLINE_CURVE_WITH_KNOTS('',3,(#9420,#9421,#9422,#9423,#9424),
 .UNSPECIFIED.,.F.,.F.,(4,1,4),(0.,0.247615307074075,0.485169967794277),
 .UNSPECIFIED.);
#394=B_SPLINE_CURVE_WITH_KNOTS('',3,(#9437,#9438,#9439,#9440,#9441),
 .UNSPECIFIED.,.F.,.F.,(4,1,4),(0.,0.230866770780527,0.469250083916992),
 .UNSPECIFIED.);
#395=B_SPLINE_CURVE_WITH_KNOTS('',3,(#9443,#9444,#9445,#9446,#9447),
 .UNSPECIFIED.,.F.,.F.,(4,1,4),(0.,0.230866770780527,0.469250083916992),
 .UNSPECIFIED.);
#396=B_SPLINE_CURVE_WITH_KNOTS('',3,(#9460,#9461,#9462,#9463,#9464),
 .UNSPECIFIED.,.F.,.F.,(4,1,4),(0.,0.286378380031488,0.662615879572787),
 .UNSPECIFIED.);
#397=B_SPLINE_CURVE_WITH_KNOTS('',3,(#9466,#9467,#9468,#9469,#9470),
 .UNSPECIFIED.,.F.,.F.,(4,1,4),(0.,0.286378380031488,0.662615879572787),
 .UNSPECIFIED.);
#398=B_SPLINE_CURVE_WITH_KNOTS('',3,(#9484,#9485,#9486,#9487,#9488),
 .UNSPECIFIED.,.F.,.F.,(4,1,4),(0.,0.270485260791776,0.526729654602429),
 .UNSPECIFIED.);
#399=B_SPLINE_CURVE_WITH_KNOTS('',3,(#9492,#9493,#9494,#9495,#9496),
 .UNSPECIFIED.,.F.,.F.,(4,1,4),(0.,0.270485260791776,0.526729654602429),
 .UNSPECIFIED.);
#400=B_SPLINE_CURVE_WITH_KNOTS('',3,(#9509,#9510,#9511,#9512,#9513),
 .UNSPECIFIED.,.F.,.F.,(4,1,4),(0.,0.252941950492058,0.510658165283651),
 .UNSPECIFIED.);
#401=B_SPLINE_CURVE_WITH_KNOTS('',3,(#9515,#9516,#9517,#9518,#9519),
 .UNSPECIFIED.,.F.,.F.,(4,1,4),(0.,0.252941950492058,0.510658165283651),
 .UNSPECIFIED.);
#402=B_SPLINE_CURVE_WITH_KNOTS('',3,(#9532,#9533,#9534,#9535,#9536),
 .UNSPECIFIED.,.F.,.F.,(4,1,4),(0.,0.186861262421456,0.362454114754953),
 .UNSPECIFIED.);
#403=B_SPLINE_CURVE_WITH_KNOTS('',3,(#9538,#9539,#9540,#9541,#9542),
 .UNSPECIFIED.,.F.,.F.,(4,1,4),(0.,0.186861262421456,0.362454114754953),
 .UNSPECIFIED.);
#404=B_SPLINE_CURVE_WITH_KNOTS('',3,(#9555,#9556,#9557,#9558,#9559),
 .UNSPECIFIED.,.F.,.F.,(4,1,4),(0.,0.168723281819988,0.332206655053404),
 .UNSPECIFIED.);
#405=B_SPLINE_CURVE_WITH_KNOTS('',3,(#9561,#9562,#9563,#9564,#9565),
 .UNSPECIFIED.,.F.,.F.,(4,1,4),(0.,0.168723281819988,0.332206655053404),
 .UNSPECIFIED.);
#406=B_SPLINE_CURVE_WITH_KNOTS('',3,(#9590,#9591,#9592,#9593,#9594),
 .UNSPECIFIED.,.F.,.F.,(4,1,4),(0.,0.279704187095692,0.635473489729768),
 .UNSPECIFIED.);
#407=B_SPLINE_CURVE_WITH_KNOTS('',3,(#9597,#9598,#9599,#9600,#9601),
 .UNSPECIFIED.,.F.,.F.,(4,1,4),(0.,0.279704187095692,0.635473489729768),
 .UNSPECIFIED.);
#408=B_SPLINE_CURVE_WITH_KNOTS('',3,(#9613,#9614,#9615,#9616,#9617),
 .UNSPECIFIED.,.F.,.F.,(4,1,4),(0.,0.228704450877356,0.467242752967613),
 .UNSPECIFIED.);
#409=B_SPLINE_CURVE_WITH_KNOTS('',3,(#9620,#9621,#9622,#9623,#9624),
 .UNSPECIFIED.,.F.,.F.,(4,1,4),(0.,0.228704450877356,0.467242752967613),
 .UNSPECIFIED.);
#410=B_SPLINE_CURVE_WITH_KNOTS('',3,(#9636,#9637,#9638,#9639,#9640),
 .UNSPECIFIED.,.F.,.F.,(4,1,4),(0.,0.246647973511637,0.476107504214108),
 .UNSPECIFIED.);
#411=B_SPLINE_CURVE_WITH_KNOTS('',3,(#9643,#9644,#9645,#9646,#9647),
 .UNSPECIFIED.,.F.,.F.,(4,1,4),(0.,0.246647973511637,0.476107504214108),
 .UNSPECIFIED.);
#412=B_SPLINE_CURVE_WITH_KNOTS('',3,(#9658,#9659,#9660,#9661,#9662),
 .UNSPECIFIED.,.F.,.F.,(4,1,4),(0.,0.367411804125402,0.658443837055559),
 .UNSPECIFIED.);
#413=B_SPLINE_CURVE_WITH_KNOTS('',3,(#9663,#9664,#9665,#9666,#9667),
 .UNSPECIFIED.,.F.,.F.,(4,1,4),(0.,0.367411804125402,0.658443837055559),
 .UNSPECIFIED.);
#414=B_SPLINE_CURVE_WITH_KNOTS('',3,(#9685,#9686,#9687,#9688,#9689),
 .UNSPECIFIED.,.F.,.F.,(4,1,4),(0.,0.311465514863724,0.603137157160746),
 .UNSPECIFIED.);
#415=B_SPLINE_CURVE_WITH_KNOTS('',3,(#9692,#9693,#9694,#9695,#9696),
 .UNSPECIFIED.,.F.,.F.,(4,1,4),(0.,0.311465514863724,0.603137157160746),
 .UNSPECIFIED.);
#416=B_SPLINE_CURVE_WITH_KNOTS('',3,(#9708,#9709,#9710,#9711,#9712),
 .UNSPECIFIED.,.F.,.F.,(4,1,4),(0.,0.290242506946629,0.606039735998284),
 .UNSPECIFIED.);
#417=B_SPLINE_CURVE_WITH_KNOTS('',3,(#9715,#9716,#9717,#9718,#9719),
 .UNSPECIFIED.,.F.,.F.,(4,1,4),(0.,0.290242506946629,0.606039735998284),
 .UNSPECIFIED.);
#418=B_SPLINE_CURVE_WITH_KNOTS('',3,(#9731,#9732,#9733,#9734,#9735),
 .UNSPECIFIED.,.F.,.F.,(4,1,4),(0.,0.258567764779127,0.528740762260816),
 .UNSPECIFIED.);
#419=B_SPLINE_CURVE_WITH_KNOTS('',3,(#9738,#9739,#9740,#9741,#9742),
 .UNSPECIFIED.,.F.,.F.,(4,1,4),(0.,0.258567764779127,0.528740762260816),
 .UNSPECIFIED.);
#420=B_SPLINE_CURVE_WITH_KNOTS('',3,(#9754,#9755,#9756,#9757,#9758),
 .UNSPECIFIED.,.F.,.F.,(4,1,4),(0.,0.251960972238923,0.504392403369513),
 .UNSPECIFIED.);
#421=B_SPLINE_CURVE_WITH_KNOTS('',3,(#9761,#9762,#9763,#9764,#9765),
 .UNSPECIFIED.,.F.,.F.,(4,1,4),(0.,0.251960972238923,0.504392403369513),
 .UNSPECIFIED.);
#422=B_SPLINE_CURVE_WITH_KNOTS('',3,(#9777,#9778,#9779,#9780,#9781),
 .UNSPECIFIED.,.F.,.F.,(4,1,4),(0.,0.352102381801687,0.713741261038664),
 .UNSPECIFIED.);
#423=B_SPLINE_CURVE_WITH_KNOTS('',3,(#9784,#9785,#9786,#9787,#9788),
 .UNSPECIFIED.,.F.,.F.,(4,1,4),(0.,0.352102381801687,0.713741261038664),
 .UNSPECIFIED.);
#424=B_SPLINE_CURVE_WITH_KNOTS('',3,(#9811,#9812,#9813,#9814,#9815),
 .UNSPECIFIED.,.F.,.F.,(4,1,4),(0.,0.155871528927321,0.346493394598431),
 .UNSPECIFIED.);
#425=B_SPLINE_CURVE_WITH_KNOTS('',3,(#9819,#9820,#9821,#9822,#9823),
 .UNSPECIFIED.,.F.,.F.,(4,1,4),(0.,0.155871528927321,0.346493394598431),
 .UNSPECIFIED.);
#426=B_SPLINE_CURVE_WITH_KNOTS('',3,(#9836,#9837,#9838,#9839,#9840),
 .UNSPECIFIED.,.F.,.F.,(4,1,4),(0.,0.202400431792443,0.393166235788545),
 .UNSPECIFIED.);
#427=B_SPLINE_CURVE_WITH_KNOTS('',3,(#9842,#9843,#9844,#9845,#9846),
 .UNSPECIFIED.,.F.,.F.,(4,1,4),(0.,0.202400431792443,0.393166235788545),
 .UNSPECIFIED.);
#428=B_SPLINE_CURVE_WITH_KNOTS('',3,(#9859,#9860,#9861,#9862,#9863),
 .UNSPECIFIED.,.F.,.F.,(4,1,4),(0.,0.181166874511142,0.356779615343533),
 .UNSPECIFIED.);
#429=B_SPLINE_CURVE_WITH_KNOTS('',3,(#9865,#9866,#9867,#9868,#9869),
 .UNSPECIFIED.,.F.,.F.,(4,1,4),(0.,0.181166874511142,0.356779615343533),
 .UNSPECIFIED.);
#430=B_SPLINE_CURVE_WITH_KNOTS('',3,(#9882,#9883,#9884,#9885,#9886),
 .UNSPECIFIED.,.F.,.F.,(4,1,4),(0.,0.16078518501009,0.375146451143506),
 .UNSPECIFIED.);
#431=B_SPLINE_CURVE_WITH_KNOTS('',3,(#9888,#9889,#9890,#9891,#9892),
 .UNSPECIFIED.,.F.,.F.,(4,1,4),(0.,0.16078518501009,0.375146451143506),
 .UNSPECIFIED.);
#432=B_SPLINE_CURVE_WITH_KNOTS('',3,(#9912,#9913,#9914,#9915,#9916),
 .UNSPECIFIED.,.F.,.F.,(4,1,4),(0.,0.227014552875776,0.398985805385558),
 .UNSPECIFIED.);
#433=B_SPLINE_CURVE_WITH_KNOTS('',3,(#9920,#9921,#9922,#9923,#9924),
 .UNSPECIFIED.,.F.,.F.,(4,1,4),(0.,0.227014552875776,0.398985805385558),
 .UNSPECIFIED.);
#434=B_SPLINE_CURVE_WITH_KNOTS('',3,(#9937,#9938,#9939,#9940,#9941),
 .UNSPECIFIED.,.F.,.F.,(4,1,4),(0.,0.16583326396143,0.376041619702489),
 .UNSPECIFIED.);
#435=B_SPLINE_CURVE_WITH_KNOTS('',3,(#9943,#9944,#9945,#9946,#9947),
 .UNSPECIFIED.,.F.,.F.,(4,1,4),(0.,0.16583326396143,0.376041619702489),
 .UNSPECIFIED.);
#436=B_SPLINE_CURVE_WITH_KNOTS('',3,(#9966,#9967,#9968,#9969,#9970),
 .UNSPECIFIED.,.F.,.F.,(4,1,4),(0.,0.218853413043771,0.409647246167245),
 .UNSPECIFIED.);
#437=B_SPLINE_CURVE_WITH_KNOTS('',3,(#9972,#9973,#9974,#9975,#9976),
 .UNSPECIFIED.,.F.,.F.,(4,1,4),(0.,0.218853413043771,0.409647246167245),
 .UNSPECIFIED.);
#438=B_SPLINE_CURVE_WITH_KNOTS('',3,(#9989,#9990,#9991,#9992,#9993),
 .UNSPECIFIED.,.F.,.F.,(4,1,4),(0.,0.186489737955524,0.39606481765697),
 .UNSPECIFIED.);
#439=B_SPLINE_CURVE_WITH_KNOTS('',3,(#9995,#9996,#9997,#9998,#9999),
 .UNSPECIFIED.,.F.,.F.,(4,1,4),(0.,0.186489737955524,0.39606481765697),
 .UNSPECIFIED.);
#440=B_SPLINE_CURVE_WITH_KNOTS('',3,(#10012,#10013,#10014,#10015,#10016),
 .UNSPECIFIED.,.F.,.F.,(4,1,4),(0.,0.236806472471061,0.500975629286654),
 .UNSPECIFIED.);
#441=B_SPLINE_CURVE_WITH_KNOTS('',3,(#10018,#10019,#10020,#10021,#10022),
 .UNSPECIFIED.,.F.,.F.,(4,1,4),(0.,0.236806472471061,0.500975629286654),
 .UNSPECIFIED.);
#442=B_SPLINE_CURVE_WITH_KNOTS('',3,(#10035,#10036,#10037,#10038,#10039),
 .UNSPECIFIED.,.F.,.F.,(4,1,4),(0.,0.252747090467755,0.458723188506688),
 .UNSPECIFIED.);
#443=B_SPLINE_CURVE_WITH_KNOTS('',3,(#10041,#10042,#10043,#10044,#10045),
 .UNSPECIFIED.,.F.,.F.,(4,1,4),(0.,0.252747090467755,0.458723188506688),
 .UNSPECIFIED.);
#444=B_SPLINE_CURVE_WITH_KNOTS('',3,(#10058,#10059,#10060,#10061,#10062),
 .UNSPECIFIED.,.F.,.F.,(4,1,4),(0.,0.168053927228779,0.306781891593768),
 .UNSPECIFIED.);
#445=B_SPLINE_CURVE_WITH_KNOTS('',3,(#10064,#10065,#10066,#10067,#10068),
 .UNSPECIFIED.,.F.,.F.,(4,1,4),(0.,0.168053927228779,0.306781891593768),
 .UNSPECIFIED.);
#446=B_SPLINE_CURVE_WITH_KNOTS('',3,(#10081,#10082,#10083,#10084,#10085),
 .UNSPECIFIED.,.F.,.F.,(4,1,4),(0.,0.132102551411131,0.277628544336761),
 .UNSPECIFIED.);
#447=B_SPLINE_CURVE_WITH_KNOTS('',3,(#10087,#10088,#10089,#10090,#10091),
 .UNSPECIFIED.,.F.,.F.,(4,1,4),(0.,0.132102551411131,0.277628544336761),
 .UNSPECIFIED.);
#448=B_SPLINE_CURVE_WITH_KNOTS('',3,(#10104,#10105,#10106,#10107,#10108),
 .UNSPECIFIED.,.F.,.F.,(4,1,4),(0.,0.132712665005028,0.34047157373809),
 .UNSPECIFIED.);
#449=B_SPLINE_CURVE_WITH_KNOTS('',3,(#10110,#10111,#10112,#10113,#10114),
 .UNSPECIFIED.,.F.,.F.,(4,1,4),(0.,0.132712665005028,0.34047157373809),
 .UNSPECIFIED.);
#450=B_SPLINE_CURVE_WITH_KNOTS('',3,(#10133,#10134,#10135,#10136,#10137),
 .UNSPECIFIED.,.F.,.F.,(4,1,4),(0.,0.419294400690162,0.650443284091747),
 .UNSPECIFIED.);
#451=B_SPLINE_CURVE_WITH_KNOTS('',3,(#10139,#10140,#10141,#10142,#10143),
 .UNSPECIFIED.,.F.,.F.,(4,1,4),(0.,0.419294400690162,0.650443284091747),
 .UNSPECIFIED.);
#452=B_SPLINE_CURVE_WITH_KNOTS('',3,(#10156,#10157,#10158,#10159,#10160),
 .UNSPECIFIED.,.F.,.F.,(4,1,4),(0.,0.137801363874226,0.278031016468114),
 .UNSPECIFIED.);
#453=B_SPLINE_CURVE_WITH_KNOTS('',3,(#10162,#10163,#10164,#10165,#10166),
 .UNSPECIFIED.,.F.,.F.,(4,1,4),(0.,0.137801363874226,0.278031016468114),
 .UNSPECIFIED.);
#454=B_SPLINE_CURVE_WITH_KNOTS('',3,(#10179,#10180,#10181,#10182,#10183),
 .UNSPECIFIED.,.F.,.F.,(4,1,4),(0.,0.137909603404322,0.27650273270086),
 .UNSPECIFIED.);
#455=B_SPLINE_CURVE_WITH_KNOTS('',3,(#10186,#10187,#10188,#10189,#10190),
 .UNSPECIFIED.,.F.,.F.,(4,1,4),(0.,0.137909603404322,0.27650273270086),
 .UNSPECIFIED.);
#456=B_SPLINE_CURVE_WITH_KNOTS('',3,(#10202,#10203,#10204,#10205,#10206),
 .UNSPECIFIED.,.F.,.F.,(4,1,4),(0.,0.0915609722615982,0.184279145777153),
 .UNSPECIFIED.);
#457=B_SPLINE_CURVE_WITH_KNOTS('',3,(#10209,#10210,#10211,#10212,#10213),
 .UNSPECIFIED.,.F.,.F.,(4,1,4),(0.,0.0915609722615982,0.184279145777153),
 .UNSPECIFIED.);
#458=B_SPLINE_CURVE_WITH_KNOTS('',3,(#10225,#10226,#10227,#10228,#10229),
 .UNSPECIFIED.,.F.,.F.,(4,1,4),(0.,0.0974328758139192,0.190371781258585),
 .UNSPECIFIED.);
#459=B_SPLINE_CURVE_WITH_KNOTS('',3,(#10232,#10233,#10234,#10235,#10236),
 .UNSPECIFIED.,.F.,.F.,(4,1,4),(0.,0.0974328758139192,0.190371781258585),
 .UNSPECIFIED.);
#460=B_SPLINE_CURVE_WITH_KNOTS('',3,(#10248,#10249,#10250,#10251,#10252),
 .UNSPECIFIED.,.F.,.F.,(4,1,4),(0.,0.196989620277294,0.330179178067223),
 .UNSPECIFIED.);
#461=B_SPLINE_CURVE_WITH_KNOTS('',3,(#10255,#10256,#10257,#10258,#10259),
 .UNSPECIFIED.,.F.,.F.,(4,1,4),(0.,0.196989620277294,0.330179178067223),
 .UNSPECIFIED.);
#462=B_SPLINE_CURVE_WITH_KNOTS('',3,(#10270,#10271,#10272,#10273,#10274),
 .UNSPECIFIED.,.F.,.F.,(4,1,4),(0.,0.261866074305125,0.618509397704163),
 .UNSPECIFIED.);
#463=B_SPLINE_CURVE_WITH_KNOTS('',3,(#10275,#10276,#10277,#10278,#10279),
 .UNSPECIFIED.,.F.,.F.,(4,1,4),(0.,0.261866074305125,0.618509397704163),
 .UNSPECIFIED.);
#464=B_SPLINE_CURVE_WITH_KNOTS('',3,(#10297,#10298,#10299,#10300,#10301),
 .UNSPECIFIED.,.F.,.F.,(4,1,4),(0.,0.198890968767791,0.444910227490186),
 .UNSPECIFIED.);
#465=B_SPLINE_CURVE_WITH_KNOTS('',3,(#10304,#10305,#10306,#10307,#10308),
 .UNSPECIFIED.,.F.,.F.,(4,1,4),(0.,0.198890968767791,0.444910227490186),
 .UNSPECIFIED.);
#466=B_SPLINE_CURVE_WITH_KNOTS('',3,(#10320,#10321,#10322,#10323,#10324),
 .UNSPECIFIED.,.F.,.F.,(4,1,4),(0.,0.193614497967413,0.341388428181986),
 .UNSPECIFIED.);
#467=B_SPLINE_CURVE_WITH_KNOTS('',3,(#10327,#10328,#10329,#10330,#10331),
 .UNSPECIFIED.,.F.,.F.,(4,1,4),(0.,0.193614497967413,0.341388428181986),
 .UNSPECIFIED.);
#468=B_SPLINE_CURVE_WITH_KNOTS('',3,(#10343,#10344,#10345,#10346,#10347),
 .UNSPECIFIED.,.F.,.F.,(4,1,4),(0.,0.061922277193356,0.096203050774959),
 .UNSPECIFIED.);
#469=B_SPLINE_CURVE_WITH_KNOTS('',3,(#10350,#10351,#10352,#10353,#10354),
 .UNSPECIFIED.,.F.,.F.,(4,1,4),(0.,0.061922277193356,0.096203050774959),
 .UNSPECIFIED.);
#470=B_SPLINE_CURVE_WITH_KNOTS('',3,(#10366,#10367,#10368,#10369,#10370),
 .UNSPECIFIED.,.F.,.F.,(4,1,4),(0.,0.391644471532374,0.669834919394536),
 .UNSPECIFIED.);
#471=B_SPLINE_CURVE_WITH_KNOTS('',3,(#10373,#10374,#10375,#10376,#10377),
 .UNSPECIFIED.,.F.,.F.,(4,1,4),(0.,0.391644471532374,0.669834919394536),
 .UNSPECIFIED.);
#472=B_SPLINE_CURVE_WITH_KNOTS('',3,(#10389,#10390,#10391,#10392,#10393),
 .UNSPECIFIED.,.F.,.F.,(4,1,4),(0.,0.138962139567433,0.332211395068642),
 .UNSPECIFIED.);
#473=B_SPLINE_CURVE_WITH_KNOTS('',3,(#10396,#10397,#10398,#10399,#10400),
 .UNSPECIFIED.,.F.,.F.,(4,1,4),(0.,0.138962139567433,0.332211395068642),
 .UNSPECIFIED.);
#474=B_SPLINE_CURVE_WITH_KNOTS('',3,(#10412,#10413,#10414,#10415,#10416),
 .UNSPECIFIED.,.F.,.F.,(4,1,4),(0.,0.143383682429348,0.292189530342585),
 .UNSPECIFIED.);
#475=B_SPLINE_CURVE_WITH_KNOTS('',3,(#10419,#10420,#10421,#10422,#10423),
 .UNSPECIFIED.,.F.,.F.,(4,1,4),(0.,0.143383682429348,0.292189530342585),
 .UNSPECIFIED.);
#476=B_SPLINE_CURVE_WITH_KNOTS('',3,(#10435,#10436,#10437,#10438,#10439),
 .UNSPECIFIED.,.F.,.F.,(4,1,4),(0.,0.145560404738559,0.286788075004014),
 .UNSPECIFIED.);
#477=B_SPLINE_CURVE_WITH_KNOTS('',3,(#10442,#10443,#10444,#10445,#10446),
 .UNSPECIFIED.,.F.,.F.,(4,1,4),(0.,0.145560404738559,0.286788075004014),
 .UNSPECIFIED.);
#478=B_SPLINE_CURVE_WITH_KNOTS('',3,(#10458,#10459,#10460,#10461,#10462),
 .UNSPECIFIED.,.F.,.F.,(4,1,4),(0.,0.15378757785187,0.302990152006029),
 .UNSPECIFIED.);
#479=B_SPLINE_CURVE_WITH_KNOTS('',3,(#10465,#10466,#10467,#10468,#10469),
 .UNSPECIFIED.,.F.,.F.,(4,1,4),(0.,0.15378757785187,0.302990152006029),
 .UNSPECIFIED.);
#480=B_SPLINE_CURVE_WITH_KNOTS('',3,(#10481,#10482,#10483,#10484,#10485),
 .UNSPECIFIED.,.F.,.F.,(4,1,4),(0.,0.246010209432888,0.498500720863072),
 .UNSPECIFIED.);
#481=B_SPLINE_CURVE_WITH_KNOTS('',3,(#10488,#10489,#10490,#10491,#10492),
 .UNSPECIFIED.,.F.,.F.,(4,1,4),(0.,0.246010209432888,0.498500720863072),
 .UNSPECIFIED.);
#482=B_SPLINE_CURVE_WITH_KNOTS('',3,(#10504,#10505,#10506,#10507,#10508),
 .UNSPECIFIED.,.F.,.F.,(4,1,4),(0.,0.319685635130597,0.587793458444782),
 .UNSPECIFIED.);
#483=B_SPLINE_CURVE_WITH_KNOTS('',3,(#10511,#10512,#10513,#10514,#10515),
 .UNSPECIFIED.,.F.,.F.,(4,1,4),(0.,0.319685635130597,0.587793458444782),
 .UNSPECIFIED.);
#484=B_SPLINE_CURVE_WITH_KNOTS('',3,(#10527,#10528,#10529,#10530,#10531),
 .UNSPECIFIED.,.F.,.F.,(4,1,4),(0.,0.203418398401691,0.414190894645594),
 .UNSPECIFIED.);
#485=B_SPLINE_CURVE_WITH_KNOTS('',3,(#10534,#10535,#10536,#10537,#10538),
 .UNSPECIFIED.,.F.,.F.,(4,1,4),(0.,0.203418398401691,0.414190894645594),
 .UNSPECIFIED.);
#486=B_SPLINE_CURVE_WITH_KNOTS('',3,(#10550,#10551,#10552,#10553,#10554),
 .UNSPECIFIED.,.F.,.F.,(4,1,4),(0.,0.249665627154072,0.465874754296831),
 .UNSPECIFIED.);
#487=B_SPLINE_CURVE_WITH_KNOTS('',3,(#10557,#10558,#10559,#10560,#10561),
 .UNSPECIFIED.,.F.,.F.,(4,1,4),(0.,0.249665627154072,0.465874754296831),
 .UNSPECIFIED.);
#488=B_SPLINE_CURVE_WITH_KNOTS('',3,(#10572,#10573,#10574,#10575,#10576),
 .UNSPECIFIED.,.F.,.F.,(4,1,4),(0.,0.132929002821613,0.279128432650254),
 .UNSPECIFIED.);
#489=B_SPLINE_CURVE_WITH_KNOTS('',3,(#10577,#10578,#10579,#10580,#10581),
 .UNSPECIFIED.,.F.,.F.,(4,1,4),(0.,0.132929002821613,0.279128432650254),
 .UNSPECIFIED.);
#490=B_SPLINE_CURVE_WITH_KNOTS('',3,(#10595,#10596,#10597,#10598,#10599),
 .UNSPECIFIED.,.F.,.F.,(4,1,4),(0.,0.14157004957691,0.275355734123093),
 .UNSPECIFIED.);
#491=B_SPLINE_CURVE_WITH_KNOTS('',3,(#10603,#10604,#10605,#10606,#10607),
 .UNSPECIFIED.,.F.,.F.,(4,1,4),(0.,0.14157004957691,0.275355734123093),
 .UNSPECIFIED.);
#492=B_SPLINE_CURVE_WITH_KNOTS('',3,(#10620,#10621,#10622,#10623,#10624),
 .UNSPECIFIED.,.F.,.F.,(4,1,4),(0.,0.129292213000388,0.261308834914917),
 .UNSPECIFIED.);
#493=B_SPLINE_CURVE_WITH_KNOTS('',3,(#10626,#10627,#10628,#10629,#10630),
 .UNSPECIFIED.,.F.,.F.,(4,1,4),(0.,0.129292213000388,0.261308834914917),
 .UNSPECIFIED.);
#494=B_SPLINE_CURVE_WITH_KNOTS('',3,(#10643,#10644,#10645,#10646,#10647),
 .UNSPECIFIED.,.F.,.F.,(4,1,4),(0.,0.183313770395783,0.459263303283994),
 .UNSPECIFIED.);
#495=B_SPLINE_CURVE_WITH_KNOTS('',3,(#10649,#10650,#10651,#10652,#10653),
 .UNSPECIFIED.,.F.,.F.,(4,1,4),(0.,0.183313770395783,0.459263303283994),
 .UNSPECIFIED.);
#496=B_SPLINE_CURVE_WITH_KNOTS('',3,(#10679,#10680,#10681,#10682,#10683),
 .UNSPECIFIED.,.F.,.F.,(4,1,4),(0.,0.158269567833648,0.307694527944492),
 .UNSPECIFIED.);
#497=B_SPLINE_CURVE_WITH_KNOTS('',3,(#10687,#10688,#10689,#10690,#10691),
 .UNSPECIFIED.,.F.,.F.,(4,1,4),(0.,0.158269567833648,0.307694527944492),
 .UNSPECIFIED.);
#498=B_SPLINE_CURVE_WITH_KNOTS('',3,(#10704,#10705,#10706,#10707,#10708),
 .UNSPECIFIED.,.F.,.F.,(4,1,4),(0.,0.147067005932829,0.299214602357033),
 .UNSPECIFIED.);
#499=B_SPLINE_CURVE_WITH_KNOTS('',3,(#10710,#10711,#10712,#10713,#10714),
 .UNSPECIFIED.,.F.,.F.,(4,1,4),(0.,0.147067005932829,0.299214602357033),
 .UNSPECIFIED.);
#500=B_SPLINE_CURVE_WITH_KNOTS('',3,(#10727,#10728,#10729,#10730,#10731),
 .UNSPECIFIED.,.F.,.F.,(4,1,4),(0.,0.189728097655386,0.443023409964906),
 .UNSPECIFIED.);
#501=B_SPLINE_CURVE_WITH_KNOTS('',3,(#10733,#10734,#10735,#10736,#10737),
 .UNSPECIFIED.,.F.,.F.,(4,1,4),(0.,0.189728097655386,0.443023409964906),
 .UNSPECIFIED.);
#502=B_SPLINE_CURVE_WITH_KNOTS('',3,(#10763,#10764,#10765,#10766,#10767),
 .UNSPECIFIED.,.F.,.F.,(4,1,4),(0.,0.20176394310385,0.42198561926738),
 .UNSPECIFIED.);
#503=B_SPLINE_CURVE_WITH_KNOTS('',3,(#10771,#10772,#10773,#10774,#10775),
 .UNSPECIFIED.,.F.,.F.,(4,1,4),(0.,0.20176394310385,0.42198561926738),
 .UNSPECIFIED.);
#504=B_SPLINE_CURVE_WITH_KNOTS('',3,(#10788,#10789,#10790,#10791,#10792),
 .UNSPECIFIED.,.F.,.F.,(4,1,4),(0.,0.263802312913153,0.505824474042873),
 .UNSPECIFIED.);
#505=B_SPLINE_CURVE_WITH_KNOTS('',3,(#10794,#10795,#10796,#10797,#10798),
 .UNSPECIFIED.,.F.,.F.,(4,1,4),(0.,0.263802312913153,0.505824474042873),
 .UNSPECIFIED.);
#506=B_SPLINE_CURVE_WITH_KNOTS('',3,(#10811,#10812,#10813,#10814,#10815),
 .UNSPECIFIED.,.F.,.F.,(4,1,4),(0.,0.236726070732491,0.483989793726425),
 .UNSPECIFIED.);
#507=B_SPLINE_CURVE_WITH_KNOTS('',3,(#10817,#10818,#10819,#10820,#10821),
 .UNSPECIFIED.,.F.,.F.,(4,1,4),(0.,0.236726070732491,0.483989793726425),
 .UNSPECIFIED.);
#508=B_SPLINE_CURVE_WITH_KNOTS('',3,(#10834,#10835,#10836,#10837,#10838),
 .UNSPECIFIED.,.F.,.F.,(4,1,4),(0.,0.204573522539952,0.404569734171063),
 .UNSPECIFIED.);
#509=B_SPLINE_CURVE_WITH_KNOTS('',3,(#10840,#10841,#10842,#10843,#10844),
 .UNSPECIFIED.,.F.,.F.,(4,1,4),(0.,0.204573522539952,0.404569734171063),
 .UNSPECIFIED.);
#510=B_SPLINE_CURVE_WITH_KNOTS('',3,(#10857,#10858,#10859,#10860,#10861),
 .UNSPECIFIED.,.F.,.F.,(4,1,4),(0.,0.18874582456031,0.358048804335234),
 .UNSPECIFIED.);
#511=B_SPLINE_CURVE_WITH_KNOTS('',3,(#10863,#10864,#10865,#10866,#10867),
 .UNSPECIFIED.,.F.,.F.,(4,1,4),(0.,0.18874582456031,0.358048804335234),
 .UNSPECIFIED.);
#512=B_SPLINE_CURVE_WITH_KNOTS('',3,(#10880,#10881,#10882,#10883,#10884),
 .UNSPECIFIED.,.F.,.F.,(4,1,4),(0.,0.170925546142785,0.362159648500056),
 .UNSPECIFIED.);
#513=B_SPLINE_CURVE_WITH_KNOTS('',3,(#10886,#10887,#10888,#10889,#10890),
 .UNSPECIFIED.,.F.,.F.,(4,1,4),(0.,0.170925546142785,0.362159648500056),
 .UNSPECIFIED.);
#514=B_SPLINE_CURVE_WITH_KNOTS('',3,(#10903,#10904,#10905,#10906,#10907),
 .UNSPECIFIED.,.F.,.F.,(4,1,4),(0.,0.130988780606434,0.276528870218646),
 .UNSPECIFIED.);
#515=B_SPLINE_CURVE_WITH_KNOTS('',3,(#10910,#10911,#10912,#10913,#10914),
 .UNSPECIFIED.,.F.,.F.,(4,1,4),(0.,0.130988780606434,0.276528870218646),
 .UNSPECIFIED.);
#516=B_SPLINE_CURVE_WITH_KNOTS('',3,(#10926,#10927,#10928,#10929,#10930),
 .UNSPECIFIED.,.F.,.F.,(4,1,4),(0.,0.145629016023053,0.276469267874215),
 .UNSPECIFIED.);
#517=B_SPLINE_CURVE_WITH_KNOTS('',3,(#10933,#10934,#10935,#10936,#10937),
 .UNSPECIFIED.,.F.,.F.,(4,1,4),(0.,0.145629016023053,0.276469267874215),
 .UNSPECIFIED.);
#518=B_SPLINE_CURVE_WITH_KNOTS('',3,(#10949,#10950,#10951,#10952,#10953),
 .UNSPECIFIED.,.F.,.F.,(4,1,4),(0.,0.226804649477167,0.380971793860196),
 .UNSPECIFIED.);
#519=B_SPLINE_CURVE_WITH_KNOTS('',3,(#10956,#10957,#10958,#10959,#10960),
 .UNSPECIFIED.,.F.,.F.,(4,1,4),(0.,0.226804649477167,0.380971793860196),
 .UNSPECIFIED.);
#520=B_SPLINE_CURVE_WITH_KNOTS('',3,(#10975,#10976,#10977,#10978,#10979),
 .UNSPECIFIED.,.F.,.F.,(4,1,4),(0.,0.126042623905317,0.261662370293478),
 .UNSPECIFIED.);
#521=B_SPLINE_CURVE_WITH_KNOTS('',3,(#10982,#10983,#10984,#10985,#10986),
 .UNSPECIFIED.,.F.,.F.,(4,1,4),(0.,0.126042623905317,0.261662370293478),
 .UNSPECIFIED.);
#522=B_SPLINE_CURVE_WITH_KNOTS('',3,(#10998,#10999,#11000,#11001,#11002),
 .UNSPECIFIED.,.F.,.F.,(4,1,4),(0.,0.109488906913136,0.227219003963333),
 .UNSPECIFIED.);
#523=B_SPLINE_CURVE_WITH_KNOTS('',3,(#11005,#11006,#11007,#11008,#11009),
 .UNSPECIFIED.,.F.,.F.,(4,1,4),(0.,0.109488906913136,0.227219003963333),
 .UNSPECIFIED.);
#524=B_SPLINE_CURVE_WITH_KNOTS('',3,(#11021,#11022,#11023,#11024,#11025),
 .UNSPECIFIED.,.F.,.F.,(4,1,4),(0.,0.130042027145361,0.244460866598397),
 .UNSPECIFIED.);
#525=B_SPLINE_CURVE_WITH_KNOTS('',3,(#11028,#11029,#11030,#11031,#11032),
 .UNSPECIFIED.,.F.,.F.,(4,1,4),(0.,0.130042027145361,0.244460866598397),
 .UNSPECIFIED.);
#526=B_SPLINE_CURVE_WITH_KNOTS('',3,(#11044,#11045,#11046,#11047,#11048),
 .UNSPECIFIED.,.F.,.F.,(4,1,4),(0.,0.163749755859053,0.270702666076988),
 .UNSPECIFIED.);
#527=B_SPLINE_CURVE_WITH_KNOTS('',3,(#11051,#11052,#11053,#11054,#11055),
 .UNSPECIFIED.,.F.,.F.,(4,1,4),(0.,0.163749755859053,0.270702666076988),
 .UNSPECIFIED.);
#528=B_SPLINE_CURVE_WITH_KNOTS('',3,(#11070,#11071,#11072,#11073,#11074),
 .UNSPECIFIED.,.F.,.F.,(4,1,4),(0.,0.222925508127361,0.487460977018925),
 .UNSPECIFIED.);
#529=B_SPLINE_CURVE_WITH_KNOTS('',3,(#11076,#11077,#11078,#11079,#11080),
 .UNSPECIFIED.,.F.,.F.,(4,1,4),(0.,0.222925508127361,0.487460977018925),
 .UNSPECIFIED.);
#530=B_SPLINE_CURVE_WITH_KNOTS('',3,(#11093,#11094,#11095,#11096,#11097),
 .UNSPECIFIED.,.F.,.F.,(4,1,4),(0.,0.188546554081893,0.38069008958666),
 .UNSPECIFIED.);
#531=B_SPLINE_CURVE_WITH_KNOTS('',3,(#11100,#11101,#11102,#11103,#11104),
 .UNSPECIFIED.,.F.,.F.,(4,1,4),(0.,0.188546554081893,0.38069008958666),
 .UNSPECIFIED.);
#532=B_SPLINE_CURVE_WITH_KNOTS('',3,(#11116,#11117,#11118,#11119,#11120),
 .UNSPECIFIED.,.F.,.F.,(4,1,4),(0.,0.212800376562132,0.417263930794614),
 .UNSPECIFIED.);
#533=B_SPLINE_CURVE_WITH_KNOTS('',3,(#11123,#11124,#11125,#11126,#11127),
 .UNSPECIFIED.,.F.,.F.,(4,1,4),(0.,0.212800376562132,0.417263930794614),
 .UNSPECIFIED.);
#534=B_SPLINE_CURVE_WITH_KNOTS('',3,(#11139,#11140,#11141,#11142,#11143),
 .UNSPECIFIED.,.F.,.F.,(4,1,4),(0.,0.218326275294686,0.434629597183942),
 .UNSPECIFIED.);
#535=B_SPLINE_CURVE_WITH_KNOTS('',3,(#11146,#11147,#11148,#11149,#11150),
 .UNSPECIFIED.,.F.,.F.,(4,1,4),(0.,0.218326275294686,0.434629597183942),
 .UNSPECIFIED.);
#536=B_SPLINE_CURVE_WITH_KNOTS('',3,(#11162,#11163,#11164,#11165,#11166),
 .UNSPECIFIED.,.F.,.F.,(4,1,4),(0.,0.310607935607403,0.561799979994455),
 .UNSPECIFIED.);
#537=B_SPLINE_CURVE_WITH_KNOTS('',3,(#11169,#11170,#11171,#11172,#11173),
 .UNSPECIFIED.,.F.,.F.,(4,1,4),(0.,0.310607935607403,0.561799979994455),
 .UNSPECIFIED.);
#538=B_SPLINE_CURVE_WITH_KNOTS('',3,(#11202,#11203,#11204,#11205,#11206),
 .UNSPECIFIED.,.F.,.F.,(4,1,4),(0.,0.257516155717938,0.51728626473528),
 .UNSPECIFIED.);
#539=B_SPLINE_CURVE_WITH_KNOTS('',3,(#11210,#11211,#11212,#11213,#11214),
 .UNSPECIFIED.,.F.,.F.,(4,1,4),(0.,0.257516155717938,0.51728626473528),
 .UNSPECIFIED.);
#540=B_SPLINE_CURVE_WITH_KNOTS('',3,(#11227,#11228,#11229,#11230,#11231),
 .UNSPECIFIED.,.F.,.F.,(4,1,4),(0.,0.237372215919892,0.468729584164418),
 .UNSPECIFIED.);
#541=B_SPLINE_CURVE_WITH_KNOTS('',3,(#11233,#11234,#11235,#11236,#11237),
 .UNSPECIFIED.,.F.,.F.,(4,1,4),(0.,0.237372215919892,0.468729584164418),
 .UNSPECIFIED.);
#542=B_SPLINE_CURVE_WITH_KNOTS('',3,(#11250,#11251,#11252,#11253,#11254),
 .UNSPECIFIED.,.F.,.F.,(4,1,4),(0.,0.239659732487642,0.501740981649499),
 .UNSPECIFIED.);
#543=B_SPLINE_CURVE_WITH_KNOTS('',3,(#11256,#11257,#11258,#11259,#11260),
 .UNSPECIFIED.,.F.,.F.,(4,1,4),(0.,0.239659732487642,0.501740981649499),
 .UNSPECIFIED.);
#544=B_SPLINE_CURVE_WITH_KNOTS('',3,(#11274,#11275,#11276,#11277,#11278),
 .UNSPECIFIED.,.F.,.F.,(4,1,4),(0.,0.395980223078124,0.811196779981492),
 .UNSPECIFIED.);
#545=B_SPLINE_CURVE_WITH_KNOTS('',3,(#11282,#11283,#11284,#11285,#11286),
 .UNSPECIFIED.,.F.,.F.,(4,1,4),(0.,0.395980223078124,0.811196779981492),
 .UNSPECIFIED.);
#546=B_SPLINE_CURVE_WITH_KNOTS('',3,(#11299,#11300,#11301,#11302,#11303),
 .UNSPECIFIED.,.F.,.F.,(4,1,4),(0.,0.402863718540789,0.789499876522225),
 .UNSPECIFIED.);
#547=B_SPLINE_CURVE_WITH_KNOTS('',3,(#11305,#11306,#11307,#11308,#11309),
 .UNSPECIFIED.,.F.,.F.,(4,1,4),(0.,0.402863718540789,0.789499876522225),
 .UNSPECIFIED.);
#548=B_SPLINE_CURVE_WITH_KNOTS('',3,(#11322,#11323,#11324,#11325,#11326),
 .UNSPECIFIED.,.F.,.F.,(4,1,4),(0.,0.412851698995486,0.895648078049331),
 .UNSPECIFIED.);
#549=B_SPLINE_CURVE_WITH_KNOTS('',3,(#11328,#11329,#11330,#11331,#11332),
 .UNSPECIFIED.,.F.,.F.,(4,1,4),(0.,0.412851698995486,0.895648078049331),
 .UNSPECIFIED.);
#550=B_SPLINE_CURVE_WITH_KNOTS('',3,(#11345,#11346,#11347,#11348,#11349),
 .UNSPECIFIED.,.F.,.F.,(4,1,4),(0.,0.0409308405674319,0.0982500436606657),
 .UNSPECIFIED.);
#551=B_SPLINE_CURVE_WITH_KNOTS('',3,(#11351,#11352,#11353,#11354,#11355),
 .UNSPECIFIED.,.F.,.F.,(4,1,4),(0.,0.0409308405674319,0.0982500436606657),
 .UNSPECIFIED.);
#552=B_SPLINE_CURVE_WITH_KNOTS('',3,(#11374,#11375,#11376,#11377,#11378),
 .UNSPECIFIED.,.F.,.F.,(4,1,4),(0.,0.321974427291031,0.594057616497789),
 .UNSPECIFIED.);
#553=B_SPLINE_CURVE_WITH_KNOTS('',3,(#11380,#11381,#11382,#11383,#11384),
 .UNSPECIFIED.,.F.,.F.,(4,1,4),(0.,0.321974427291031,0.594057616497789),
 .UNSPECIFIED.);
#554=B_SPLINE_CURVE_WITH_KNOTS('',3,(#11397,#11398,#11399,#11400,#11401),
 .UNSPECIFIED.,.F.,.F.,(4,1,4),(0.,0.249500933650222,0.503652673374698),
 .UNSPECIFIED.);
#555=B_SPLINE_CURVE_WITH_KNOTS('',3,(#11403,#11404,#11405,#11406,#11407),
 .UNSPECIFIED.,.F.,.F.,(4,1,4),(0.,0.249500933650222,0.503652673374698),
 .UNSPECIFIED.);
#556=B_SPLINE_CURVE_WITH_KNOTS('',3,(#11420,#11421,#11422,#11423,#11424),
 .UNSPECIFIED.,.F.,.F.,(4,1,4),(0.,0.244511258990763,0.439069041766202),
 .UNSPECIFIED.);
#557=B_SPLINE_CURVE_WITH_KNOTS('',3,(#11427,#11428,#11429,#11430,#11431),
 .UNSPECIFIED.,.F.,.F.,(4,1,4),(0.,0.244511258990763,0.439069041766202),
 .UNSPECIFIED.);
#558=B_SPLINE_CURVE_WITH_KNOTS('',3,(#11446,#11447,#11448,#11449,#11450),
 .UNSPECIFIED.,.F.,.F.,(4,1,4),(0.,0.189630900230166,0.366717578029285),
 .UNSPECIFIED.);
#559=B_SPLINE_CURVE_WITH_KNOTS('',3,(#11452,#11453,#11454,#11455,#11456),
 .UNSPECIFIED.,.F.,.F.,(4,1,4),(0.,0.189630900230166,0.366717578029285),
 .UNSPECIFIED.);
#560=B_SPLINE_CURVE_WITH_KNOTS('',3,(#11469,#11470,#11471,#11472,#11473),
 .UNSPECIFIED.,.F.,.F.,(4,1,4),(0.,0.492130270445762,0.913487832972282),
 .UNSPECIFIED.);
#561=B_SPLINE_CURVE_WITH_KNOTS('',3,(#11476,#11477,#11478,#11479,#11480),
 .UNSPECIFIED.,.F.,.F.,(4,1,4),(0.,0.492130270445762,0.913487832972282),
 .UNSPECIFIED.);
#562=B_SPLINE_CURVE_WITH_KNOTS('',3,(#11492,#11493,#11494,#11495,#11496),
 .UNSPECIFIED.,.F.,.F.,(4,1,4),(0.,0.410266772637952,0.886340705424076),
 .UNSPECIFIED.);
#563=B_SPLINE_CURVE_WITH_KNOTS('',3,(#11499,#11500,#11501,#11502,#11503),
 .UNSPECIFIED.,.F.,.F.,(4,1,4),(0.,0.410266772637952,0.886340705424076),
 .UNSPECIFIED.);
#564=B_SPLINE_CURVE_WITH_KNOTS('',3,(#11515,#11516,#11517,#11518,#11519),
 .UNSPECIFIED.,.F.,.F.,(4,1,4),(0.,0.433697476605704,0.829362756863283),
 .UNSPECIFIED.);
#565=B_SPLINE_CURVE_WITH_KNOTS('',3,(#11522,#11523,#11524,#11525,#11526),
 .UNSPECIFIED.,.F.,.F.,(4,1,4),(0.,0.433697476605704,0.829362756863283),
 .UNSPECIFIED.);
#566=B_SPLINE_CURVE_WITH_KNOTS('',3,(#11538,#11539,#11540,#11541,#11542),
 .UNSPECIFIED.,.F.,.F.,(4,1,4),(0.,0.309786221257079,0.657662026404551),
 .UNSPECIFIED.);
#567=B_SPLINE_CURVE_WITH_KNOTS('',3,(#11545,#11546,#11547,#11548,#11549),
 .UNSPECIFIED.,.F.,.F.,(4,1,4),(0.,0.309786221257079,0.657662026404551),
 .UNSPECIFIED.);
#568=B_SPLINE_CURVE_WITH_KNOTS('',3,(#11561,#11562,#11563,#11564,#11565),
 .UNSPECIFIED.,.F.,.F.,(4,1,4),(0.,0.32285042458323,0.624774071535772),
 .UNSPECIFIED.);
#569=B_SPLINE_CURVE_WITH_KNOTS('',3,(#11568,#11569,#11570,#11571,#11572),
 .UNSPECIFIED.,.F.,.F.,(4,1,4),(0.,0.32285042458323,0.624774071535772),
 .UNSPECIFIED.);
#570=B_SPLINE_CURVE_WITH_KNOTS('',3,(#11589,#11590,#11591,#11592,#11593),
 .UNSPECIFIED.,.F.,.F.,(4,1,4),(0.,0.188599063116946,0.413052244979937),
 .UNSPECIFIED.);
#571=B_SPLINE_CURVE_WITH_KNOTS('',3,(#11594,#11595,#11596,#11597,#11598),
 .UNSPECIFIED.,.F.,.F.,(4,1,4),(0.,0.188599063116946,0.413052244979937),
 .UNSPECIFIED.);
#572=B_SPLINE_CURVE_WITH_KNOTS('',3,(#11612,#11613,#11614,#11615,#11616),
 .UNSPECIFIED.,.F.,.F.,(4,1,4),(0.,0.155871949145274,0.346495233408206),
 .UNSPECIFIED.);
#573=B_SPLINE_CURVE_WITH_KNOTS('',3,(#11620,#11621,#11622,#11623,#11624),
 .UNSPECIFIED.,.F.,.F.,(4,1,4),(0.,0.155871949145274,0.346495233408206),
 .UNSPECIFIED.);
#574=B_SPLINE_CURVE_WITH_KNOTS('',3,(#11637,#11638,#11639,#11640,#11641),
 .UNSPECIFIED.,.F.,.F.,(4,1,4),(0.,0.202400431792443,0.393165348309997),
 .UNSPECIFIED.);
#575=B_SPLINE_CURVE_WITH_KNOTS('',3,(#11643,#11644,#11645,#11646,#11647),
 .UNSPECIFIED.,.F.,.F.,(4,1,4),(0.,0.202400431792443,0.393165348309997),
 .UNSPECIFIED.);
#576=B_SPLINE_CURVE_WITH_KNOTS('',3,(#11660,#11661,#11662,#11663,#11664),
 .UNSPECIFIED.,.F.,.F.,(4,1,4),(0.,0.181166496133564,0.356780049598322),
 .UNSPECIFIED.);
#577=B_SPLINE_CURVE_WITH_KNOTS('',3,(#11666,#11667,#11668,#11669,#11670),
 .UNSPECIFIED.,.F.,.F.,(4,1,4),(0.,0.181166496133564,0.356780049598322),
 .UNSPECIFIED.);
#578=B_SPLINE_CURVE_WITH_KNOTS('',3,(#11683,#11684,#11685,#11686,#11687),
 .UNSPECIFIED.,.F.,.F.,(4,1,4),(0.,0.160785449005418,0.375146649131265),
 .UNSPECIFIED.);
#579=B_SPLINE_CURVE_WITH_KNOTS('',3,(#11689,#11690,#11691,#11692,#11693),
 .UNSPECIFIED.,.F.,.F.,(4,1,4),(0.,0.160785449005418,0.375146649131265),
 .UNSPECIFIED.);
#580=B_SPLINE_CURVE_WITH_KNOTS('',3,(#11713,#11714,#11715,#11716,#11717),
 .UNSPECIFIED.,.F.,.F.,(4,1,4),(0.,0.227014078442444,0.398985330952225),
 .UNSPECIFIED.);
#581=B_SPLINE_CURVE_WITH_KNOTS('',3,(#11721,#11722,#11723,#11724,#11725),
 .UNSPECIFIED.,.F.,.F.,(4,1,4),(0.,0.227014078442444,0.398985330952225),
 .UNSPECIFIED.);
#582=B_SPLINE_CURVE_WITH_KNOTS('',3,(#11738,#11739,#11740,#11741,#11742),
 .UNSPECIFIED.,.F.,.F.,(4,1,4),(0.,0.165833573616109,0.376041929357167),
 .UNSPECIFIED.);
#583=B_SPLINE_CURVE_WITH_KNOTS('',3,(#11744,#11745,#11746,#11747,#11748),
 .UNSPECIFIED.,.F.,.F.,(4,1,4),(0.,0.165833573616109,0.376041929357167),
 .UNSPECIFIED.);
#584=B_SPLINE_CURVE_WITH_KNOTS('',3,(#11767,#11768,#11769,#11770,#11771),
 .UNSPECIFIED.,.F.,.F.,(4,1,4),(0.,0.21885369616693,0.409647770943963),
 .UNSPECIFIED.);
#585=B_SPLINE_CURVE_WITH_KNOTS('',3,(#11773,#11774,#11775,#11776,#11777),
 .UNSPECIFIED.,.F.,.F.,(4,1,4),(0.,0.21885369616693,0.409647770943963),
 .UNSPECIFIED.);
#586=B_SPLINE_CURVE_WITH_KNOTS('',3,(#11790,#11791,#11792,#11793,#11794),
 .UNSPECIFIED.,.F.,.F.,(4,1,4),(0.,0.186488330423618,0.396063837317371),
 .UNSPECIFIED.);
#587=B_SPLINE_CURVE_WITH_KNOTS('',3,(#11796,#11797,#11798,#11799,#11800),
 .UNSPECIFIED.,.F.,.F.,(4,1,4),(0.,0.186488330423618,0.396063837317371),
 .UNSPECIFIED.);
#588=B_SPLINE_CURVE_WITH_KNOTS('',3,(#11813,#11814,#11815,#11816,#11817),
 .UNSPECIFIED.,.F.,.F.,(4,1,4),(0.,0.236807397549487,0.500977029943125),
 .UNSPECIFIED.);
#589=B_SPLINE_CURVE_WITH_KNOTS('',3,(#11819,#11820,#11821,#11822,#11823),
 .UNSPECIFIED.,.F.,.F.,(4,1,4),(0.,0.236807397549487,0.500977029943125),
 .UNSPECIFIED.);
#590=B_SPLINE_CURVE_WITH_KNOTS('',3,(#11836,#11837,#11838,#11839,#11840),
 .UNSPECIFIED.,.F.,.F.,(4,1,4),(0.,0.252748042139429,0.45872275092765),
 .UNSPECIFIED.);
#591=B_SPLINE_CURVE_WITH_KNOTS('',3,(#11842,#11843,#11844,#11845,#11846),
 .UNSPECIFIED.,.F.,.F.,(4,1,4),(0.,0.252748042139429,0.45872275092765),
 .UNSPECIFIED.);
#592=B_SPLINE_CURVE_WITH_KNOTS('',3,(#11859,#11860,#11861,#11862,#11863),
 .UNSPECIFIED.,.F.,.F.,(4,1,4),(0.,0.168053499005191,0.306781463370179),
 .UNSPECIFIED.);
#593=B_SPLINE_CURVE_WITH_KNOTS('',3,(#11865,#11866,#11867,#11868,#11869),
 .UNSPECIFIED.,.F.,.F.,(4,1,4),(0.,0.168053499005191,0.306781463370179),
 .UNSPECIFIED.);
#594=B_SPLINE_CURVE_WITH_KNOTS('',3,(#11882,#11883,#11884,#11885,#11886),
 .UNSPECIFIED.,.F.,.F.,(4,1,4),(0.,0.132103053698357,0.277628899106628),
 .UNSPECIFIED.);
#595=B_SPLINE_CURVE_WITH_KNOTS('',3,(#11888,#11889,#11890,#11891,#11892),
 .UNSPECIFIED.,.F.,.F.,(4,1,4),(0.,0.132103053698357,0.277628899106628),
 .UNSPECIFIED.);
#596=B_SPLINE_CURVE_WITH_KNOTS('',3,(#11905,#11906,#11907,#11908,#11909),
 .UNSPECIFIED.,.F.,.F.,(4,1,4),(0.,0.132712665005028,0.34047157373809),
 .UNSPECIFIED.);
#597=B_SPLINE_CURVE_WITH_KNOTS('',3,(#11911,#11912,#11913,#11914,#11915),
 .UNSPECIFIED.,.F.,.F.,(4,1,4),(0.,0.132712665005028,0.34047157373809),
 .UNSPECIFIED.);
#598=B_SPLINE_CURVE_WITH_KNOTS('',3,(#11934,#11935,#11936,#11937,#11938),
 .UNSPECIFIED.,.F.,.F.,(4,1,4),(0.,0.419294387307852,0.650443234298485),
 .UNSPECIFIED.);
#599=B_SPLINE_CURVE_WITH_KNOTS('',3,(#11940,#11941,#11942,#11943,#11944),
 .UNSPECIFIED.,.F.,.F.,(4,1,4),(0.,0.419294387307852,0.650443234298485),
 .UNSPECIFIED.);
#600=B_SPLINE_CURVE_WITH_KNOTS('',3,(#11957,#11958,#11959,#11960,#11961),
 .UNSPECIFIED.,.F.,.F.,(4,1,4),(0.,0.137801606402433,0.278031653890483),
 .UNSPECIFIED.);
#601=B_SPLINE_CURVE_WITH_KNOTS('',3,(#11963,#11964,#11965,#11966,#11967),
 .UNSPECIFIED.,.F.,.F.,(4,1,4),(0.,0.137801606402433,0.278031653890483),
 .UNSPECIFIED.);
#602=B_SPLINE_CURVE_WITH_KNOTS('',3,(#11980,#11981,#11982,#11983,#11984),
 .UNSPECIFIED.,.F.,.F.,(4,1,4),(0.,0.137909699808795,0.276502253524915),
 .UNSPECIFIED.);
#603=B_SPLINE_CURVE_WITH_KNOTS('',3,(#11987,#11988,#11989,#11990,#11991),
 .UNSPECIFIED.,.F.,.F.,(4,1,4),(0.,0.137909699808795,0.276502253524915),
 .UNSPECIFIED.);
#604=B_SPLINE_CURVE_WITH_KNOTS('',3,(#12003,#12004,#12005,#12006,#12007),
 .UNSPECIFIED.,.F.,.F.,(4,1,4),(0.,0.0915617715440811,0.184279813502937),
 .UNSPECIFIED.);
#605=B_SPLINE_CURVE_WITH_KNOTS('',3,(#12010,#12011,#12012,#12013,#12014),
 .UNSPECIFIED.,.F.,.F.,(4,1,4),(0.,0.0915617715440811,0.184279813502937),
 .UNSPECIFIED.);
#606=B_SPLINE_CURVE_WITH_KNOTS('',3,(#12026,#12027,#12028,#12029,#12030),
 .UNSPECIFIED.,.F.,.F.,(4,1,4),(0.,0.0974336920305987,0.19037132703607),
 .UNSPECIFIED.);
#607=B_SPLINE_CURVE_WITH_KNOTS('',3,(#12033,#12034,#12035,#12036,#12037),
 .UNSPECIFIED.,.F.,.F.,(4,1,4),(0.,0.0974336920305987,0.19037132703607),
 .UNSPECIFIED.);
#608=B_SPLINE_CURVE_WITH_KNOTS('',3,(#12049,#12050,#12051,#12052,#12053),
 .UNSPECIFIED.,.F.,.F.,(4,1,4),(0.,0.196991028304842,0.330180130028069),
 .UNSPECIFIED.);
#609=B_SPLINE_CURVE_WITH_KNOTS('',3,(#12056,#12057,#12058,#12059,#12060),
 .UNSPECIFIED.,.F.,.F.,(4,1,4),(0.,0.196991028304842,0.330180130028069),
 .UNSPECIFIED.);
#610=B_SPLINE_CURVE_WITH_KNOTS('',3,(#12071,#12072,#12073,#12074,#12075),
 .UNSPECIFIED.,.F.,.F.,(4,1,4),(0.,0.261866987245058,0.618509841411029),
 .UNSPECIFIED.);
#611=B_SPLINE_CURVE_WITH_KNOTS('',3,(#12076,#12077,#12078,#12079,#12080),
 .UNSPECIFIED.,.F.,.F.,(4,1,4),(0.,0.261866987245058,0.618509841411029),
 .UNSPECIFIED.);
#612=B_SPLINE_CURVE_WITH_KNOTS('',3,(#12098,#12099,#12100,#12101,#12102),
 .UNSPECIFIED.,.F.,.F.,(4,1,4),(0.,0.198890548062932,0.444909333800085),
 .UNSPECIFIED.);
#613=B_SPLINE_CURVE_WITH_KNOTS('',3,(#12105,#12106,#12107,#12108,#12109),
 .UNSPECIFIED.,.F.,.F.,(4,1,4),(0.,0.198890548062932,0.444909333800085),
 .UNSPECIFIED.);
#614=B_SPLINE_CURVE_WITH_KNOTS('',3,(#12121,#12122,#12123,#12124,#12125),
 .UNSPECIFIED.,.F.,.F.,(4,1,4),(0.,0.193614626482595,0.341388556697168),
 .UNSPECIFIED.);
#615=B_SPLINE_CURVE_WITH_KNOTS('',3,(#12128,#12129,#12130,#12131,#12132),
 .UNSPECIFIED.,.F.,.F.,(4,1,4),(0.,0.193614626482595,0.341388556697168),
 .UNSPECIFIED.);
#616=B_SPLINE_CURVE_WITH_KNOTS('',3,(#12144,#12145,#12146,#12147,#12148),
 .UNSPECIFIED.,.F.,.F.,(4,1,4),(0.,0.0619222535535277,0.0962030342486878),
 .UNSPECIFIED.);
#617=B_SPLINE_CURVE_WITH_KNOTS('',3,(#12151,#12152,#12153,#12154,#12155),
 .UNSPECIFIED.,.F.,.F.,(4,1,4),(0.,0.0619222535535277,0.0962030342486878),
 .UNSPECIFIED.);
#618=B_SPLINE_CURVE_WITH_KNOTS('',3,(#12167,#12168,#12169,#12170,#12171),
 .UNSPECIFIED.,.F.,.F.,(4,1,4),(0.,0.391645414573169,0.66983586243533),
 .UNSPECIFIED.);
#619=B_SPLINE_CURVE_WITH_KNOTS('',3,(#12174,#12175,#12176,#12177,#12178),
 .UNSPECIFIED.,.F.,.F.,(4,1,4),(0.,0.391645414573169,0.66983586243533),
 .UNSPECIFIED.);
#620=B_SPLINE_CURVE_WITH_KNOTS('',3,(#12190,#12191,#12192,#12193,#12194),
 .UNSPECIFIED.,.F.,.F.,(4,1,4),(0.,0.138963073486959,0.332211384747884),
 .UNSPECIFIED.);
#621=B_SPLINE_CURVE_WITH_KNOTS('',3,(#12197,#12198,#12199,#12200,#12201),
 .UNSPECIFIED.,.F.,.F.,(4,1,4),(0.,0.138963073486959,0.332211384747884),
 .UNSPECIFIED.);
#622=B_SPLINE_CURVE_WITH_KNOTS('',3,(#12213,#12214,#12215,#12216,#12217),
 .UNSPECIFIED.,.F.,.F.,(4,1,4),(0.,0.143382850458559,0.292189595106018),
 .UNSPECIFIED.);
#623=B_SPLINE_CURVE_WITH_KNOTS('',3,(#12220,#12221,#12222,#12223,#12224),
 .UNSPECIFIED.,.F.,.F.,(4,1,4),(0.,0.143382850458559,0.292189595106018),
 .UNSPECIFIED.);
#624=B_SPLINE_CURVE_WITH_KNOTS('',3,(#12236,#12237,#12238,#12239,#12240),
 .UNSPECIFIED.,.F.,.F.,(4,1,4),(0.,0.145560129885748,0.286788518718712),
 .UNSPECIFIED.);
#625=B_SPLINE_CURVE_WITH_KNOTS('',3,(#12243,#12244,#12245,#12246,#12247),
 .UNSPECIFIED.,.F.,.F.,(4,1,4),(0.,0.145560129885748,0.286788518718712),
 .UNSPECIFIED.);
#626=B_SPLINE_CURVE_WITH_KNOTS('',3,(#12259,#12260,#12261,#12262,#12263),
 .UNSPECIFIED.,.F.,.F.,(4,1,4),(0.,0.153787521539803,0.302990095693961),
 .UNSPECIFIED.);
#627=B_SPLINE_CURVE_WITH_KNOTS('',3,(#12266,#12267,#12268,#12269,#12270),
 .UNSPECIFIED.,.F.,.F.,(4,1,4),(0.,0.153787521539803,0.302990095693961),
 .UNSPECIFIED.);
#628=B_SPLINE_CURVE_WITH_KNOTS('',3,(#12282,#12283,#12284,#12285,#12286),
 .UNSPECIFIED.,.F.,.F.,(4,1,4),(0.,0.246010489069024,0.498501000499208),
 .UNSPECIFIED.);
#629=B_SPLINE_CURVE_WITH_KNOTS('',3,(#12289,#12290,#12291,#12292,#12293),
 .UNSPECIFIED.,.F.,.F.,(4,1,4),(0.,0.246010489069024,0.498501000499208),
 .UNSPECIFIED.);
#630=B_SPLINE_CURVE_WITH_KNOTS('',3,(#12305,#12306,#12307,#12308,#12309),
 .UNSPECIFIED.,.F.,.F.,(4,1,4),(0.,0.319684690425587,0.587792929557809),
 .UNSPECIFIED.);
#631=B_SPLINE_CURVE_WITH_KNOTS('',3,(#12312,#12313,#12314,#12315,#12316),
 .UNSPECIFIED.,.F.,.F.,(4,1,4),(0.,0.319684690425587,0.587792929557809),
 .UNSPECIFIED.);
#632=B_SPLINE_CURVE_WITH_KNOTS('',3,(#12328,#12329,#12330,#12331,#12332),
 .UNSPECIFIED.,.F.,.F.,(4,1,4),(0.,0.203418398401691,0.41418994441894),
 .UNSPECIFIED.);
#633=B_SPLINE_CURVE_WITH_KNOTS('',3,(#12335,#12336,#12337,#12338,#12339),
 .UNSPECIFIED.,.F.,.F.,(4,1,4),(0.,0.203418398401691,0.41418994441894),
 .UNSPECIFIED.);
#634=B_SPLINE_CURVE_WITH_KNOTS('',3,(#12351,#12352,#12353,#12354,#12355),
 .UNSPECIFIED.,.F.,.F.,(4,1,4),(0.,0.249665627154072,0.465875606157469),
 .UNSPECIFIED.);
#635=B_SPLINE_CURVE_WITH_KNOTS('',3,(#12358,#12359,#12360,#12361,#12362),
 .UNSPECIFIED.,.F.,.F.,(4,1,4),(0.,0.249665627154072,0.465875606157469),
 .UNSPECIFIED.);
#636=B_SPLINE_CURVE_WITH_KNOTS('',3,(#12373,#12374,#12375,#12376,#12377),
 .UNSPECIFIED.,.F.,.F.,(4,1,4),(0.,0.132929340488934,0.279128596781847),
 .UNSPECIFIED.);
#637=B_SPLINE_CURVE_WITH_KNOTS('',3,(#12378,#12379,#12380,#12381,#12382),
 .UNSPECIFIED.,.F.,.F.,(4,1,4),(0.,0.132929340488934,0.279128596781847),
 .UNSPECIFIED.);
#638=B_SPLINE_CURVE_WITH_KNOTS('',3,(#12396,#12397,#12398,#12399,#12400),
 .UNSPECIFIED.,.F.,.F.,(4,1,4),(0.,0.197704692801979,0.392062219579183),
 .UNSPECIFIED.);
#639=B_SPLINE_CURVE_WITH_KNOTS('',3,(#12404,#12405,#12406,#12407,#12408),
 .UNSPECIFIED.,.F.,.F.,(4,1,4),(0.,0.197704692801979,0.392062219579183),
 .UNSPECIFIED.);
#640=B_SPLINE_CURVE_WITH_KNOTS('',3,(#12421,#12422,#12423,#12424,#12425),
 .UNSPECIFIED.,.F.,.F.,(4,1,4),(0.,0.224235245715028,0.515058351047486),
 .UNSPECIFIED.);
#641=B_SPLINE_CURVE_WITH_KNOTS('',3,(#12427,#12428,#12429,#12430,#12431),
 .UNSPECIFIED.,.F.,.F.,(4,1,4),(0.,0.224235245715028,0.515058351047486),
 .UNSPECIFIED.);
#642=B_SPLINE_CURVE_WITH_KNOTS('',3,(#12477,#12478,#12479,#12480,#12481),
 .UNSPECIFIED.,.F.,.F.,(4,1,4),(0.,0.286336682776149,0.503065197958542),
 .UNSPECIFIED.);
#643=B_SPLINE_CURVE_WITH_KNOTS('',3,(#12483,#12484,#12485,#12486,#12487),
 .UNSPECIFIED.,.F.,.F.,(4,1,4),(0.,0.286336682776149,0.503065197958542),
 .UNSPECIFIED.);
#644=B_SPLINE_CURVE_WITH_KNOTS('',3,(#12500,#12501,#12502,#12503,#12504),
 .UNSPECIFIED.,.F.,.F.,(4,1,4),(0.,0.161874894814663,0.285217642356514),
 .UNSPECIFIED.);
#645=B_SPLINE_CURVE_WITH_KNOTS('',3,(#12506,#12507,#12508,#12509,#12510),
 .UNSPECIFIED.,.F.,.F.,(4,1,4),(0.,0.161874894814663,0.285217642356514),
 .UNSPECIFIED.);
#646=B_SPLINE_CURVE_WITH_KNOTS('',3,(#12523,#12524,#12525,#12526,#12527),
 .UNSPECIFIED.,.F.,.F.,(4,1,4),(0.,0.102095561094734,0.198600610457521),
 .UNSPECIFIED.);
#647=B_SPLINE_CURVE_WITH_KNOTS('',3,(#12529,#12530,#12531,#12532,#12533),
 .UNSPECIFIED.,.F.,.F.,(4,1,4),(0.,0.102095561094734,0.198600610457521),
 .UNSPECIFIED.);
#648=B_SPLINE_CURVE_WITH_KNOTS('',3,(#12546,#12547,#12548,#12549,#12550),
 .UNSPECIFIED.,.F.,.F.,(4,1,4),(0.,0.0896636142019026,0.221704046882322),
 .UNSPECIFIED.);
#649=B_SPLINE_CURVE_WITH_KNOTS('',3,(#12552,#12553,#12554,#12555,#12556),
 .UNSPECIFIED.,.F.,.F.,(4,1,4),(0.,0.0896636142019026,0.221704046882322),
 .UNSPECIFIED.);
#650=B_SPLINE_CURVE_WITH_KNOTS('',3,(#12587,#12588,#12589,#12590,#12591),
 .UNSPECIFIED.,.F.,.F.,(4,1,4),(0.,0.142372001486265,0.28370906864838),
 .UNSPECIFIED.);
#651=B_SPLINE_CURVE_WITH_KNOTS('',3,(#12594,#12595,#12596,#12597,#12598),
 .UNSPECIFIED.,.F.,.F.,(4,1,4),(0.,0.142372001486265,0.28370906864838),
 .UNSPECIFIED.);
#652=B_SPLINE_CURVE_WITH_KNOTS('',3,(#12610,#12611,#12612,#12613,#12614),
 .UNSPECIFIED.,.F.,.F.,(4,1,4),(0.,0.153602332854982,0.298795674917321),
 .UNSPECIFIED.);
#653=B_SPLINE_CURVE_WITH_KNOTS('',3,(#12617,#12618,#12619,#12620,#12621),
 .UNSPECIFIED.,.F.,.F.,(4,1,4),(0.,0.153602332854982,0.298795674917321),
 .UNSPECIFIED.);
#654=B_SPLINE_CURVE_WITH_KNOTS('',3,(#12633,#12634,#12635,#12636,#12637),
 .UNSPECIFIED.,.F.,.F.,(4,1,4),(0.,0.242904261403061,0.430856055401882),
 .UNSPECIFIED.);
#655=B_SPLINE_CURVE_WITH_KNOTS('',3,(#12640,#12641,#12642,#12643,#12644),
 .UNSPECIFIED.,.F.,.F.,(4,1,4),(0.,0.242904261403061,0.430856055401882),
 .UNSPECIFIED.);
#656=B_SPLINE_CURVE_WITH_KNOTS('',3,(#12659,#12660,#12661,#12662,#12663),
 .UNSPECIFIED.,.F.,.F.,(4,1,4),(0.,0.246821740676224,0.518502907478279),
 .UNSPECIFIED.);
#657=B_SPLINE_CURVE_WITH_KNOTS('',3,(#12666,#12667,#12668,#12669,#12670),
 .UNSPECIFIED.,.F.,.F.,(4,1,4),(0.,0.246821740676224,0.518502907478279),
 .UNSPECIFIED.);
#658=B_SPLINE_CURVE_WITH_KNOTS('',3,(#12682,#12683,#12684,#12685,#12686),
 .UNSPECIFIED.,.F.,.F.,(4,1,4),(0.,0.157725996669011,0.282867624008791),
 .UNSPECIFIED.);
#659=B_SPLINE_CURVE_WITH_KNOTS('',3,(#12689,#12690,#12691,#12692,#12693),
 .UNSPECIFIED.,.F.,.F.,(4,1,4),(0.,0.157725996669011,0.282867624008791),
 .UNSPECIFIED.);
#660=B_SPLINE_CURVE_WITH_KNOTS('',3,(#12705,#12706,#12707,#12708,#12709),
 .UNSPECIFIED.,.F.,.F.,(4,1,4),(0.,0.318135631745814,0.706541965185306),
 .UNSPECIFIED.);
#661=B_SPLINE_CURVE_WITH_KNOTS('',3,(#12712,#12713,#12714,#12715,#12716),
 .UNSPECIFIED.,.F.,.F.,(4,1,4),(0.,0.318135631745814,0.706541965185306),
 .UNSPECIFIED.);
#662=B_SPLINE_CURVE_WITH_KNOTS('',3,(#12728,#12729,#12730,#12731,#12732),
 .UNSPECIFIED.,.F.,.F.,(4,1,4),(0.,0.298671490439151,0.587774587680199),
 .UNSPECIFIED.);
#663=B_SPLINE_CURVE_WITH_KNOTS('',3,(#12735,#12736,#12737,#12738,#12739),
 .UNSPECIFIED.,.F.,.F.,(4,1,4),(0.,0.298671490439151,0.587774587680199),
 .UNSPECIFIED.);
#664=B_SPLINE_CURVE_WITH_KNOTS('',3,(#12751,#12752,#12753,#12754,#12755),
 .UNSPECIFIED.,.F.,.F.,(4,1,4),(0.,0.234849984133621,0.473765888873095),
 .UNSPECIFIED.);
#665=B_SPLINE_CURVE_WITH_KNOTS('',3,(#12758,#12759,#12760,#12761,#12762),
 .UNSPECIFIED.,.F.,.F.,(4,1,4),(0.,0.234849984133621,0.473765888873095),
 .UNSPECIFIED.);
#666=B_SPLINE_CURVE_WITH_KNOTS('',3,(#12774,#12775,#12776,#12777,#12778),
 .UNSPECIFIED.,.F.,.F.,(4,1,4),(0.,0.218512854598265,0.445286332684139),
 .UNSPECIFIED.);
#667=B_SPLINE_CURVE_WITH_KNOTS('',3,(#12781,#12782,#12783,#12784,#12785),
 .UNSPECIFIED.,.F.,.F.,(4,1,4),(0.,0.218512854598265,0.445286332684139),
 .UNSPECIFIED.);
#668=B_SPLINE_CURVE_WITH_KNOTS('',3,(#12797,#12798,#12799,#12800,#12801),
 .UNSPECIFIED.,.F.,.F.,(4,1,4),(0.,0.353579302483802,0.61745904757491),
 .UNSPECIFIED.);
#669=B_SPLINE_CURVE_WITH_KNOTS('',3,(#12804,#12805,#12806,#12807,#12808),
 .UNSPECIFIED.,.F.,.F.,(4,1,4),(0.,0.353579302483802,0.61745904757491),
 .UNSPECIFIED.);
#670=ELLIPSE('',#6381,3.00411703799376,3.);
#671=ELLIPSE('',#6383,3.00411703799376,3.);
#672=ELLIPSE('',#6384,3.00411703799377,3.00000000000001);
#673=ELLIPSE('',#6385,3.00411703799377,3.00000000000001);
#674=ELLIPSE('',#6386,3.00411703799373,2.99999999999997);
#675=ELLIPSE('',#6387,3.00411703799373,2.99999999999997);
#676=ELLIPSE('',#6420,3.00411703799373,2.99999999999997);
#677=ELLIPSE('',#6438,3.00411703799377,3.00000000000001);
#678=ELLIPSE('',#6440,3.00411703799377,3.00000000000001);
#679=ELLIPSE('',#6447,3.00411703799376,3.);
#680=ELLIPSE('',#6448,3.00411703799373,2.99999999999997);
#681=ELLIPSE('',#6449,3.00411703799373,2.99999999999997);
#682=PLANE('',#6374);
#683=PLANE('',#6377);
#684=PLANE('',#6380);
#685=PLANE('',#6382);
#686=PLANE('',#6390);
#687=PLANE('',#6409);
#688=PLANE('',#6419);
#689=PLANE('',#6428);
#690=PLANE('',#6431);
#691=PLANE('',#6434);
#692=PLANE('',#6435);
#693=PLANE('',#6436);
#694=PLANE('',#6441);
#695=PLANE('',#6446);
#696=PLANE('',#6450);
#697=PLANE('',#6451);
#698=PLANE('',#6452);
#699=PLANE('',#6453);
#700=PLANE('',#6454);
#701=PLANE('',#6455);
#702=PLANE('',#6456);
#703=PLANE('',#6457);
#704=PLANE('',#6458);
#705=PLANE('',#6459);
#706=PLANE('',#6460);
#707=PLANE('',#6461);
#708=PLANE('',#6462);
#709=PLANE('',#6463);
#710=PLANE('',#6464);
#711=PLANE('',#6465);
#712=PLANE('',#6466);
#713=PLANE('',#6467);
#714=PLANE('',#6468);
#715=PLANE('',#6469);
#716=PLANE('',#6470);
#717=PLANE('',#6471);
#718=PLANE('',#6472);
#719=PLANE('',#6473);
#720=PLANE('',#6474);
#721=PLANE('',#6475);
#722=PLANE('',#6476);
#723=PLANE('',#6477);
#724=PLANE('',#6478);
#725=PLANE('',#6479);
#726=PLANE('',#6480);
#727=PLANE('',#6481);
#728=PLANE('',#6482);
#729=PLANE('',#6483);
#730=PLANE('',#6484);
#731=PLANE('',#6485);
#732=PLANE('',#6486);
#733=PLANE('',#6487);
#734=PLANE('',#6488);
#735=PLANE('',#6489);
#736=PLANE('',#6490);
#737=PLANE('',#6491);
#738=PLANE('',#6492);
#739=PLANE('',#6493);
#740=PLANE('',#6494);
#741=PLANE('',#6495);
#742=PLANE('',#6496);
#743=PLANE('',#6497);
#744=PLANE('',#6498);
#745=PLANE('',#6499);
#746=PLANE('',#6500);
#747=PLANE('',#6501);
#748=PLANE('',#6502);
#749=PLANE('',#6503);
#750=PLANE('',#6504);
#751=PLANE('',#6505);
#752=PLANE('',#6506);
#753=PLANE('',#6507);
#754=PLANE('',#6508);
#755=PLANE('',#6509);
#756=PLANE('',#6510);
#757=PLANE('',#6511);
#758=PLANE('',#6512);
#759=PLANE('',#6513);
#760=PLANE('',#6514);
#761=PLANE('',#6515);
#762=PLANE('',#6516);
#763=PLANE('',#6517);
#764=PLANE('',#6518);
#765=PLANE('',#6519);
#766=PLANE('',#6520);
#767=PLANE('',#6521);
#768=PLANE('',#6522);
#769=PLANE('',#6523);
#770=PLANE('',#6524);
#771=PLANE('',#6525);
#772=PLANE('',#6526);
#773=PLANE('',#6527);
#774=PLANE('',#6528);
#775=PLANE('',#6529);
#776=PLANE('',#6536);
#777=PLANE('',#6537);
#778=PLANE('',#6540);
#779=PLANE('',#6543);
#780=PLANE('',#6546);
#781=PLANE('',#6549);
#782=PLANE('',#6552);
#783=PLANE('',#6555);
#784=SPHERICAL_SURFACE('',#6364,2.);
#785=SPHERICAL_SURFACE('',#6366,2.);
#786=SPHERICAL_SURFACE('',#6368,2.);
#787=SPHERICAL_SURFACE('',#6370,2.);
#788=SPHERICAL_SURFACE('',#6397,2.);
#789=SPHERICAL_SURFACE('',#6406,2.);
#790=SPHERICAL_SURFACE('',#6407,2.);
#791=SPHERICAL_SURFACE('',#6425,2.);
#792=TOROIDAL_SURFACE('',#6352,4.,2.);
#793=TOROIDAL_SURFACE('',#6401,4.,2.);
#794=FACE_OUTER_BOUND('',#1143,.T.);
#795=FACE_OUTER_BOUND('',#1144,.T.);
#796=FACE_OUTER_BOUND('',#1145,.T.);
#797=FACE_OUTER_BOUND('',#1146,.T.);
#798=FACE_OUTER_BOUND('',#1147,.T.);
#799=FACE_OUTER_BOUND('',#1148,.T.);
#800=FACE_OUTER_BOUND('',#1149,.T.);
#801=FACE_OUTER_BOUND('',#1150,.T.);
#802=FACE_OUTER_BOUND('',#1151,.T.);
#803=FACE_OUTER_BOUND('',#1152,.T.);
#804=FACE_OUTER_BOUND('',#1153,.T.);
#805=FACE_OUTER_BOUND('',#1154,.T.);
#806=FACE_OUTER_BOUND('',#1155,.T.);
#807=FACE_OUTER_BOUND('',#1156,.T.);
#808=FACE_OUTER_BOUND('',#1157,.T.);
#809=FACE_OUTER_BOUND('',#1158,.T.);
#810=FACE_OUTER_BOUND('',#1159,.T.);
#811=FACE_OUTER_BOUND('',#1160,.T.);
#812=FACE_OUTER_BOUND('',#1161,.T.);
#813=FACE_OUTER_BOUND('',#1162,.T.);
#814=FACE_OUTER_BOUND('',#1163,.T.);
#815=FACE_OUTER_BOUND('',#1164,.T.);
#816=FACE_OUTER_BOUND('',#1165,.T.);
#817=FACE_OUTER_BOUND('',#1166,.T.);
#818=FACE_OUTER_BOUND('',#1167,.T.);
#819=FACE_OUTER_BOUND('',#1168,.T.);
#820=FACE_OUTER_BOUND('',#1169,.T.);
#821=FACE_OUTER_BOUND('',#1170,.T.);
#822=FACE_OUTER_BOUND('',#1171,.T.);
#823=FACE_OUTER_BOUND('',#1178,.T.);
#824=FACE_OUTER_BOUND('',#1179,.T.);
#825=FACE_OUTER_BOUND('',#1180,.T.);
#826=FACE_OUTER_BOUND('',#1181,.T.);
#827=FACE_OUTER_BOUND('',#1182,.T.);
#828=FACE_OUTER_BOUND('',#1183,.T.);
#829=FACE_OUTER_BOUND('',#1184,.T.);
#830=FACE_OUTER_BOUND('',#1185,.T.);
#831=FACE_OUTER_BOUND('',#1186,.T.);
#832=FACE_OUTER_BOUND('',#1187,.T.);
#833=FACE_OUTER_BOUND('',#1188,.T.);
#834=FACE_OUTER_BOUND('',#1189,.T.);
#835=FACE_OUTER_BOUND('',#1190,.T.);
#836=FACE_OUTER_BOUND('',#1191,.T.);
#837=FACE_OUTER_BOUND('',#1192,.T.);
#838=FACE_OUTER_BOUND('',#1193,.T.);
#839=FACE_OUTER_BOUND('',#1194,.T.);
#840=FACE_OUTER_BOUND('',#1195,.T.);
#841=FACE_OUTER_BOUND('',#1196,.T.);
#842=FACE_OUTER_BOUND('',#1197,.T.);
#843=FACE_OUTER_BOUND('',#1198,.T.);
#844=FACE_OUTER_BOUND('',#1199,.T.);
#845=FACE_OUTER_BOUND('',#1200,.T.);
#846=FACE_OUTER_BOUND('',#1201,.T.);
#847=FACE_OUTER_BOUND('',#1202,.T.);
#848=FACE_OUTER_BOUND('',#1203,.T.);
#849=FACE_OUTER_BOUND('',#1204,.T.);
#850=FACE_OUTER_BOUND('',#1205,.T.);
#851=FACE_OUTER_BOUND('',#1206,.T.);
#852=FACE_OUTER_BOUND('',#1207,.T.);
#853=FACE_OUTER_BOUND('',#1208,.T.);
#854=FACE_OUTER_BOUND('',#1209,.T.);
#855=FACE_OUTER_BOUND('',#1210,.T.);
#856=FACE_OUTER_BOUND('',#1211,.T.);
#857=FACE_OUTER_BOUND('',#1212,.T.);
#858=FACE_OUTER_BOUND('',#1213,.T.);
#859=FACE_OUTER_BOUND('',#1214,.T.);
#860=FACE_OUTER_BOUND('',#1215,.T.);
#861=FACE_OUTER_BOUND('',#1217,.T.);
#862=FACE_OUTER_BOUND('',#1218,.T.);
#863=FACE_OUTER_BOUND('',#1219,.T.);
#864=FACE_OUTER_BOUND('',#1220,.T.);
#865=FACE_OUTER_BOUND('',#1221,.T.);
#866=FACE_OUTER_BOUND('',#1222,.T.);
#867=FACE_OUTER_BOUND('',#1223,.T.);
#868=FACE_OUTER_BOUND('',#1224,.T.);
#869=FACE_OUTER_BOUND('',#1225,.T.);
#870=FACE_OUTER_BOUND('',#1226,.T.);
#871=FACE_OUTER_BOUND('',#1227,.T.);
#872=FACE_OUTER_BOUND('',#1228,.T.);
#873=FACE_OUTER_BOUND('',#1229,.T.);
#874=FACE_OUTER_BOUND('',#1230,.T.);
#875=FACE_OUTER_BOUND('',#1231,.T.);
#876=FACE_OUTER_BOUND('',#1232,.T.);
#877=FACE_OUTER_BOUND('',#1233,.T.);
#878=FACE_OUTER_BOUND('',#1234,.T.);
#879=FACE_OUTER_BOUND('',#1235,.T.);
#880=FACE_OUTER_BOUND('',#1236,.T.);
#881=FACE_OUTER_BOUND('',#1237,.T.);
#882=FACE_OUTER_BOUND('',#1238,.T.);
#883=FACE_OUTER_BOUND('',#1239,.T.);
#884=FACE_OUTER_BOUND('',#1240,.T.);
#885=FACE_OUTER_BOUND('',#1242,.T.);
#886=FACE_OUTER_BOUND('',#1243,.T.);
#887=FACE_OUTER_BOUND('',#1244,.T.);
#888=FACE_OUTER_BOUND('',#1245,.T.);
#889=FACE_OUTER_BOUND('',#1246,.T.);
#890=FACE_OUTER_BOUND('',#1247,.T.);
#891=FACE_OUTER_BOUND('',#1248,.T.);
#892=FACE_OUTER_BOUND('',#1249,.T.);
#893=FACE_OUTER_BOUND('',#1250,.T.);
#894=FACE_OUTER_BOUND('',#1251,.T.);
#895=FACE_OUTER_BOUND('',#1252,.T.);
#896=FACE_OUTER_BOUND('',#1253,.T.);
#897=FACE_OUTER_BOUND('',#1254,.T.);
#898=FACE_OUTER_BOUND('',#1255,.T.);
#899=FACE_OUTER_BOUND('',#1256,.T.);
#900=FACE_OUTER_BOUND('',#1257,.T.);
#901=FACE_OUTER_BOUND('',#1258,.T.);
#902=FACE_OUTER_BOUND('',#1259,.T.);
#903=FACE_OUTER_BOUND('',#1260,.T.);
#904=FACE_OUTER_BOUND('',#1261,.T.);
#905=FACE_OUTER_BOUND('',#1262,.T.);
#906=FACE_OUTER_BOUND('',#1263,.T.);
#907=FACE_OUTER_BOUND('',#1264,.T.);
#908=FACE_OUTER_BOUND('',#1265,.T.);
#909=FACE_OUTER_BOUND('',#1266,.T.);
#910=FACE_OUTER_BOUND('',#1267,.T.);
#911=FACE_OUTER_BOUND('',#1268,.T.);
#912=FACE_OUTER_BOUND('',#1269,.T.);
#913=FACE_OUTER_BOUND('',#1270,.T.);
#914=FACE_OUTER_BOUND('',#1271,.T.);
#915=FACE_OUTER_BOUND('',#1272,.T.);
#916=FACE_OUTER_BOUND('',#1273,.T.);
#917=FACE_OUTER_BOUND('',#1275,.T.);
#918=FACE_OUTER_BOUND('',#1276,.T.);
#919=FACE_OUTER_BOUND('',#1277,.T.);
#920=FACE_OUTER_BOUND('',#1278,.T.);
#921=FACE_OUTER_BOUND('',#1279,.T.);
#922=FACE_OUTER_BOUND('',#1280,.T.);
#923=FACE_OUTER_BOUND('',#1281,.T.);
#924=FACE_OUTER_BOUND('',#1282,.T.);
#925=FACE_OUTER_BOUND('',#1283,.T.);
#926=FACE_OUTER_BOUND('',#1284,.T.);
#927=FACE_OUTER_BOUND('',#1285,.T.);
#928=FACE_OUTER_BOUND('',#1286,.T.);
#929=FACE_OUTER_BOUND('',#1287,.T.);
#930=FACE_OUTER_BOUND('',#1288,.T.);
#931=FACE_OUTER_BOUND('',#1289,.T.);
#932=FACE_OUTER_BOUND('',#1290,.T.);
#933=FACE_OUTER_BOUND('',#1291,.T.);
#934=FACE_OUTER_BOUND('',#1292,.T.);
#935=FACE_OUTER_BOUND('',#1293,.T.);
#936=FACE_OUTER_BOUND('',#1294,.T.);
#937=FACE_OUTER_BOUND('',#1295,.T.);
#938=FACE_OUTER_BOUND('',#1296,.T.);
#939=FACE_OUTER_BOUND('',#1297,.T.);
#940=FACE_OUTER_BOUND('',#1298,.T.);
#941=FACE_OUTER_BOUND('',#1299,.T.);
#942=FACE_OUTER_BOUND('',#1300,.T.);
#943=FACE_OUTER_BOUND('',#1301,.T.);
#944=FACE_OUTER_BOUND('',#1302,.T.);
#945=FACE_OUTER_BOUND('',#1303,.T.);
#946=FACE_OUTER_BOUND('',#1304,.T.);
#947=FACE_OUTER_BOUND('',#1305,.T.);
#948=FACE_OUTER_BOUND('',#1306,.T.);
#949=FACE_OUTER_BOUND('',#1307,.T.);
#950=FACE_OUTER_BOUND('',#1308,.T.);
#951=FACE_OUTER_BOUND('',#1309,.T.);
#952=FACE_OUTER_BOUND('',#1310,.T.);
#953=FACE_OUTER_BOUND('',#1311,.T.);
#954=FACE_OUTER_BOUND('',#1313,.T.);
#955=FACE_OUTER_BOUND('',#1314,.T.);
#956=FACE_OUTER_BOUND('',#1315,.T.);
#957=FACE_OUTER_BOUND('',#1316,.T.);
#958=FACE_OUTER_BOUND('',#1317,.T.);
#959=FACE_OUTER_BOUND('',#1318,.T.);
#960=FACE_OUTER_BOUND('',#1319,.T.);
#961=FACE_OUTER_BOUND('',#1320,.T.);
#962=FACE_OUTER_BOUND('',#1321,.T.);
#963=FACE_OUTER_BOUND('',#1322,.T.);
#964=FACE_OUTER_BOUND('',#1323,.T.);
#965=FACE_OUTER_BOUND('',#1324,.T.);
#966=FACE_OUTER_BOUND('',#1325,.T.);
#967=FACE_OUTER_BOUND('',#1326,.T.);
#968=FACE_OUTER_BOUND('',#1327,.T.);
#969=FACE_OUTER_BOUND('',#1328,.T.);
#970=FACE_OUTER_BOUND('',#1329,.T.);
#971=FACE_OUTER_BOUND('',#1330,.T.);
#972=FACE_OUTER_BOUND('',#1331,.T.);
#973=FACE_OUTER_BOUND('',#1332,.T.);
#974=FACE_OUTER_BOUND('',#1333,.T.);
#975=FACE_OUTER_BOUND('',#1334,.T.);
#976=FACE_OUTER_BOUND('',#1335,.T.);
#977=FACE_OUTER_BOUND('',#1336,.T.);
#978=FACE_OUTER_BOUND('',#1337,.T.);
#979=FACE_OUTER_BOUND('',#1338,.T.);
#980=FACE_OUTER_BOUND('',#1339,.T.);
#981=FACE_OUTER_BOUND('',#1340,.T.);
#982=FACE_OUTER_BOUND('',#1341,.T.);
#983=FACE_OUTER_BOUND('',#1342,.T.);
#984=FACE_OUTER_BOUND('',#1343,.T.);
#985=FACE_OUTER_BOUND('',#1344,.T.);
#986=FACE_OUTER_BOUND('',#1345,.T.);
#987=FACE_OUTER_BOUND('',#1346,.T.);
#988=FACE_OUTER_BOUND('',#1347,.T.);
#989=FACE_OUTER_BOUND('',#1348,.T.);
#990=FACE_OUTER_BOUND('',#1349,.T.);
#991=FACE_OUTER_BOUND('',#1350,.T.);
#992=FACE_OUTER_BOUND('',#1352,.T.);
#993=FACE_OUTER_BOUND('',#1353,.T.);
#994=FACE_OUTER_BOUND('',#1354,.T.);
#995=FACE_OUTER_BOUND('',#1355,.T.);
#996=FACE_OUTER_BOUND('',#1356,.T.);
#997=FACE_OUTER_BOUND('',#1357,.T.);
#998=FACE_OUTER_BOUND('',#1358,.T.);
#999=FACE_OUTER_BOUND('',#1359,.T.);
#1000=FACE_OUTER_BOUND('',#1360,.T.);
#1001=FACE_OUTER_BOUND('',#1361,.T.);
#1002=FACE_OUTER_BOUND('',#1362,.T.);
#1003=FACE_OUTER_BOUND('',#1363,.T.);
#1004=FACE_OUTER_BOUND('',#1364,.T.);
#1005=FACE_OUTER_BOUND('',#1365,.T.);
#1006=FACE_OUTER_BOUND('',#1366,.T.);
#1007=FACE_OUTER_BOUND('',#1367,.T.);
#1008=FACE_OUTER_BOUND('',#1368,.T.);
#1009=FACE_OUTER_BOUND('',#1369,.T.);
#1010=FACE_OUTER_BOUND('',#1370,.T.);
#1011=FACE_OUTER_BOUND('',#1371,.T.);
#1012=FACE_OUTER_BOUND('',#1372,.T.);
#1013=FACE_OUTER_BOUND('',#1373,.T.);
#1014=FACE_OUTER_BOUND('',#1374,.T.);
#1015=FACE_OUTER_BOUND('',#1375,.T.);
#1016=FACE_OUTER_BOUND('',#1376,.T.);
#1017=FACE_OUTER_BOUND('',#1377,.T.);
#1018=FACE_OUTER_BOUND('',#1378,.T.);
#1019=FACE_OUTER_BOUND('',#1379,.T.);
#1020=FACE_OUTER_BOUND('',#1380,.T.);
#1021=FACE_OUTER_BOUND('',#1381,.T.);
#1022=FACE_OUTER_BOUND('',#1382,.T.);
#1023=FACE_OUTER_BOUND('',#1383,.T.);
#1024=FACE_OUTER_BOUND('',#1384,.T.);
#1025=FACE_OUTER_BOUND('',#1385,.T.);
#1026=FACE_OUTER_BOUND('',#1388,.T.);
#1027=FACE_OUTER_BOUND('',#1389,.T.);
#1028=FACE_OUTER_BOUND('',#1390,.T.);
#1029=FACE_OUTER_BOUND('',#1391,.T.);
#1030=FACE_OUTER_BOUND('',#1392,.T.);
#1031=FACE_OUTER_BOUND('',#1393,.T.);
#1032=FACE_OUTER_BOUND('',#1394,.T.);
#1033=FACE_OUTER_BOUND('',#1395,.T.);
#1034=FACE_OUTER_BOUND('',#1396,.T.);
#1035=FACE_OUTER_BOUND('',#1397,.T.);
#1036=FACE_OUTER_BOUND('',#1398,.T.);
#1037=FACE_OUTER_BOUND('',#1399,.T.);
#1038=FACE_OUTER_BOUND('',#1400,.T.);
#1039=FACE_OUTER_BOUND('',#1401,.T.);
#1040=FACE_OUTER_BOUND('',#1402,.T.);
#1041=FACE_OUTER_BOUND('',#1403,.T.);
#1042=FACE_OUTER_BOUND('',#1404,.T.);
#1043=FACE_OUTER_BOUND('',#1405,.T.);
#1044=FACE_OUTER_BOUND('',#1406,.T.);
#1045=FACE_OUTER_BOUND('',#1407,.T.);
#1046=FACE_OUTER_BOUND('',#1408,.T.);
#1047=FACE_OUTER_BOUND('',#1410,.T.);
#1048=FACE_OUTER_BOUND('',#1411,.T.);
#1049=FACE_OUTER_BOUND('',#1412,.T.);
#1050=FACE_OUTER_BOUND('',#1413,.T.);
#1051=FACE_OUTER_BOUND('',#1414,.T.);
#1052=FACE_OUTER_BOUND('',#1415,.T.);
#1053=FACE_OUTER_BOUND('',#1416,.T.);
#1054=FACE_OUTER_BOUND('',#1417,.T.);
#1055=FACE_OUTER_BOUND('',#1418,.T.);
#1056=FACE_OUTER_BOUND('',#1419,.T.);
#1057=FACE_OUTER_BOUND('',#1420,.T.);
#1058=FACE_OUTER_BOUND('',#1421,.T.);
#1059=FACE_OUTER_BOUND('',#1422,.T.);
#1060=FACE_OUTER_BOUND('',#1423,.T.);
#1061=FACE_OUTER_BOUND('',#1424,.T.);
#1062=FACE_OUTER_BOUND('',#1425,.T.);
#1063=FACE_OUTER_BOUND('',#1426,.T.);
#1064=FACE_OUTER_BOUND('',#1427,.T.);
#1065=FACE_OUTER_BOUND('',#1428,.T.);
#1066=FACE_OUTER_BOUND('',#1429,.T.);
#1067=FACE_OUTER_BOUND('',#1430,.T.);
#1068=FACE_OUTER_BOUND('',#1431,.T.);
#1069=FACE_OUTER_BOUND('',#1432,.T.);
#1070=FACE_OUTER_BOUND('',#1433,.T.);
#1071=FACE_OUTER_BOUND('',#1434,.T.);
#1072=FACE_OUTER_BOUND('',#1435,.T.);
#1073=FACE_OUTER_BOUND('',#1436,.T.);
#1074=FACE_OUTER_BOUND('',#1437,.T.);
#1075=FACE_OUTER_BOUND('',#1438,.T.);
#1076=FACE_OUTER_BOUND('',#1439,.T.);
#1077=FACE_OUTER_BOUND('',#1440,.T.);
#1078=FACE_OUTER_BOUND('',#1441,.T.);
#1079=FACE_OUTER_BOUND('',#1442,.T.);
#1080=FACE_OUTER_BOUND('',#1443,.T.);
#1081=FACE_OUTER_BOUND('',#1444,.T.);
#1082=FACE_OUTER_BOUND('',#1445,.T.);
#1083=FACE_OUTER_BOUND('',#1446,.T.);
#1084=FACE_OUTER_BOUND('',#1447,.T.);
#1085=FACE_OUTER_BOUND('',#1449,.T.);
#1086=FACE_OUTER_BOUND('',#1450,.T.);
#1087=FACE_OUTER_BOUND('',#1451,.T.);
#1088=FACE_OUTER_BOUND('',#1452,.T.);
#1089=FACE_OUTER_BOUND('',#1453,.T.);
#1090=FACE_OUTER_BOUND('',#1454,.T.);
#1091=FACE_OUTER_BOUND('',#1455,.T.);
#1092=FACE_OUTER_BOUND('',#1456,.T.);
#1093=FACE_OUTER_BOUND('',#1457,.T.);
#1094=FACE_OUTER_BOUND('',#1458,.T.);
#1095=FACE_OUTER_BOUND('',#1459,.T.);
#1096=FACE_OUTER_BOUND('',#1460,.T.);
#1097=FACE_OUTER_BOUND('',#1461,.T.);
#1098=FACE_OUTER_BOUND('',#1462,.T.);
#1099=FACE_OUTER_BOUND('',#1463,.T.);
#1100=FACE_OUTER_BOUND('',#1464,.T.);
#1101=FACE_OUTER_BOUND('',#1465,.T.);
#1102=FACE_OUTER_BOUND('',#1466,.T.);
#1103=FACE_OUTER_BOUND('',#1467,.T.);
#1104=FACE_OUTER_BOUND('',#1468,.T.);
#1105=FACE_OUTER_BOUND('',#1469,.T.);
#1106=FACE_OUTER_BOUND('',#1470,.T.);
#1107=FACE_OUTER_BOUND('',#1471,.T.);
#1108=FACE_OUTER_BOUND('',#1472,.T.);
#1109=FACE_OUTER_BOUND('',#1473,.T.);
#1110=FACE_OUTER_BOUND('',#1474,.T.);
#1111=FACE_OUTER_BOUND('',#1475,.T.);
#1112=FACE_OUTER_BOUND('',#1476,.T.);
#1113=FACE_OUTER_BOUND('',#1478,.T.);
#1114=FACE_OUTER_BOUND('',#1490,.T.);
#1115=FACE_OUTER_BOUND('',#1491,.T.);
#1116=FACE_OUTER_BOUND('',#1492,.T.);
#1117=FACE_OUTER_BOUND('',#1493,.T.);
#1118=FACE_OUTER_BOUND('',#1494,.T.);
#1119=FACE_OUTER_BOUND('',#1495,.T.);
#1120=FACE_OUTER_BOUND('',#1496,.T.);
#1121=FACE_OUTER_BOUND('',#1497,.T.);
#1122=FACE_OUTER_BOUND('',#1498,.T.);
#1123=FACE_OUTER_BOUND('',#1499,.T.);
#1124=FACE_OUTER_BOUND('',#1500,.T.);
#1125=FACE_OUTER_BOUND('',#1501,.T.);
#1126=FACE_OUTER_BOUND('',#1502,.T.);
#1127=FACE_OUTER_BOUND('',#1503,.T.);
#1128=FACE_OUTER_BOUND('',#1504,.T.);
#1129=FACE_OUTER_BOUND('',#1505,.T.);
#1130=FACE_OUTER_BOUND('',#1506,.T.);
#1131=FACE_OUTER_BOUND('',#1507,.T.);
#1132=FACE_OUTER_BOUND('',#1508,.T.);
#1133=FACE_OUTER_BOUND('',#1510,.T.);
#1134=FACE_OUTER_BOUND('',#1511,.T.);
#1135=FACE_OUTER_BOUND('',#1513,.T.);
#1136=FACE_OUTER_BOUND('',#1514,.T.);
#1137=FACE_OUTER_BOUND('',#1516,.T.);
#1138=FACE_OUTER_BOUND('',#1517,.T.);
#1139=FACE_OUTER_BOUND('',#1519,.T.);
#1140=FACE_OUTER_BOUND('',#1520,.T.);
#1141=FACE_OUTER_BOUND('',#1522,.T.);
#1142=FACE_OUTER_BOUND('',#1523,.T.);
#1143=EDGE_LOOP('',(#4061,#4062,#4063,#4064));
#1144=EDGE_LOOP('',(#4065,#4066,#4067,#4068,#4069));
#1145=EDGE_LOOP('',(#4070,#4071,#4072,#4073));
#1146=EDGE_LOOP('',(#4074,#4075,#4076,#4077));
#1147=EDGE_LOOP('',(#4078,#4079,#4080,#4081));
#1148=EDGE_LOOP('',(#4082,#4083,#4084,#4085,#4086));
#1149=EDGE_LOOP('',(#4087,#4088,#4089,#4090));
#1150=EDGE_LOOP('',(#4091,#4092,#4093));
#1151=EDGE_LOOP('',(#4094,#4095,#4096));
#1152=EDGE_LOOP('',(#4097,#4098,#4099));
#1153=EDGE_LOOP('',(#4100,#4101,#4102));
#1154=EDGE_LOOP('',(#4103,#4104,#4105,#4106));
#1155=EDGE_LOOP('',(#4107,#4108,#4109,#4110));
#1156=EDGE_LOOP('',(#4111,#4112,#4113,#4114));
#1157=EDGE_LOOP('',(#4115,#4116,#4117,#4118));
#1158=EDGE_LOOP('',(#4119,#4120,#4121,#4122));
#1159=EDGE_LOOP('',(#4123,#4124,#4125));
#1160=EDGE_LOOP('',(#4126,#4127,#4128,#4129,#4130,#4131,#4132,#4133,#4134,
#4135));
#1161=EDGE_LOOP('',(#4136,#4137,#4138,#4139,#4140,#4141,#4142,#4143,#4144,
#4145));
#1162=EDGE_LOOP('',(#4146,#4147,#4148,#4149));
#1163=EDGE_LOOP('',(#4150,#4151,#4152,#4153));
#1164=EDGE_LOOP('',(#4154,#4155,#4156,#4157,#4158));
#1165=EDGE_LOOP('',(#4159,#4160,#4161));
#1166=EDGE_LOOP('',(#4162,#4163,#4164,#4165));
#1167=EDGE_LOOP('',(#4166,#4167,#4168,#4169));
#1168=EDGE_LOOP('',(#4170,#4171,#4172,#4173));
#1169=EDGE_LOOP('',(#4174,#4175,#4176));
#1170=EDGE_LOOP('',(#4177,#4178,#4179));
#1171=EDGE_LOOP('',(#4180,#4181,#4182,#4183,#4184,#4185,#4186,#4187,#4188,
#4189,#4190,#4191,#4192,#4193,#4194,#4195,#4196,#4197));
#1172=EDGE_LOOP('',(#4198));
#1173=EDGE_LOOP('',(#4199));
#1174=EDGE_LOOP('',(#4200));
#1175=EDGE_LOOP('',(#4201));
#1176=EDGE_LOOP('',(#4202));
#1177=EDGE_LOOP('',(#4203));
#1178=EDGE_LOOP('',(#4204,#4205,#4206));
#1179=EDGE_LOOP('',(#4207,#4208,#4209,#4210,#4211));
#1180=EDGE_LOOP('',(#4212,#4213,#4214,#4215));
#1181=EDGE_LOOP('',(#4216,#4217,#4218));
#1182=EDGE_LOOP('',(#4219,#4220,#4221,#4222,#4223,#4224));
#1183=EDGE_LOOP('',(#4225,#4226,#4227,#4228));
#1184=EDGE_LOOP('',(#4229,#4230,#4231,#4232));
#1185=EDGE_LOOP('',(#4233,#4234,#4235,#4236));
#1186=EDGE_LOOP('',(#4237,#4238,#4239,#4240));
#1187=EDGE_LOOP('',(#4241,#4242,#4243,#4244));
#1188=EDGE_LOOP('',(#4245,#4246,#4247,#4248,#4249,#4250));
#1189=EDGE_LOOP('',(#4251,#4252,#4253,#4254,#4255,#4256,#4257,#4258,#4259,
#4260,#4261,#4262));
#1190=EDGE_LOOP('',(#4263,#4264,#4265,#4266,#4267,#4268));
#1191=EDGE_LOOP('',(#4269,#4270,#4271,#4272,#4273,#4274,#4275,#4276));
#1192=EDGE_LOOP('',(#4277,#4278,#4279,#4280,#4281,#4282));
#1193=EDGE_LOOP('',(#4283,#4284,#4285,#4286,#4287,#4288,#4289));
#1194=EDGE_LOOP('',(#4290,#4291,#4292,#4293,#4294,#4295,#4296,#4297,#4298,
#4299,#4300,#4301));
#1195=EDGE_LOOP('',(#4302,#4303,#4304,#4305));
#1196=EDGE_LOOP('',(#4306,#4307,#4308,#4309));
#1197=EDGE_LOOP('',(#4310,#4311,#4312,#4313));
#1198=EDGE_LOOP('',(#4314,#4315,#4316,#4317));
#1199=EDGE_LOOP('',(#4318,#4319,#4320,#4321));
#1200=EDGE_LOOP('',(#4322,#4323,#4324,#4325));
#1201=EDGE_LOOP('',(#4326,#4327,#4328,#4329));
#1202=EDGE_LOOP('',(#4330,#4331,#4332,#4333));
#1203=EDGE_LOOP('',(#4334,#4335,#4336,#4337));
#1204=EDGE_LOOP('',(#4338,#4339,#4340,#4341));
#1205=EDGE_LOOP('',(#4342,#4343,#4344,#4345));
#1206=EDGE_LOOP('',(#4346,#4347,#4348,#4349));
#1207=EDGE_LOOP('',(#4350,#4351,#4352,#4353));
#1208=EDGE_LOOP('',(#4354,#4355,#4356,#4357));
#1209=EDGE_LOOP('',(#4358,#4359,#4360,#4361));
#1210=EDGE_LOOP('',(#4362,#4363,#4364,#4365));
#1211=EDGE_LOOP('',(#4366,#4367,#4368,#4369));
#1212=EDGE_LOOP('',(#4370,#4371,#4372,#4373));
#1213=EDGE_LOOP('',(#4374,#4375,#4376,#4377));
#1214=EDGE_LOOP('',(#4378,#4379,#4380,#4381));
#1215=EDGE_LOOP('',(#4382,#4383,#4384,#4385,#4386,#4387,#4388,#4389,#4390,
#4391,#4392,#4393,#4394,#4395,#4396));
#1216=EDGE_LOOP('',(#4397,#4398,#4399,#4400,#4401));
#1217=EDGE_LOOP('',(#4402,#4403,#4404,#4405));
#1218=EDGE_LOOP('',(#4406,#4407,#4408,#4409));
#1219=EDGE_LOOP('',(#4410,#4411,#4412,#4413));
#1220=EDGE_LOOP('',(#4414,#4415,#4416,#4417));
#1221=EDGE_LOOP('',(#4418,#4419,#4420,#4421));
#1222=EDGE_LOOP('',(#4422,#4423,#4424,#4425));
#1223=EDGE_LOOP('',(#4426,#4427,#4428,#4429));
#1224=EDGE_LOOP('',(#4430,#4431,#4432,#4433));
#1225=EDGE_LOOP('',(#4434,#4435,#4436,#4437));
#1226=EDGE_LOOP('',(#4438,#4439,#4440,#4441));
#1227=EDGE_LOOP('',(#4442,#4443,#4444,#4445));
#1228=EDGE_LOOP('',(#4446,#4447,#4448,#4449));
#1229=EDGE_LOOP('',(#4450,#4451,#4452,#4453));
#1230=EDGE_LOOP('',(#4454,#4455,#4456,#4457));
#1231=EDGE_LOOP('',(#4458,#4459,#4460,#4461));
#1232=EDGE_LOOP('',(#4462,#4463,#4464,#4465));
#1233=EDGE_LOOP('',(#4466,#4467,#4468,#4469));
#1234=EDGE_LOOP('',(#4470,#4471,#4472,#4473));
#1235=EDGE_LOOP('',(#4474,#4475,#4476,#4477));
#1236=EDGE_LOOP('',(#4478,#4479,#4480,#4481));
#1237=EDGE_LOOP('',(#4482,#4483,#4484,#4485));
#1238=EDGE_LOOP('',(#4486,#4487,#4488,#4489));
#1239=EDGE_LOOP('',(#4490,#4491,#4492,#4493));
#1240=EDGE_LOOP('',(#4494,#4495,#4496,#4497,#4498,#4499,#4500,#4501,#4502,
#4503,#4504,#4505,#4506,#4507,#4508));
#1241=EDGE_LOOP('',(#4509,#4510,#4511,#4512,#4513,#4514,#4515,#4516));
#1242=EDGE_LOOP('',(#4517,#4518,#4519,#4520));
#1243=EDGE_LOOP('',(#4521,#4522,#4523,#4524));
#1244=EDGE_LOOP('',(#4525,#4526,#4527,#4528));
#1245=EDGE_LOOP('',(#4529,#4530,#4531,#4532));
#1246=EDGE_LOOP('',(#4533,#4534,#4535,#4536));
#1247=EDGE_LOOP('',(#4537,#4538,#4539,#4540));
#1248=EDGE_LOOP('',(#4541,#4542,#4543,#4544));
#1249=EDGE_LOOP('',(#4545,#4546,#4547,#4548));
#1250=EDGE_LOOP('',(#4549,#4550,#4551,#4552));
#1251=EDGE_LOOP('',(#4553,#4554,#4555,#4556));
#1252=EDGE_LOOP('',(#4557,#4558,#4559,#4560));
#1253=EDGE_LOOP('',(#4561,#4562,#4563,#4564));
#1254=EDGE_LOOP('',(#4565,#4566,#4567,#4568));
#1255=EDGE_LOOP('',(#4569,#4570,#4571,#4572,#4573,#4574,#4575,#4576,#4577,
#4578,#4579,#4580,#4581));
#1256=EDGE_LOOP('',(#4582,#4583,#4584,#4585));
#1257=EDGE_LOOP('',(#4586,#4587,#4588,#4589));
#1258=EDGE_LOOP('',(#4590,#4591,#4592,#4593));
#1259=EDGE_LOOP('',(#4594,#4595,#4596,#4597));
#1260=EDGE_LOOP('',(#4598,#4599,#4600,#4601));
#1261=EDGE_LOOP('',(#4602,#4603,#4604,#4605));
#1262=EDGE_LOOP('',(#4606,#4607,#4608,#4609));
#1263=EDGE_LOOP('',(#4610,#4611,#4612,#4613));
#1264=EDGE_LOOP('',(#4614,#4615,#4616,#4617));
#1265=EDGE_LOOP('',(#4618,#4619,#4620,#4621));
#1266=EDGE_LOOP('',(#4622,#4623,#4624,#4625));
#1267=EDGE_LOOP('',(#4626,#4627,#4628,#4629));
#1268=EDGE_LOOP('',(#4630,#4631,#4632,#4633));
#1269=EDGE_LOOP('',(#4634,#4635,#4636,#4637));
#1270=EDGE_LOOP('',(#4638,#4639,#4640,#4641));
#1271=EDGE_LOOP('',(#4642,#4643,#4644,#4645));
#1272=EDGE_LOOP('',(#4646,#4647,#4648,#4649));
#1273=EDGE_LOOP('',(#4650,#4651,#4652,#4653,#4654,#4655,#4656,#4657,#4658));
#1274=EDGE_LOOP('',(#4659,#4660,#4661,#4662,#4663,#4664,#4665,#4666));
#1275=EDGE_LOOP('',(#4667,#4668,#4669,#4670));
#1276=EDGE_LOOP('',(#4671,#4672,#4673,#4674));
#1277=EDGE_LOOP('',(#4675,#4676,#4677,#4678));
#1278=EDGE_LOOP('',(#4679,#4680,#4681,#4682));
#1279=EDGE_LOOP('',(#4683,#4684,#4685,#4686));
#1280=EDGE_LOOP('',(#4687,#4688,#4689,#4690));
#1281=EDGE_LOOP('',(#4691,#4692,#4693,#4694));
#1282=EDGE_LOOP('',(#4695,#4696,#4697,#4698));
#1283=EDGE_LOOP('',(#4699,#4700,#4701,#4702));
#1284=EDGE_LOOP('',(#4703,#4704,#4705,#4706));
#1285=EDGE_LOOP('',(#4707,#4708,#4709,#4710));
#1286=EDGE_LOOP('',(#4711,#4712,#4713,#4714));
#1287=EDGE_LOOP('',(#4715,#4716,#4717,#4718));
#1288=EDGE_LOOP('',(#4719,#4720,#4721,#4722,#4723,#4724,#4725,#4726,#4727,
#4728,#4729,#4730,#4731));
#1289=EDGE_LOOP('',(#4732,#4733,#4734,#4735));
#1290=EDGE_LOOP('',(#4736,#4737,#4738,#4739));
#1291=EDGE_LOOP('',(#4740,#4741,#4742,#4743));
#1292=EDGE_LOOP('',(#4744,#4745,#4746,#4747));
#1293=EDGE_LOOP('',(#4748,#4749,#4750,#4751));
#1294=EDGE_LOOP('',(#4752,#4753,#4754,#4755));
#1295=EDGE_LOOP('',(#4756,#4757,#4758,#4759));
#1296=EDGE_LOOP('',(#4760,#4761,#4762,#4763));
#1297=EDGE_LOOP('',(#4764,#4765,#4766,#4767));
#1298=EDGE_LOOP('',(#4768,#4769,#4770,#4771));
#1299=EDGE_LOOP('',(#4772,#4773,#4774,#4775));
#1300=EDGE_LOOP('',(#4776,#4777,#4778,#4779));
#1301=EDGE_LOOP('',(#4780,#4781,#4782,#4783));
#1302=EDGE_LOOP('',(#4784,#4785,#4786,#4787));
#1303=EDGE_LOOP('',(#4788,#4789,#4790,#4791));
#1304=EDGE_LOOP('',(#4792,#4793,#4794,#4795));
#1305=EDGE_LOOP('',(#4796,#4797,#4798,#4799));
#1306=EDGE_LOOP('',(#4800,#4801,#4802,#4803));
#1307=EDGE_LOOP('',(#4804,#4805,#4806,#4807));
#1308=EDGE_LOOP('',(#4808,#4809,#4810,#4811));
#1309=EDGE_LOOP('',(#4812,#4813,#4814,#4815));
#1310=EDGE_LOOP('',(#4816,#4817,#4818,#4819));
#1311=EDGE_LOOP('',(#4820,#4821,#4822,#4823,#4824,#4825,#4826,#4827,#4828,
#4829,#4830,#4831,#4832,#4833));
#1312=EDGE_LOOP('',(#4834,#4835,#4836,#4837,#4838,#4839,#4840,#4841));
#1313=EDGE_LOOP('',(#4842,#4843,#4844,#4845));
#1314=EDGE_LOOP('',(#4846,#4847,#4848,#4849));
#1315=EDGE_LOOP('',(#4850,#4851,#4852,#4853));
#1316=EDGE_LOOP('',(#4854,#4855,#4856,#4857));
#1317=EDGE_LOOP('',(#4858,#4859,#4860,#4861));
#1318=EDGE_LOOP('',(#4862,#4863,#4864,#4865));
#1319=EDGE_LOOP('',(#4866,#4867,#4868,#4869));
#1320=EDGE_LOOP('',(#4870,#4871,#4872,#4873));
#1321=EDGE_LOOP('',(#4874,#4875,#4876,#4877));
#1322=EDGE_LOOP('',(#4878,#4879,#4880,#4881));
#1323=EDGE_LOOP('',(#4882,#4883,#4884,#4885));
#1324=EDGE_LOOP('',(#4886,#4887,#4888,#4889));
#1325=EDGE_LOOP('',(#4890,#4891,#4892,#4893));
#1326=EDGE_LOOP('',(#4894,#4895,#4896,#4897));
#1327=EDGE_LOOP('',(#4898,#4899,#4900,#4901));
#1328=EDGE_LOOP('',(#4902,#4903,#4904,#4905));
#1329=EDGE_LOOP('',(#4906,#4907,#4908,#4909));
#1330=EDGE_LOOP('',(#4910,#4911,#4912,#4913));
#1331=EDGE_LOOP('',(#4914,#4915,#4916,#4917));
#1332=EDGE_LOOP('',(#4918,#4919,#4920,#4921));
#1333=EDGE_LOOP('',(#4922,#4923,#4924,#4925));
#1334=EDGE_LOOP('',(#4926,#4927,#4928,#4929));
#1335=EDGE_LOOP('',(#4930,#4931,#4932,#4933));
#1336=EDGE_LOOP('',(#4934,#4935,#4936,#4937));
#1337=EDGE_LOOP('',(#4938,#4939,#4940,#4941));
#1338=EDGE_LOOP('',(#4942,#4943,#4944,#4945));
#1339=EDGE_LOOP('',(#4946,#4947,#4948,#4949));
#1340=EDGE_LOOP('',(#4950,#4951,#4952,#4953));
#1341=EDGE_LOOP('',(#4954,#4955,#4956,#4957));
#1342=EDGE_LOOP('',(#4958,#4959,#4960,#4961));
#1343=EDGE_LOOP('',(#4962,#4963,#4964,#4965));
#1344=EDGE_LOOP('',(#4966,#4967,#4968,#4969));
#1345=EDGE_LOOP('',(#4970,#4971,#4972,#4973));
#1346=EDGE_LOOP('',(#4974,#4975,#4976,#4977));
#1347=EDGE_LOOP('',(#4978,#4979,#4980,#4981));
#1348=EDGE_LOOP('',(#4982,#4983,#4984,#4985));
#1349=EDGE_LOOP('',(#4986,#4987,#4988,#4989));
#1350=EDGE_LOOP('',(#4990,#4991,#4992,#4993,#4994,#4995,#4996,#4997,#4998,
#4999,#5000,#5001,#5002,#5003,#5004,#5005,#5006,#5007,#5008,#5009,#5010,
#5011,#5012,#5013,#5014,#5015,#5016));
#1351=EDGE_LOOP('',(#5017,#5018,#5019,#5020,#5021,#5022,#5023,#5024,#5025,
#5026));
#1352=EDGE_LOOP('',(#5027,#5028,#5029,#5030));
#1353=EDGE_LOOP('',(#5031,#5032,#5033,#5034));
#1354=EDGE_LOOP('',(#5035,#5036,#5037,#5038));
#1355=EDGE_LOOP('',(#5039,#5040,#5041,#5042));
#1356=EDGE_LOOP('',(#5043,#5044,#5045,#5046));
#1357=EDGE_LOOP('',(#5047,#5048,#5049,#5050));
#1358=EDGE_LOOP('',(#5051,#5052,#5053,#5054));
#1359=EDGE_LOOP('',(#5055,#5056,#5057,#5058));
#1360=EDGE_LOOP('',(#5059,#5060,#5061,#5062));
#1361=EDGE_LOOP('',(#5063,#5064,#5065,#5066));
#1362=EDGE_LOOP('',(#5067,#5068,#5069,#5070));
#1363=EDGE_LOOP('',(#5071,#5072,#5073,#5074));
#1364=EDGE_LOOP('',(#5075,#5076,#5077,#5078));
#1365=EDGE_LOOP('',(#5079,#5080,#5081,#5082));
#1366=EDGE_LOOP('',(#5083,#5084,#5085,#5086));
#1367=EDGE_LOOP('',(#5087,#5088,#5089,#5090));
#1368=EDGE_LOOP('',(#5091,#5092,#5093,#5094));
#1369=EDGE_LOOP('',(#5095,#5096,#5097,#5098));
#1370=EDGE_LOOP('',(#5099,#5100,#5101,#5102));
#1371=EDGE_LOOP('',(#5103,#5104,#5105,#5106));
#1372=EDGE_LOOP('',(#5107,#5108,#5109,#5110));
#1373=EDGE_LOOP('',(#5111,#5112,#5113,#5114));
#1374=EDGE_LOOP('',(#5115,#5116,#5117,#5118));
#1375=EDGE_LOOP('',(#5119,#5120,#5121,#5122));
#1376=EDGE_LOOP('',(#5123,#5124,#5125,#5126));
#1377=EDGE_LOOP('',(#5127,#5128,#5129,#5130));
#1378=EDGE_LOOP('',(#5131,#5132,#5133,#5134));
#1379=EDGE_LOOP('',(#5135,#5136,#5137,#5138));
#1380=EDGE_LOOP('',(#5139,#5140,#5141,#5142));
#1381=EDGE_LOOP('',(#5143,#5144,#5145,#5146));
#1382=EDGE_LOOP('',(#5147,#5148,#5149,#5150));
#1383=EDGE_LOOP('',(#5151,#5152,#5153,#5154));
#1384=EDGE_LOOP('',(#5155,#5156,#5157,#5158));
#1385=EDGE_LOOP('',(#5159,#5160,#5161,#5162,#5163,#5164,#5165,#5166,#5167,
#5168,#5169,#5170,#5171,#5172));
#1386=EDGE_LOOP('',(#5173,#5174,#5175,#5176,#5177,#5178,#5179,#5180,#5181,
#5182));
#1387=EDGE_LOOP('',(#5183,#5184,#5185,#5186,#5187,#5188,#5189,#5190,#5191));
#1388=EDGE_LOOP('',(#5192,#5193,#5194,#5195));
#1389=EDGE_LOOP('',(#5196,#5197,#5198,#5199));
#1390=EDGE_LOOP('',(#5200,#5201,#5202,#5203));
#1391=EDGE_LOOP('',(#5204,#5205,#5206,#5207));
#1392=EDGE_LOOP('',(#5208,#5209,#5210,#5211));
#1393=EDGE_LOOP('',(#5212,#5213,#5214,#5215));
#1394=EDGE_LOOP('',(#5216,#5217,#5218,#5219));
#1395=EDGE_LOOP('',(#5220,#5221,#5222,#5223));
#1396=EDGE_LOOP('',(#5224,#5225,#5226,#5227));
#1397=EDGE_LOOP('',(#5228,#5229,#5230,#5231));
#1398=EDGE_LOOP('',(#5232,#5233,#5234,#5235));
#1399=EDGE_LOOP('',(#5236,#5237,#5238,#5239));
#1400=EDGE_LOOP('',(#5240,#5241,#5242,#5243));
#1401=EDGE_LOOP('',(#5244,#5245,#5246,#5247));
#1402=EDGE_LOOP('',(#5248,#5249,#5250,#5251));
#1403=EDGE_LOOP('',(#5252,#5253,#5254,#5255));
#1404=EDGE_LOOP('',(#5256,#5257,#5258,#5259));
#1405=EDGE_LOOP('',(#5260,#5261,#5262,#5263));
#1406=EDGE_LOOP('',(#5264,#5265,#5266,#5267));
#1407=EDGE_LOOP('',(#5268,#5269,#5270,#5271));
#1408=EDGE_LOOP('',(#5272,#5273,#5274,#5275,#5276,#5277,#5278,#5279,#5280,
#5281,#5282,#5283,#5284,#5285,#5286));
#1409=EDGE_LOOP('',(#5287,#5288,#5289,#5290,#5291));
#1410=EDGE_LOOP('',(#5292,#5293,#5294,#5295));
#1411=EDGE_LOOP('',(#5296,#5297,#5298,#5299));
#1412=EDGE_LOOP('',(#5300,#5301,#5302,#5303));
#1413=EDGE_LOOP('',(#5304,#5305,#5306,#5307));
#1414=EDGE_LOOP('',(#5308,#5309,#5310,#5311));
#1415=EDGE_LOOP('',(#5312,#5313,#5314,#5315));
#1416=EDGE_LOOP('',(#5316,#5317,#5318,#5319));
#1417=EDGE_LOOP('',(#5320,#5321,#5322,#5323));
#1418=EDGE_LOOP('',(#5324,#5325,#5326,#5327));
#1419=EDGE_LOOP('',(#5328,#5329,#5330,#5331));
#1420=EDGE_LOOP('',(#5332,#5333,#5334,#5335));
#1421=EDGE_LOOP('',(#5336,#5337,#5338,#5339));
#1422=EDGE_LOOP('',(#5340,#5341,#5342,#5343));
#1423=EDGE_LOOP('',(#5344,#5345,#5346,#5347));
#1424=EDGE_LOOP('',(#5348,#5349,#5350,#5351));
#1425=EDGE_LOOP('',(#5352,#5353,#5354,#5355));
#1426=EDGE_LOOP('',(#5356,#5357,#5358,#5359));
#1427=EDGE_LOOP('',(#5360,#5361,#5362,#5363));
#1428=EDGE_LOOP('',(#5364,#5365,#5366,#5367));
#1429=EDGE_LOOP('',(#5368,#5369,#5370,#5371));
#1430=EDGE_LOOP('',(#5372,#5373,#5374,#5375));
#1431=EDGE_LOOP('',(#5376,#5377,#5378,#5379));
#1432=EDGE_LOOP('',(#5380,#5381,#5382,#5383));
#1433=EDGE_LOOP('',(#5384,#5385,#5386,#5387));
#1434=EDGE_LOOP('',(#5388,#5389,#5390,#5391));
#1435=EDGE_LOOP('',(#5392,#5393,#5394,#5395));
#1436=EDGE_LOOP('',(#5396,#5397,#5398,#5399));
#1437=EDGE_LOOP('',(#5400,#5401,#5402,#5403));
#1438=EDGE_LOOP('',(#5404,#5405,#5406,#5407));
#1439=EDGE_LOOP('',(#5408,#5409,#5410,#5411));
#1440=EDGE_LOOP('',(#5412,#5413,#5414,#5415));
#1441=EDGE_LOOP('',(#5416,#5417,#5418,#5419));
#1442=EDGE_LOOP('',(#5420,#5421,#5422,#5423));
#1443=EDGE_LOOP('',(#5424,#5425,#5426,#5427));
#1444=EDGE_LOOP('',(#5428,#5429,#5430,#5431));
#1445=EDGE_LOOP('',(#5432,#5433,#5434,#5435));
#1446=EDGE_LOOP('',(#5436,#5437,#5438,#5439));
#1447=EDGE_LOOP('',(#5440,#5441,#5442,#5443,#5444,#5445,#5446,#5447,#5448,
#5449,#5450,#5451,#5452,#5453,#5454,#5455,#5456,#5457,#5458,#5459,#5460,
#5461,#5462,#5463,#5464,#5465,#5466));
#1448=EDGE_LOOP('',(#5467,#5468,#5469,#5470,#5471,#5472,#5473,#5474,#5475,
#5476));
#1449=EDGE_LOOP('',(#5477,#5478,#5479,#5480));
#1450=EDGE_LOOP('',(#5481,#5482,#5483,#5484));
#1451=EDGE_LOOP('',(#5485,#5486,#5487,#5488));
#1452=EDGE_LOOP('',(#5489,#5490,#5491,#5492));
#1453=EDGE_LOOP('',(#5493,#5494,#5495,#5496));
#1454=EDGE_LOOP('',(#5497,#5498,#5499,#5500));
#1455=EDGE_LOOP('',(#5501,#5502,#5503,#5504));
#1456=EDGE_LOOP('',(#5505,#5506,#5507,#5508));
#1457=EDGE_LOOP('',(#5509,#5510,#5511,#5512));
#1458=EDGE_LOOP('',(#5513,#5514,#5515,#5516));
#1459=EDGE_LOOP('',(#5517,#5518,#5519,#5520));
#1460=EDGE_LOOP('',(#5521,#5522,#5523,#5524));
#1461=EDGE_LOOP('',(#5525,#5526,#5527,#5528));
#1462=EDGE_LOOP('',(#5529,#5530,#5531,#5532));
#1463=EDGE_LOOP('',(#5533,#5534,#5535,#5536));
#1464=EDGE_LOOP('',(#5537,#5538,#5539,#5540));
#1465=EDGE_LOOP('',(#5541,#5542,#5543,#5544));
#1466=EDGE_LOOP('',(#5545,#5546,#5547,#5548));
#1467=EDGE_LOOP('',(#5549,#5550,#5551,#5552));
#1468=EDGE_LOOP('',(#5553,#5554,#5555,#5556));
#1469=EDGE_LOOP('',(#5557,#5558,#5559,#5560));
#1470=EDGE_LOOP('',(#5561,#5562,#5563,#5564));
#1471=EDGE_LOOP('',(#5565,#5566,#5567,#5568));
#1472=EDGE_LOOP('',(#5569,#5570,#5571,#5572));
#1473=EDGE_LOOP('',(#5573,#5574,#5575,#5576));
#1474=EDGE_LOOP('',(#5577,#5578,#5579,#5580));
#1475=EDGE_LOOP('',(#5581,#5582,#5583,#5584));
#1476=EDGE_LOOP('',(#5585,#5586,#5587,#5588,#5589,#5590,#5591,#5592,#5593,
#5594,#5595,#5596,#5597,#5598,#5599,#5600,#5601,#5602,#5603));
#1477=EDGE_LOOP('',(#5604,#5605,#5606,#5607,#5608,#5609,#5610,#5611));
#1478=EDGE_LOOP('',(#5612,#5613,#5614,#5615));
#1479=EDGE_LOOP('',(#5616,#5617,#5618,#5619,#5620,#5621,#5622,#5623,#5624,
#5625,#5626,#5627,#5628,#5629,#5630,#5631,#5632,#5633,#5634,#5635,#5636,
#5637,#5638,#5639,#5640,#5641,#5642));
#1480=EDGE_LOOP('',(#5643,#5644,#5645,#5646,#5647,#5648,#5649,#5650,#5651));
#1481=EDGE_LOOP('',(#5652,#5653,#5654,#5655,#5656,#5657,#5658,#5659,#5660,
#5661,#5662,#5663,#5664));
#1482=EDGE_LOOP('',(#5665,#5666,#5667,#5668,#5669,#5670,#5671,#5672,#5673,
#5674,#5675,#5676,#5677,#5678));
#1483=EDGE_LOOP('',(#5679,#5680,#5681,#5682,#5683,#5684,#5685,#5686,#5687,
#5688,#5689,#5690,#5691,#5692,#5693));
#1484=EDGE_LOOP('',(#5694,#5695,#5696,#5697,#5698,#5699,#5700,#5701,#5702,
#5703,#5704,#5705,#5706,#5707,#5708));
#1485=EDGE_LOOP('',(#5709,#5710,#5711,#5712,#5713,#5714,#5715,#5716,#5717,
#5718,#5719,#5720,#5721,#5722));
#1486=EDGE_LOOP('',(#5723,#5724,#5725,#5726,#5727,#5728,#5729,#5730,#5731,
#5732,#5733,#5734,#5735,#5736,#5737,#5738,#5739,#5740,#5741,#5742,#5743,
#5744,#5745,#5746,#5747,#5748,#5749));
#1487=EDGE_LOOP('',(#5750,#5751,#5752,#5753,#5754,#5755,#5756,#5757,#5758,
#5759,#5760,#5761,#5762));
#1488=EDGE_LOOP('',(#5763,#5764,#5765,#5766,#5767,#5768,#5769,#5770,#5771,
#5772,#5773,#5774,#5775,#5776,#5777));
#1489=EDGE_LOOP('',(#5778,#5779,#5780,#5781,#5782,#5783,#5784,#5785,#5786,
#5787,#5788,#5789,#5790,#5791,#5792,#5793,#5794,#5795,#5796));
#1490=EDGE_LOOP('',(#5797,#5798,#5799,#5800,#5801,#5802,#5803,#5804));
#1491=EDGE_LOOP('',(#5805,#5806,#5807,#5808,#5809,#5810,#5811,#5812,#5813,
#5814));
#1492=EDGE_LOOP('',(#5815,#5816,#5817,#5818,#5819));
#1493=EDGE_LOOP('',(#5820,#5821,#5822,#5823,#5824,#5825,#5826,#5827));
#1494=EDGE_LOOP('',(#5828,#5829,#5830,#5831,#5832,#5833,#5834,#5835,#5836,
#5837));
#1495=EDGE_LOOP('',(#5838,#5839,#5840,#5841,#5842,#5843,#5844,#5845,#5846,
#5847));
#1496=EDGE_LOOP('',(#5848,#5849,#5850,#5851,#5852,#5853,#5854,#5855,#5856));
#1497=EDGE_LOOP('',(#5857,#5858,#5859,#5860,#5861,#5862,#5863,#5864));
#1498=EDGE_LOOP('',(#5865,#5866,#5867,#5868,#5869,#5870,#5871,#5872));
#1499=EDGE_LOOP('',(#5873,#5874,#5875,#5876,#5877));
#1500=EDGE_LOOP('',(#5878,#5879,#5880,#5881));
#1501=EDGE_LOOP('',(#5882,#5883,#5884,#5885,#5886,#5887,#5888,#5889));
#1502=EDGE_LOOP('',(#5890,#5891,#5892,#5893));
#1503=EDGE_LOOP('',(#5894,#5895,#5896,#5897,#5898,#5899));
#1504=EDGE_LOOP('',(#5900,#5901,#5902,#5903,#5904));
#1505=EDGE_LOOP('',(#5905,#5906,#5907,#5908));
#1506=EDGE_LOOP('',(#5909,#5910,#5911,#5912));
#1507=EDGE_LOOP('',(#5913,#5914,#5915,#5916));
#1508=EDGE_LOOP('',(#5917));
#1509=EDGE_LOOP('',(#5918));
#1510=EDGE_LOOP('',(#5919,#5920,#5921,#5922));
#1511=EDGE_LOOP('',(#5923));
#1512=EDGE_LOOP('',(#5924));
#1513=EDGE_LOOP('',(#5925,#5926,#5927,#5928));
#1514=EDGE_LOOP('',(#5929));
#1515=EDGE_LOOP('',(#5930));
#1516=EDGE_LOOP('',(#5931,#5932,#5933,#5934));
#1517=EDGE_LOOP('',(#5935));
#1518=EDGE_LOOP('',(#5936));
#1519=EDGE_LOOP('',(#5937,#5938,#5939,#5940));
#1520=EDGE_LOOP('',(#5941));
#1521=EDGE_LOOP('',(#5942));
#1522=EDGE_LOOP('',(#5943,#5944,#5945,#5946));
#1523=EDGE_LOOP('',(#5947));
#1524=EDGE_LOOP('',(#5948));
#1525=LINE('',#7448,#1983);
#1526=LINE('',#7451,#1984);
#1527=LINE('',#7457,#1985);
#1528=LINE('',#7459,#1986);
#1529=LINE('',#7461,#1987);
#1530=LINE('',#7467,#1988);
#1531=LINE('',#7470,#1989);
#1532=LINE('',#7480,#1990);
#1533=LINE('',#7481,#1991);
#1534=LINE('',#7487,#1992);
#1535=LINE('',#7489,#1993);
#1536=LINE('',#7491,#1994);
#1537=LINE('',#7497,#1995);
#1538=LINE('',#7499,#1996);
#1539=LINE('',#7510,#1997);
#1540=LINE('',#7513,#1998);
#1541=LINE('',#7516,#1999);
#1542=LINE('',#7517,#2000);
#1543=LINE('',#7520,#2001);
#1544=LINE('',#7524,#2002);
#1545=LINE('',#7525,#2003);
#1546=LINE('',#7528,#2004);
#1547=LINE('',#7532,#2005);
#1548=LINE('',#7538,#2006);
#1549=LINE('',#7544,#2007);
#1550=LINE('',#7549,#2008);
#1551=LINE('',#7552,#2009);
#1552=LINE('',#7556,#2010);
#1553=LINE('',#7585,#2011);
#1554=LINE('',#7586,#2012);
#1555=LINE('',#7591,#2013);
#1556=LINE('',#7596,#2014);
#1557=LINE('',#7598,#2015);
#1558=LINE('',#7604,#2016);
#1559=LINE('',#7612,#2017);
#1560=LINE('',#7618,#2018);
#1561=LINE('',#7622,#2019);
#1562=LINE('',#7626,#2020);
#1563=LINE('',#7628,#2021);
#1564=LINE('',#7630,#2022);
#1565=LINE('',#7632,#2023);
#1566=LINE('',#7634,#2024);
#1567=LINE('',#7636,#2025);
#1568=LINE('',#7638,#2026);
#1569=LINE('',#7641,#2027);
#1570=LINE('',#7642,#2028);
#1571=LINE('',#7659,#2029);
#1572=LINE('',#7663,#2030);
#1573=LINE('',#7664,#2031);
#1574=LINE('',#7667,#2032);
#1575=LINE('',#7669,#2033);
#1576=LINE('',#7674,#2034);
#1577=LINE('',#7686,#2035);
#1578=LINE('',#7687,#2036);
#1579=LINE('',#7691,#2037);
#1580=LINE('',#7694,#2038);
#1581=LINE('',#7697,#2039);
#1582=LINE('',#7698,#2040);
#1583=LINE('',#7701,#2041);
#1584=LINE('',#7704,#2042);
#1585=LINE('',#7707,#2043);
#1586=LINE('',#7708,#2044);
#1587=LINE('',#7710,#2045);
#1588=LINE('',#7711,#2046);
#1589=LINE('',#7717,#2047);
#1590=LINE('',#7723,#2048);
#1591=LINE('',#7727,#2049);
#1592=LINE('',#7752,#2050);
#1593=LINE('',#7759,#2051);
#1594=LINE('',#7782,#2052);
#1595=LINE('',#7805,#2053);
#1596=LINE('',#7824,#2054);
#1597=LINE('',#7831,#2055);
#1598=LINE('',#7854,#2056);
#1599=LINE('',#7877,#2057);
#1600=LINE('',#7900,#2058);
#1601=LINE('',#7903,#2059);
#1602=LINE('',#7905,#2060);
#1603=LINE('',#7906,#2061);
#1604=LINE('',#7929,#2062);
#1605=LINE('',#7952,#2063);
#1606=LINE('',#7970,#2064);
#1607=LINE('',#7977,#2065);
#1608=LINE('',#7978,#2066);
#1609=LINE('',#8001,#2067);
#1610=LINE('',#8019,#2068);
#1611=LINE('',#8042,#2069);
#1612=LINE('',#8065,#2070);
#1613=LINE('',#8088,#2071);
#1614=LINE('',#8111,#2072);
#1615=LINE('',#8119,#2073);
#1616=LINE('',#8121,#2074);
#1617=LINE('',#8122,#2075);
#1618=LINE('',#8162,#2076);
#1619=LINE('',#8169,#2077);
#1620=LINE('',#8192,#2078);
#1621=LINE('',#8215,#2079);
#1622=LINE('',#8238,#2080);
#1623=LINE('',#8257,#2081);
#1624=LINE('',#8264,#2082);
#1625=LINE('',#8287,#2083);
#1626=LINE('',#8310,#2084);
#1627=LINE('',#8333,#2085);
#1628=LINE('',#8356,#2086);
#1629=LINE('',#8379,#2087);
#1630=LINE('',#8402,#2088);
#1631=LINE('',#8420,#2089);
#1632=LINE('',#8443,#2090);
#1633=LINE('',#8466,#2091);
#1634=LINE('',#8494,#2092);
#1635=LINE('',#8496,#2093);
#1636=LINE('',#8497,#2094);
#1637=LINE('',#8515,#2095);
#1638=LINE('',#8538,#2096);
#1639=LINE('',#8561,#2097);
#1640=LINE('',#8569,#2098);
#1641=LINE('',#8571,#2099);
#1642=LINE('',#8572,#2100);
#1643=LINE('',#8575,#2101);
#1644=LINE('',#8577,#2102);
#1645=LINE('',#8578,#2103);
#1646=LINE('',#8581,#2104);
#1647=LINE('',#8583,#2105);
#1648=LINE('',#8584,#2106);
#1649=LINE('',#8586,#2107);
#1650=LINE('',#8587,#2108);
#1651=LINE('',#8607,#2109);
#1652=LINE('',#8614,#2110);
#1653=LINE('',#8617,#2111);
#1654=LINE('',#8619,#2112);
#1655=LINE('',#8620,#2113);
#1656=LINE('',#8643,#2114);
#1657=LINE('',#8666,#2115);
#1658=LINE('',#8689,#2116);
#1659=LINE('',#8712,#2117);
#1660=LINE('',#8715,#2118);
#1661=LINE('',#8717,#2119);
#1662=LINE('',#8718,#2120);
#1663=LINE('',#8736,#2121);
#1664=LINE('',#8759,#2122);
#1665=LINE('',#8767,#2123);
#1666=LINE('',#8769,#2124);
#1667=LINE('',#8770,#2125);
#1668=LINE('',#8773,#2126);
#1669=LINE('',#8775,#2127);
#1670=LINE('',#8776,#2128);
#1671=LINE('',#8779,#2129);
#1672=LINE('',#8781,#2130);
#1673=LINE('',#8782,#2131);
#1674=LINE('',#8784,#2132);
#1675=LINE('',#8785,#2133);
#1676=LINE('',#8805,#2134);
#1677=LINE('',#8812,#2135);
#1678=LINE('',#8835,#2136);
#1679=LINE('',#8858,#2137);
#1680=LINE('',#8881,#2138);
#1681=LINE('',#8900,#2139);
#1682=LINE('',#8907,#2140);
#1683=LINE('',#8930,#2141);
#1684=LINE('',#8953,#2142);
#1685=LINE('',#8976,#2143);
#1686=LINE('',#8994,#2144);
#1687=LINE('',#9017,#2145);
#1688=LINE('',#9040,#2146);
#1689=LINE('',#9088,#2147);
#1690=LINE('',#9106,#2148);
#1691=LINE('',#9129,#2149);
#1692=LINE('',#9152,#2150);
#1693=LINE('',#9197,#2151);
#1694=LINE('',#9204,#2152);
#1695=LINE('',#9207,#2153);
#1696=LINE('',#9209,#2154);
#1697=LINE('',#9210,#2155);
#1698=LINE('',#9233,#2156);
#1699=LINE('',#9256,#2157);
#1700=LINE('',#9279,#2158);
#1701=LINE('',#9302,#2159);
#1702=LINE('',#9305,#2160);
#1703=LINE('',#9307,#2161);
#1704=LINE('',#9308,#2162);
#1705=LINE('',#9326,#2163);
#1706=LINE('',#9349,#2164);
#1707=LINE('',#9357,#2165);
#1708=LINE('',#9359,#2166);
#1709=LINE('',#9360,#2167);
#1710=LINE('',#9363,#2168);
#1711=LINE('',#9365,#2169);
#1712=LINE('',#9366,#2170);
#1713=LINE('',#9369,#2171);
#1714=LINE('',#9371,#2172);
#1715=LINE('',#9372,#2173);
#1716=LINE('',#9374,#2174);
#1717=LINE('',#9375,#2175);
#1718=LINE('',#9395,#2176);
#1719=LINE('',#9402,#2177);
#1720=LINE('',#9425,#2178);
#1721=LINE('',#9448,#2179);
#1722=LINE('',#9471,#2180);
#1723=LINE('',#9490,#2181);
#1724=LINE('',#9497,#2182);
#1725=LINE('',#9520,#2183);
#1726=LINE('',#9543,#2184);
#1727=LINE('',#9566,#2185);
#1728=LINE('',#9569,#2186);
#1729=LINE('',#9571,#2187);
#1730=LINE('',#9572,#2188);
#1731=LINE('',#9575,#2189);
#1732=LINE('',#9577,#2190);
#1733=LINE('',#9578,#2191);
#1734=LINE('',#9596,#2192);
#1735=LINE('',#9619,#2193);
#1736=LINE('',#9642,#2194);
#1737=LINE('',#9670,#2195);
#1738=LINE('',#9672,#2196);
#1739=LINE('',#9673,#2197);
#1740=LINE('',#9691,#2198);
#1741=LINE('',#9714,#2199);
#1742=LINE('',#9737,#2200);
#1743=LINE('',#9760,#2201);
#1744=LINE('',#9783,#2202);
#1745=LINE('',#9791,#2203);
#1746=LINE('',#9793,#2204);
#1747=LINE('',#9794,#2205);
#1748=LINE('',#9796,#2206);
#1749=LINE('',#9797,#2207);
#1750=LINE('',#9817,#2208);
#1751=LINE('',#9824,#2209);
#1752=LINE('',#9847,#2210);
#1753=LINE('',#9870,#2211);
#1754=LINE('',#9893,#2212);
#1755=LINE('',#9896,#2213);
#1756=LINE('',#9898,#2214);
#1757=LINE('',#9899,#2215);
#1758=LINE('',#9918,#2216);
#1759=LINE('',#9925,#2217);
#1760=LINE('',#9948,#2218);
#1761=LINE('',#9951,#2219);
#1762=LINE('',#9953,#2220);
#1763=LINE('',#9954,#2221);
#1764=LINE('',#9977,#2222);
#1765=LINE('',#10000,#2223);
#1766=LINE('',#10023,#2224);
#1767=LINE('',#10046,#2225);
#1768=LINE('',#10069,#2226);
#1769=LINE('',#10092,#2227);
#1770=LINE('',#10115,#2228);
#1771=LINE('',#10118,#2229);
#1772=LINE('',#10120,#2230);
#1773=LINE('',#10121,#2231);
#1774=LINE('',#10144,#2232);
#1775=LINE('',#10167,#2233);
#1776=LINE('',#10185,#2234);
#1777=LINE('',#10208,#2235);
#1778=LINE('',#10231,#2236);
#1779=LINE('',#10254,#2237);
#1780=LINE('',#10282,#2238);
#1781=LINE('',#10284,#2239);
#1782=LINE('',#10285,#2240);
#1783=LINE('',#10303,#2241);
#1784=LINE('',#10326,#2242);
#1785=LINE('',#10349,#2243);
#1786=LINE('',#10372,#2244);
#1787=LINE('',#10395,#2245);
#1788=LINE('',#10418,#2246);
#1789=LINE('',#10441,#2247);
#1790=LINE('',#10464,#2248);
#1791=LINE('',#10487,#2249);
#1792=LINE('',#10510,#2250);
#1793=LINE('',#10533,#2251);
#1794=LINE('',#10556,#2252);
#1795=LINE('',#10601,#2253);
#1796=LINE('',#10608,#2254);
#1797=LINE('',#10631,#2255);
#1798=LINE('',#10654,#2256);
#1799=LINE('',#10657,#2257);
#1800=LINE('',#10659,#2258);
#1801=LINE('',#10660,#2259);
#1802=LINE('',#10663,#2260);
#1803=LINE('',#10665,#2261);
#1804=LINE('',#10666,#2262);
#1805=LINE('',#10685,#2263);
#1806=LINE('',#10692,#2264);
#1807=LINE('',#10715,#2265);
#1808=LINE('',#10738,#2266);
#1809=LINE('',#10741,#2267);
#1810=LINE('',#10743,#2268);
#1811=LINE('',#10744,#2269);
#1812=LINE('',#10747,#2270);
#1813=LINE('',#10749,#2271);
#1814=LINE('',#10750,#2272);
#1815=LINE('',#10769,#2273);
#1816=LINE('',#10776,#2274);
#1817=LINE('',#10799,#2275);
#1818=LINE('',#10822,#2276);
#1819=LINE('',#10845,#2277);
#1820=LINE('',#10868,#2278);
#1821=LINE('',#10891,#2279);
#1822=LINE('',#10909,#2280);
#1823=LINE('',#10932,#2281);
#1824=LINE('',#10955,#2282);
#1825=LINE('',#10962,#2283);
#1826=LINE('',#10963,#2284);
#1827=LINE('',#10981,#2285);
#1828=LINE('',#11004,#2286);
#1829=LINE('',#11027,#2287);
#1830=LINE('',#11050,#2288);
#1831=LINE('',#11057,#2289);
#1832=LINE('',#11058,#2290);
#1833=LINE('',#11081,#2291);
#1834=LINE('',#11099,#2292);
#1835=LINE('',#11122,#2293);
#1836=LINE('',#11145,#2294);
#1837=LINE('',#11168,#2295);
#1838=LINE('',#11176,#2296);
#1839=LINE('',#11178,#2297);
#1840=LINE('',#11179,#2298);
#1841=LINE('',#11182,#2299);
#1842=LINE('',#11184,#2300);
#1843=LINE('',#11185,#2301);
#1844=LINE('',#11187,#2302);
#1845=LINE('',#11188,#2303);
#1846=LINE('',#11208,#2304);
#1847=LINE('',#11215,#2305);
#1848=LINE('',#11238,#2306);
#1849=LINE('',#11261,#2307);
#1850=LINE('',#11280,#2308);
#1851=LINE('',#11287,#2309);
#1852=LINE('',#11310,#2310);
#1853=LINE('',#11333,#2311);
#1854=LINE('',#11356,#2312);
#1855=LINE('',#11359,#2313);
#1856=LINE('',#11361,#2314);
#1857=LINE('',#11362,#2315);
#1858=LINE('',#11385,#2316);
#1859=LINE('',#11408,#2317);
#1860=LINE('',#11426,#2318);
#1861=LINE('',#11433,#2319);
#1862=LINE('',#11434,#2320);
#1863=LINE('',#11457,#2321);
#1864=LINE('',#11475,#2322);
#1865=LINE('',#11498,#2323);
#1866=LINE('',#11521,#2324);
#1867=LINE('',#11544,#2325);
#1868=LINE('',#11567,#2326);
#1869=LINE('',#11575,#2327);
#1870=LINE('',#11577,#2328);
#1871=LINE('',#11578,#2329);
#1872=LINE('',#11618,#2330);
#1873=LINE('',#11625,#2331);
#1874=LINE('',#11648,#2332);
#1875=LINE('',#11671,#2333);
#1876=LINE('',#11694,#2334);
#1877=LINE('',#11697,#2335);
#1878=LINE('',#11699,#2336);
#1879=LINE('',#11700,#2337);
#1880=LINE('',#11719,#2338);
#1881=LINE('',#11726,#2339);
#1882=LINE('',#11749,#2340);
#1883=LINE('',#11752,#2341);
#1884=LINE('',#11754,#2342);
#1885=LINE('',#11755,#2343);
#1886=LINE('',#11778,#2344);
#1887=LINE('',#11801,#2345);
#1888=LINE('',#11824,#2346);
#1889=LINE('',#11847,#2347);
#1890=LINE('',#11870,#2348);
#1891=LINE('',#11893,#2349);
#1892=LINE('',#11916,#2350);
#1893=LINE('',#11919,#2351);
#1894=LINE('',#11921,#2352);
#1895=LINE('',#11922,#2353);
#1896=LINE('',#11945,#2354);
#1897=LINE('',#11968,#2355);
#1898=LINE('',#11986,#2356);
#1899=LINE('',#12009,#2357);
#1900=LINE('',#12032,#2358);
#1901=LINE('',#12055,#2359);
#1902=LINE('',#12083,#2360);
#1903=LINE('',#12085,#2361);
#1904=LINE('',#12086,#2362);
#1905=LINE('',#12104,#2363);
#1906=LINE('',#12127,#2364);
#1907=LINE('',#12150,#2365);
#1908=LINE('',#12173,#2366);
#1909=LINE('',#12196,#2367);
#1910=LINE('',#12219,#2368);
#1911=LINE('',#12242,#2369);
#1912=LINE('',#12265,#2370);
#1913=LINE('',#12288,#2371);
#1914=LINE('',#12311,#2372);
#1915=LINE('',#12334,#2373);
#1916=LINE('',#12357,#2374);
#1917=LINE('',#12402,#2375);
#1918=LINE('',#12409,#2376);
#1919=LINE('',#12432,#2377);
#1920=LINE('',#12435,#2378);
#1921=LINE('',#12437,#2379);
#1922=LINE('',#12438,#2380);
#1923=LINE('',#12441,#2381);
#1924=LINE('',#12443,#2382);
#1925=LINE('',#12444,#2383);
#1926=LINE('',#12448,#2384);
#1927=LINE('',#12450,#2385);
#1928=LINE('',#12452,#2386);
#1929=LINE('',#12453,#2387);
#1930=LINE('',#12456,#2388);
#1931=LINE('',#12458,#2389);
#1932=LINE('',#12459,#2390);
#1933=LINE('',#12462,#2391);
#1934=LINE('',#12464,#2392);
#1935=LINE('',#12465,#2393);
#1936=LINE('',#12488,#2394);
#1937=LINE('',#12511,#2395);
#1938=LINE('',#12534,#2396);
#1939=LINE('',#12557,#2397);
#1940=LINE('',#12560,#2398);
#1941=LINE('',#12562,#2399);
#1942=LINE('',#12563,#2400);
#1943=LINE('',#12566,#2401);
#1944=LINE('',#12568,#2402);
#1945=LINE('',#12569,#2403);
#1946=LINE('',#12572,#2404);
#1947=LINE('',#12574,#2405);
#1948=LINE('',#12575,#2406);
#1949=LINE('',#12593,#2407);
#1950=LINE('',#12616,#2408);
#1951=LINE('',#12639,#2409);
#1952=LINE('',#12646,#2410);
#1953=LINE('',#12647,#2411);
#1954=LINE('',#12665,#2412);
#1955=LINE('',#12688,#2413);
#1956=LINE('',#12711,#2414);
#1957=LINE('',#12734,#2415);
#1958=LINE('',#12757,#2416);
#1959=LINE('',#12780,#2417);
#1960=LINE('',#12803,#2418);
#1961=LINE('',#12811,#2419);
#1962=LINE('',#12813,#2420);
#1963=LINE('',#12814,#2421);
#1964=LINE('',#12816,#2422);
#1965=LINE('',#12817,#2423);
#1966=LINE('',#12822,#2424);
#1967=LINE('',#12824,#2425);
#1968=LINE('',#12826,#2426);
#1969=LINE('',#12827,#2427);
#1970=LINE('',#12839,#2428);
#1971=LINE('',#12840,#2429);
#1972=LINE('',#12842,#2430);
#1973=LINE('',#12845,#2431);
#1974=LINE('',#12849,#2432);
#1975=LINE('',#12853,#2433);
#1976=LINE('',#12856,#2434);
#1977=LINE('',#12861,#2435);
#1978=LINE('',#12866,#2436);
#1979=LINE('',#12871,#2437);
#1980=LINE('',#12876,#2438);
#1981=LINE('',#12881,#2439);
#1982=LINE('',#12886,#2440);
#1983=VECTOR('',#6562,10.);
#1984=VECTOR('',#6565,10.);
#1985=VECTOR('',#6570,10.);
#1986=VECTOR('',#6571,10.);
#1987=VECTOR('',#6574,10.);
#1988=VECTOR('',#6579,10.);
#1989=VECTOR('',#6582,10.);
#1990=VECTOR('',#6595,10.);
#1991=VECTOR('',#6596,10.);
#1992=VECTOR('',#6601,10.);
#1993=VECTOR('',#6602,10.);
#1994=VECTOR('',#6605,10.);
#1995=VECTOR('',#6610,10.);
#1996=VECTOR('',#6613,10.);
#1997=VECTOR('',#6632,10.);
#1998=VECTOR('',#6635,10.);
#1999=VECTOR('',#6638,10.);
#2000=VECTOR('',#6639,10.);
#2001=VECTOR('',#6642,10.);
#2002=VECTOR('',#6647,10.);
#2003=VECTOR('',#6648,10.);
#2004=VECTOR('',#6651,10.);
#2005=VECTOR('',#6656,10.);
#2006=VECTOR('',#6663,10.);
#2007=VECTOR('',#6668,10.);
#2008=VECTOR('',#6673,10.);
#2009=VECTOR('',#6676,10.);
#2010=VECTOR('',#6679,10.);
#2011=VECTOR('',#6682,10.);
#2012=VECTOR('',#6683,10.);
#2013=VECTOR('',#6688,10.);
#2014=VECTOR('',#6695,10.);
#2015=VECTOR('',#6698,10.);
#2016=VECTOR('',#6707,10.);
#2017=VECTOR('',#6718,10.);
#2018=VECTOR('',#6727,10.);
#2019=VECTOR('',#6730,10.);
#2020=VECTOR('',#6733,10.);
#2021=VECTOR('',#6734,10.);
#2022=VECTOR('',#6735,10.);
#2023=VECTOR('',#6736,10.);
#2024=VECTOR('',#6737,10.);
#2025=VECTOR('',#6738,10.);
#2026=VECTOR('',#6739,10.);
#2027=VECTOR('',#6742,10.);
#2028=VECTOR('',#6743,10.);
#2029=VECTOR('',#6762,10.);
#2030=VECTOR('',#6765,10.);
#2031=VECTOR('',#6766,10.);
#2032=VECTOR('',#6769,10.);
#2033=VECTOR('',#6772,10.);
#2034=VECTOR('',#6779,10.);
#2035=VECTOR('',#6780,10.);
#2036=VECTOR('',#6781,10.);
#2037=VECTOR('',#6786,10.);
#2038=VECTOR('',#6789,10.);
#2039=VECTOR('',#6792,10.);
#2040=VECTOR('',#6793,10.);
#2041=VECTOR('',#6796,10.);
#2042=VECTOR('',#6799,10.);
#2043=VECTOR('',#6802,10.);
#2044=VECTOR('',#6803,10.);
#2045=VECTOR('',#6806,10.);
#2046=VECTOR('',#6807,10.);
#2047=VECTOR('',#6814,3.00000000000001);
#2048=VECTOR('',#6823,3.00000000000001);
#2049=VECTOR('',#6828,2.99999999999997);
#2050=VECTOR('',#6839,10.);
#2051=VECTOR('',#6840,10.);
#2052=VECTOR('',#6841,10.);
#2053=VECTOR('',#6842,10.);
#2054=VECTOR('',#6843,10.);
#2055=VECTOR('',#6844,10.);
#2056=VECTOR('',#6845,10.);
#2057=VECTOR('',#6846,10.);
#2058=VECTOR('',#6847,10.);
#2059=VECTOR('',#6850,10.);
#2060=VECTOR('',#6851,10.);
#2061=VECTOR('',#6852,10.);
#2062=VECTOR('',#6853,10.);
#2063=VECTOR('',#6854,10.);
#2064=VECTOR('',#6855,10.);
#2065=VECTOR('',#6858,10.);
#2066=VECTOR('',#6859,10.);
#2067=VECTOR('',#6860,10.);
#2068=VECTOR('',#6861,10.);
#2069=VECTOR('',#6862,10.);
#2070=VECTOR('',#6863,10.);
#2071=VECTOR('',#6864,10.);
#2072=VECTOR('',#6865,10.);
#2073=VECTOR('',#6868,10.);
#2074=VECTOR('',#6869,10.);
#2075=VECTOR('',#6870,10.);
#2076=VECTOR('',#6873,10.);
#2077=VECTOR('',#6874,10.);
#2078=VECTOR('',#6875,10.);
#2079=VECTOR('',#6876,10.);
#2080=VECTOR('',#6877,10.);
#2081=VECTOR('',#6878,10.);
#2082=VECTOR('',#6879,10.);
#2083=VECTOR('',#6880,10.);
#2084=VECTOR('',#6881,10.);
#2085=VECTOR('',#6882,10.);
#2086=VECTOR('',#6883,10.);
#2087=VECTOR('',#6884,10.);
#2088=VECTOR('',#6885,10.);
#2089=VECTOR('',#6886,10.);
#2090=VECTOR('',#6887,10.);
#2091=VECTOR('',#6888,10.);
#2092=VECTOR('',#6891,10.);
#2093=VECTOR('',#6892,10.);
#2094=VECTOR('',#6893,10.);
#2095=VECTOR('',#6894,10.);
#2096=VECTOR('',#6895,10.);
#2097=VECTOR('',#6896,10.);
#2098=VECTOR('',#6899,10.);
#2099=VECTOR('',#6900,10.);
#2100=VECTOR('',#6901,10.);
#2101=VECTOR('',#6904,10.);
#2102=VECTOR('',#6905,10.);
#2103=VECTOR('',#6906,10.);
#2104=VECTOR('',#6909,10.);
#2105=VECTOR('',#6910,10.);
#2106=VECTOR('',#6911,10.);
#2107=VECTOR('',#6914,10.);
#2108=VECTOR('',#6915,10.);
#2109=VECTOR('',#6918,10.);
#2110=VECTOR('',#6919,10.);
#2111=VECTOR('',#6922,10.);
#2112=VECTOR('',#6923,10.);
#2113=VECTOR('',#6924,10.);
#2114=VECTOR('',#6925,10.);
#2115=VECTOR('',#6926,10.);
#2116=VECTOR('',#6927,10.);
#2117=VECTOR('',#6928,10.);
#2118=VECTOR('',#6931,10.);
#2119=VECTOR('',#6932,10.);
#2120=VECTOR('',#6933,10.);
#2121=VECTOR('',#6934,10.);
#2122=VECTOR('',#6935,10.);
#2123=VECTOR('',#6938,10.);
#2124=VECTOR('',#6939,10.);
#2125=VECTOR('',#6940,10.);
#2126=VECTOR('',#6943,10.);
#2127=VECTOR('',#6944,10.);
#2128=VECTOR('',#6945,10.);
#2129=VECTOR('',#6948,10.);
#2130=VECTOR('',#6949,10.);
#2131=VECTOR('',#6950,10.);
#2132=VECTOR('',#6953,10.);
#2133=VECTOR('',#6954,10.);
#2134=VECTOR('',#6957,10.);
#2135=VECTOR('',#6958,10.);
#2136=VECTOR('',#6959,10.);
#2137=VECTOR('',#6960,10.);
#2138=VECTOR('',#6961,10.);
#2139=VECTOR('',#6962,10.);
#2140=VECTOR('',#6963,10.);
#2141=VECTOR('',#6964,10.);
#2142=VECTOR('',#6965,10.);
#2143=VECTOR('',#6966,10.);
#2144=VECTOR('',#6967,10.);
#2145=VECTOR('',#6968,10.);
#2146=VECTOR('',#6969,10.);
#2147=VECTOR('',#6970,10.);
#2148=VECTOR('',#6971,10.);
#2149=VECTOR('',#6972,10.);
#2150=VECTOR('',#6973,10.);
#2151=VECTOR('',#6976,10.);
#2152=VECTOR('',#6977,10.);
#2153=VECTOR('',#6980,10.);
#2154=VECTOR('',#6981,10.);
#2155=VECTOR('',#6982,10.);
#2156=VECTOR('',#6983,10.);
#2157=VECTOR('',#6984,10.);
#2158=VECTOR('',#6985,10.);
#2159=VECTOR('',#6986,10.);
#2160=VECTOR('',#6989,10.);
#2161=VECTOR('',#6990,10.);
#2162=VECTOR('',#6991,10.);
#2163=VECTOR('',#6992,10.);
#2164=VECTOR('',#6993,10.);
#2165=VECTOR('',#6996,10.);
#2166=VECTOR('',#6997,10.);
#2167=VECTOR('',#6998,10.);
#2168=VECTOR('',#7001,10.);
#2169=VECTOR('',#7002,10.);
#2170=VECTOR('',#7003,10.);
#2171=VECTOR('',#7006,10.);
#2172=VECTOR('',#7007,10.);
#2173=VECTOR('',#7008,10.);
#2174=VECTOR('',#7011,10.);
#2175=VECTOR('',#7012,10.);
#2176=VECTOR('',#7015,10.);
#2177=VECTOR('',#7016,10.);
#2178=VECTOR('',#7017,10.);
#2179=VECTOR('',#7018,10.);
#2180=VECTOR('',#7019,10.);
#2181=VECTOR('',#7020,10.);
#2182=VECTOR('',#7021,10.);
#2183=VECTOR('',#7022,10.);
#2184=VECTOR('',#7023,10.);
#2185=VECTOR('',#7024,10.);
#2186=VECTOR('',#7027,10.);
#2187=VECTOR('',#7028,10.);
#2188=VECTOR('',#7029,10.);
#2189=VECTOR('',#7032,10.);
#2190=VECTOR('',#7033,10.);
#2191=VECTOR('',#7034,10.);
#2192=VECTOR('',#7035,10.);
#2193=VECTOR('',#7036,10.);
#2194=VECTOR('',#7037,10.);
#2195=VECTOR('',#7040,10.);
#2196=VECTOR('',#7041,10.);
#2197=VECTOR('',#7042,10.);
#2198=VECTOR('',#7043,10.);
#2199=VECTOR('',#7044,10.);
#2200=VECTOR('',#7045,10.);
#2201=VECTOR('',#7046,10.);
#2202=VECTOR('',#7047,10.);
#2203=VECTOR('',#7050,10.);
#2204=VECTOR('',#7051,10.);
#2205=VECTOR('',#7052,10.);
#2206=VECTOR('',#7055,10.);
#2207=VECTOR('',#7056,10.);
#2208=VECTOR('',#7059,10.);
#2209=VECTOR('',#7060,10.);
#2210=VECTOR('',#7061,10.);
#2211=VECTOR('',#7062,10.);
#2212=VECTOR('',#7063,10.);
#2213=VECTOR('',#7066,10.);
#2214=VECTOR('',#7067,10.);
#2215=VECTOR('',#7068,10.);
#2216=VECTOR('',#7069,10.);
#2217=VECTOR('',#7070,10.);
#2218=VECTOR('',#7071,10.);
#2219=VECTOR('',#7074,10.);
#2220=VECTOR('',#7075,10.);
#2221=VECTOR('',#7076,10.);
#2222=VECTOR('',#7077,10.);
#2223=VECTOR('',#7078,10.);
#2224=VECTOR('',#7079,10.);
#2225=VECTOR('',#7080,10.);
#2226=VECTOR('',#7081,10.);
#2227=VECTOR('',#7082,10.);
#2228=VECTOR('',#7083,10.);
#2229=VECTOR('',#7086,10.);
#2230=VECTOR('',#7087,10.);
#2231=VECTOR('',#7088,10.);
#2232=VECTOR('',#7089,10.);
#2233=VECTOR('',#7090,10.);
#2234=VECTOR('',#7091,10.);
#2235=VECTOR('',#7092,10.);
#2236=VECTOR('',#7093,10.);
#2237=VECTOR('',#7094,10.);
#2238=VECTOR('',#7097,10.);
#2239=VECTOR('',#7098,10.);
#2240=VECTOR('',#7099,10.);
#2241=VECTOR('',#7100,10.);
#2242=VECTOR('',#7101,10.);
#2243=VECTOR('',#7102,10.);
#2244=VECTOR('',#7103,10.);
#2245=VECTOR('',#7104,10.);
#2246=VECTOR('',#7105,10.);
#2247=VECTOR('',#7106,10.);
#2248=VECTOR('',#7107,10.);
#2249=VECTOR('',#7108,10.);
#2250=VECTOR('',#7109,10.);
#2251=VECTOR('',#7110,10.);
#2252=VECTOR('',#7111,10.);
#2253=VECTOR('',#7114,10.);
#2254=VECTOR('',#7115,10.);
#2255=VECTOR('',#7116,10.);
#2256=VECTOR('',#7117,10.);
#2257=VECTOR('',#7120,10.);
#2258=VECTOR('',#7121,10.);
#2259=VECTOR('',#7122,10.);
#2260=VECTOR('',#7125,10.);
#2261=VECTOR('',#7126,10.);
#2262=VECTOR('',#7127,10.);
#2263=VECTOR('',#7128,10.);
#2264=VECTOR('',#7129,10.);
#2265=VECTOR('',#7130,10.);
#2266=VECTOR('',#7131,10.);
#2267=VECTOR('',#7134,10.);
#2268=VECTOR('',#7135,10.);
#2269=VECTOR('',#7136,10.);
#2270=VECTOR('',#7139,10.);
#2271=VECTOR('',#7140,10.);
#2272=VECTOR('',#7141,10.);
#2273=VECTOR('',#7142,10.);
#2274=VECTOR('',#7143,10.);
#2275=VECTOR('',#7144,10.);
#2276=VECTOR('',#7145,10.);
#2277=VECTOR('',#7146,10.);
#2278=VECTOR('',#7147,10.);
#2279=VECTOR('',#7148,10.);
#2280=VECTOR('',#7149,10.);
#2281=VECTOR('',#7150,10.);
#2282=VECTOR('',#7151,10.);
#2283=VECTOR('',#7154,10.);
#2284=VECTOR('',#7155,10.);
#2285=VECTOR('',#7156,10.);
#2286=VECTOR('',#7157,10.);
#2287=VECTOR('',#7158,10.);
#2288=VECTOR('',#7159,10.);
#2289=VECTOR('',#7162,10.);
#2290=VECTOR('',#7163,10.);
#2291=VECTOR('',#7164,10.);
#2292=VECTOR('',#7165,10.);
#2293=VECTOR('',#7166,10.);
#2294=VECTOR('',#7167,10.);
#2295=VECTOR('',#7168,10.);
#2296=VECTOR('',#7171,10.);
#2297=VECTOR('',#7172,10.);
#2298=VECTOR('',#7173,10.);
#2299=VECTOR('',#7176,10.);
#2300=VECTOR('',#7177,10.);
#2301=VECTOR('',#7178,10.);
#2302=VECTOR('',#7181,10.);
#2303=VECTOR('',#7182,10.);
#2304=VECTOR('',#7185,10.);
#2305=VECTOR('',#7186,10.);
#2306=VECTOR('',#7187,10.);
#2307=VECTOR('',#7188,10.);
#2308=VECTOR('',#7189,10.);
#2309=VECTOR('',#7190,10.);
#2310=VECTOR('',#7191,10.);
#2311=VECTOR('',#7192,10.);
#2312=VECTOR('',#7193,10.);
#2313=VECTOR('',#7196,10.);
#2314=VECTOR('',#7197,10.);
#2315=VECTOR('',#7198,10.);
#2316=VECTOR('',#7199,10.);
#2317=VECTOR('',#7200,10.);
#2318=VECTOR('',#7201,10.);
#2319=VECTOR('',#7204,10.);
#2320=VECTOR('',#7205,10.);
#2321=VECTOR('',#7206,10.);
#2322=VECTOR('',#7207,10.);
#2323=VECTOR('',#7208,10.);
#2324=VECTOR('',#7209,10.);
#2325=VECTOR('',#7210,10.);
#2326=VECTOR('',#7211,10.);
#2327=VECTOR('',#7214,10.);
#2328=VECTOR('',#7215,10.);
#2329=VECTOR('',#7216,10.);
#2330=VECTOR('',#7219,10.);
#2331=VECTOR('',#7220,10.);
#2332=VECTOR('',#7221,10.);
#2333=VECTOR('',#7222,10.);
#2334=VECTOR('',#7223,10.);
#2335=VECTOR('',#7226,10.);
#2336=VECTOR('',#7227,10.);
#2337=VECTOR('',#7228,10.);
#2338=VECTOR('',#7229,10.);
#2339=VECTOR('',#7230,10.);
#2340=VECTOR('',#7231,10.);
#2341=VECTOR('',#7234,10.);
#2342=VECTOR('',#7235,10.);
#2343=VECTOR('',#7236,10.);
#2344=VECTOR('',#7237,10.);
#2345=VECTOR('',#7238,10.);
#2346=VECTOR('',#7239,10.);
#2347=VECTOR('',#7240,10.);
#2348=VECTOR('',#7241,10.);
#2349=VECTOR('',#7242,10.);
#2350=VECTOR('',#7243,10.);
#2351=VECTOR('',#7246,10.);
#2352=VECTOR('',#7247,10.);
#2353=VECTOR('',#7248,10.);
#2354=VECTOR('',#7249,10.);
#2355=VECTOR('',#7250,10.);
#2356=VECTOR('',#7251,10.);
#2357=VECTOR('',#7252,10.);
#2358=VECTOR('',#7253,10.);
#2359=VECTOR('',#7254,10.);
#2360=VECTOR('',#7257,10.);
#2361=VECTOR('',#7258,10.);
#2362=VECTOR('',#7259,10.);
#2363=VECTOR('',#7260,10.);
#2364=VECTOR('',#7261,10.);
#2365=VECTOR('',#7262,10.);
#2366=VECTOR('',#7263,10.);
#2367=VECTOR('',#7264,10.);
#2368=VECTOR('',#7265,10.);
#2369=VECTOR('',#7266,10.);
#2370=VECTOR('',#7267,10.);
#2371=VECTOR('',#7268,10.);
#2372=VECTOR('',#7269,10.);
#2373=VECTOR('',#7270,10.);
#2374=VECTOR('',#7271,10.);
#2375=VECTOR('',#7274,10.);
#2376=VECTOR('',#7275,10.);
#2377=VECTOR('',#7276,10.);
#2378=VECTOR('',#7279,10.);
#2379=VECTOR('',#7280,10.);
#2380=VECTOR('',#7281,10.);
#2381=VECTOR('',#7284,10.);
#2382=VECTOR('',#7285,10.);
#2383=VECTOR('',#7286,10.);
#2384=VECTOR('',#7289,10.);
#2385=VECTOR('',#7290,10.);
#2386=VECTOR('',#7291,10.);
#2387=VECTOR('',#7292,10.);
#2388=VECTOR('',#7295,10.);
#2389=VECTOR('',#7296,10.);
#2390=VECTOR('',#7297,10.);
#2391=VECTOR('',#7300,10.);
#2392=VECTOR('',#7301,10.);
#2393=VECTOR('',#7302,10.);
#2394=VECTOR('',#7303,10.);
#2395=VECTOR('',#7304,10.);
#2396=VECTOR('',#7305,10.);
#2397=VECTOR('',#7306,10.);
#2398=VECTOR('',#7309,10.);
#2399=VECTOR('',#7310,10.);
#2400=VECTOR('',#7311,10.);
#2401=VECTOR('',#7314,10.);
#2402=VECTOR('',#7315,10.);
#2403=VECTOR('',#7316,10.);
#2404=VECTOR('',#7319,10.);
#2405=VECTOR('',#7320,10.);
#2406=VECTOR('',#7321,10.);
#2407=VECTOR('',#7322,10.);
#2408=VECTOR('',#7323,10.);
#2409=VECTOR('',#7324,10.);
#2410=VECTOR('',#7327,10.);
#2411=VECTOR('',#7328,10.);
#2412=VECTOR('',#7329,10.);
#2413=VECTOR('',#7330,10.);
#2414=VECTOR('',#7331,10.);
#2415=VECTOR('',#7332,10.);
#2416=VECTOR('',#7333,10.);
#2417=VECTOR('',#7334,10.);
#2418=VECTOR('',#7335,10.);
#2419=VECTOR('',#7338,10.);
#2420=VECTOR('',#7339,10.);
#2421=VECTOR('',#7340,10.);
#2422=VECTOR('',#7343,10.);
#2423=VECTOR('',#7344,10.);
#2424=VECTOR('',#7349,10.);
#2425=VECTOR('',#7350,10.);
#2426=VECTOR('',#7351,10.);
#2427=VECTOR('',#7352,10.);
#2428=VECTOR('',#7375,10.);
#2429=VECTOR('',#7376,10.);
#2430=VECTOR('',#7379,10.);
#2431=VECTOR('',#7382,3.);
#2432=VECTOR('',#7387,3.);
#2433=VECTOR('',#7392,2.99999999999997);
#2434=VECTOR('',#7397,10.);
#2435=VECTOR('',#7404,1.70000000000002);
#2436=VECTOR('',#7411,1.7);
#2437=VECTOR('',#7418,1.70000000000002);
#2438=VECTOR('',#7425,1.7);
#2439=VECTOR('',#7432,1.70000000000002);
#2440=VECTOR('',#7439,1.70000000000002);
#2441=CIRCLE('',#6344,2.);
#2442=CIRCLE('',#6345,2.);
#2443=CIRCLE('',#6347,1.99999999999998);
#2444=CIRCLE('',#6348,2.);
#2445=CIRCLE('',#6350,2.);
#2446=CIRCLE('',#6351,1.99999999999998);
#2447=CIRCLE('',#6353,2.);
#2448=CIRCLE('',#6354,4.);
#2449=CIRCLE('',#6355,2.);
#2450=CIRCLE('',#6357,2.);
#2451=CIRCLE('',#6359,1.99999999999998);
#2452=CIRCLE('',#6360,2.);
#2453=CIRCLE('',#6362,2.);
#2454=CIRCLE('',#6363,2.);
#2455=CIRCLE('',#6365,2.);
#2456=CIRCLE('',#6367,2.);
#2457=CIRCLE('',#6369,2.);
#2458=CIRCLE('',#6371,2.);
#2459=CIRCLE('',#6373,2.);
#2460=CIRCLE('',#6376,2.);
#2461=CIRCLE('',#6379,2.);
#2462=CIRCLE('',#6389,2.);
#2463=CIRCLE('',#6392,2.);
#2464=CIRCLE('',#6393,2.00000000000003);
#2465=CIRCLE('',#6395,2.00000000000003);
#2466=CIRCLE('',#6396,2.);
#2467=CIRCLE('',#6399,2.00000000000003);
#2468=CIRCLE('',#6400,2.00000000000001);
#2469=CIRCLE('',#6402,2.00000000000003);
#2470=CIRCLE('',#6403,4.);
#2471=CIRCLE('',#6405,2.00000000000003);
#2472=CIRCLE('',#6408,1.99999999999999);
#2473=CIRCLE('',#6410,2.);
#2474=CIRCLE('',#6411,1.);
#2475=CIRCLE('',#6412,1.);
#2476=CIRCLE('',#6413,1.70000000000002);
#2477=CIRCLE('',#6414,1.70000000000002);
#2478=CIRCLE('',#6415,1.70000000000002);
#2479=CIRCLE('',#6416,1.7);
#2480=CIRCLE('',#6417,1.7);
#2481=CIRCLE('',#6418,1.70000000000002);
#2482=CIRCLE('',#6422,2.00000000000003);
#2483=CIRCLE('',#6424,2.);
#2484=CIRCLE('',#6426,2.);
#2485=CIRCLE('',#6430,1.);
#2486=CIRCLE('',#6433,1.);
#2487=CIRCLE('',#6439,3.00000000000001);
#2488=CIRCLE('',#6443,3.00000000000001);
#2489=CIRCLE('',#6445,2.99999999999997);
#2490=CIRCLE('',#6531,3.);
#2491=CIRCLE('',#6533,3.);
#2492=CIRCLE('',#6535,2.99999999999997);
#2493=CIRCLE('',#6539,1.70000000000002);
#2494=CIRCLE('',#6542,1.7);
#2495=CIRCLE('',#6545,1.70000000000002);
#2496=CIRCLE('',#6548,1.7);
#2497=CIRCLE('',#6551,1.70000000000002);
#2498=CIRCLE('',#6554,1.70000000000002);
#2499=VERTEX_POINT('',#7444);
#2500=VERTEX_POINT('',#7445);
#2501=VERTEX_POINT('',#7447);
#2502=VERTEX_POINT('',#7449);
#2503=VERTEX_POINT('',#7453);
#2504=VERTEX_POINT('',#7454);
#2505=VERTEX_POINT('',#7456);
#2506=VERTEX_POINT('',#7458);
#2507=VERTEX_POINT('',#7463);
#2508=VERTEX_POINT('',#7464);
#2509=VERTEX_POINT('',#7466);
#2510=VERTEX_POINT('',#7468);
#2511=VERTEX_POINT('',#7472);
#2512=VERTEX_POINT('',#7473);
#2513=VERTEX_POINT('',#7478);
#2514=VERTEX_POINT('',#7483);
#2515=VERTEX_POINT('',#7484);
#2516=VERTEX_POINT('',#7486);
#2517=VERTEX_POINT('',#7488);
#2518=VERTEX_POINT('',#7493);
#2519=VERTEX_POINT('',#7494);
#2520=VERTEX_POINT('',#7496);
#2521=VERTEX_POINT('',#7509);
#2522=VERTEX_POINT('',#7511);
#2523=VERTEX_POINT('',#7515);
#2524=VERTEX_POINT('',#7519);
#2525=VERTEX_POINT('',#7523);
#2526=VERTEX_POINT('',#7527);
#2527=VERTEX_POINT('',#7531);
#2528=VERTEX_POINT('',#7535);
#2529=VERTEX_POINT('',#7537);
#2530=VERTEX_POINT('',#7539);
#2531=VERTEX_POINT('',#7541);
#2532=VERTEX_POINT('',#7543);
#2533=VERTEX_POINT('',#7545);
#2534=VERTEX_POINT('',#7547);
#2535=VERTEX_POINT('',#7551);
#2536=VERTEX_POINT('',#7553);
#2537=VERTEX_POINT('',#7555);
#2538=VERTEX_POINT('',#7584);
#2539=VERTEX_POINT('',#7588);
#2540=VERTEX_POINT('',#7590);
#2541=VERTEX_POINT('',#7594);
#2542=VERTEX_POINT('',#7601);
#2543=VERTEX_POINT('',#7606);
#2544=VERTEX_POINT('',#7610);
#2545=VERTEX_POINT('',#7617);
#2546=VERTEX_POINT('',#7619);
#2547=VERTEX_POINT('',#7621);
#2548=VERTEX_POINT('',#7623);
#2549=VERTEX_POINT('',#7625);
#2550=VERTEX_POINT('',#7627);
#2551=VERTEX_POINT('',#7629);
#2552=VERTEX_POINT('',#7631);
#2553=VERTEX_POINT('',#7633);
#2554=VERTEX_POINT('',#7635);
#2555=VERTEX_POINT('',#7637);
#2556=VERTEX_POINT('',#7639);
#2557=VERTEX_POINT('',#7643);
#2558=VERTEX_POINT('',#7645);
#2559=VERTEX_POINT('',#7647);
#2560=VERTEX_POINT('',#7649);
#2561=VERTEX_POINT('',#7651);
#2562=VERTEX_POINT('',#7653);
#2563=VERTEX_POINT('',#7658);
#2564=VERTEX_POINT('',#7660);
#2565=VERTEX_POINT('',#7662);
#2566=VERTEX_POINT('',#7666);
#2567=VERTEX_POINT('',#7673);
#2568=VERTEX_POINT('',#7675);
#2569=VERTEX_POINT('',#7690);
#2570=VERTEX_POINT('',#7692);
#2571=VERTEX_POINT('',#7696);
#2572=VERTEX_POINT('',#7700);
#2573=VERTEX_POINT('',#7702);
#2574=VERTEX_POINT('',#7706);
#2575=VERTEX_POINT('',#7714);
#2576=VERTEX_POINT('',#7716);
#2577=VERTEX_POINT('',#7722);
#2578=VERTEX_POINT('',#7726);
#2579=VERTEX_POINT('',#7731);
#2580=VERTEX_POINT('',#7744);
#2581=VERTEX_POINT('',#7745);
#2582=VERTEX_POINT('',#7751);
#2583=VERTEX_POINT('',#7753);
#2584=VERTEX_POINT('',#7770);
#2585=VERTEX_POINT('',#7776);
#2586=VERTEX_POINT('',#7793);
#2587=VERTEX_POINT('',#7799);
#2588=VERTEX_POINT('',#7816);
#2589=VERTEX_POINT('',#7817);
#2590=VERTEX_POINT('',#7823);
#2591=VERTEX_POINT('',#7825);
#2592=VERTEX_POINT('',#7842);
#2593=VERTEX_POINT('',#7848);
#2594=VERTEX_POINT('',#7865);
#2595=VERTEX_POINT('',#7871);
#2596=VERTEX_POINT('',#7888);
#2597=VERTEX_POINT('',#7894);
#2598=VERTEX_POINT('',#7902);
#2599=VERTEX_POINT('',#7904);
#2600=VERTEX_POINT('',#7917);
#2601=VERTEX_POINT('',#7923);
#2602=VERTEX_POINT('',#7940);
#2603=VERTEX_POINT('',#7946);
#2604=VERTEX_POINT('',#7963);
#2605=VERTEX_POINT('',#7969);
#2606=VERTEX_POINT('',#7989);
#2607=VERTEX_POINT('',#7995);
#2608=VERTEX_POINT('',#8012);
#2609=VERTEX_POINT('',#8018);
#2610=VERTEX_POINT('',#8035);
#2611=VERTEX_POINT('',#8041);
#2612=VERTEX_POINT('',#8058);
#2613=VERTEX_POINT('',#8064);
#2614=VERTEX_POINT('',#8081);
#2615=VERTEX_POINT('',#8087);
#2616=VERTEX_POINT('',#8104);
#2617=VERTEX_POINT('',#8110);
#2618=VERTEX_POINT('',#8118);
#2619=VERTEX_POINT('',#8120);
#2620=VERTEX_POINT('',#8154);
#2621=VERTEX_POINT('',#8155);
#2622=VERTEX_POINT('',#8161);
#2623=VERTEX_POINT('',#8163);
#2624=VERTEX_POINT('',#8180);
#2625=VERTEX_POINT('',#8186);
#2626=VERTEX_POINT('',#8203);
#2627=VERTEX_POINT('',#8209);
#2628=VERTEX_POINT('',#8226);
#2629=VERTEX_POINT('',#8232);
#2630=VERTEX_POINT('',#8249);
#2631=VERTEX_POINT('',#8250);
#2632=VERTEX_POINT('',#8256);
#2633=VERTEX_POINT('',#8258);
#2634=VERTEX_POINT('',#8275);
#2635=VERTEX_POINT('',#8281);
#2636=VERTEX_POINT('',#8298);
#2637=VERTEX_POINT('',#8304);
#2638=VERTEX_POINT('',#8321);
#2639=VERTEX_POINT('',#8327);
#2640=VERTEX_POINT('',#8344);
#2641=VERTEX_POINT('',#8350);
#2642=VERTEX_POINT('',#8367);
#2643=VERTEX_POINT('',#8373);
#2644=VERTEX_POINT('',#8390);
#2645=VERTEX_POINT('',#8396);
#2646=VERTEX_POINT('',#8413);
#2647=VERTEX_POINT('',#8419);
#2648=VERTEX_POINT('',#8436);
#2649=VERTEX_POINT('',#8442);
#2650=VERTEX_POINT('',#8459);
#2651=VERTEX_POINT('',#8465);
#2652=VERTEX_POINT('',#8493);
#2653=VERTEX_POINT('',#8495);
#2654=VERTEX_POINT('',#8508);
#2655=VERTEX_POINT('',#8514);
#2656=VERTEX_POINT('',#8531);
#2657=VERTEX_POINT('',#8537);
#2658=VERTEX_POINT('',#8554);
#2659=VERTEX_POINT('',#8560);
#2660=VERTEX_POINT('',#8568);
#2661=VERTEX_POINT('',#8570);
#2662=VERTEX_POINT('',#8574);
#2663=VERTEX_POINT('',#8576);
#2664=VERTEX_POINT('',#8580);
#2665=VERTEX_POINT('',#8582);
#2666=VERTEX_POINT('',#8599);
#2667=VERTEX_POINT('',#8600);
#2668=VERTEX_POINT('',#8606);
#2669=VERTEX_POINT('',#8608);
#2670=VERTEX_POINT('',#8616);
#2671=VERTEX_POINT('',#8618);
#2672=VERTEX_POINT('',#8631);
#2673=VERTEX_POINT('',#8637);
#2674=VERTEX_POINT('',#8654);
#2675=VERTEX_POINT('',#8660);
#2676=VERTEX_POINT('',#8677);
#2677=VERTEX_POINT('',#8683);
#2678=VERTEX_POINT('',#8700);
#2679=VERTEX_POINT('',#8706);
#2680=VERTEX_POINT('',#8714);
#2681=VERTEX_POINT('',#8716);
#2682=VERTEX_POINT('',#8729);
#2683=VERTEX_POINT('',#8735);
#2684=VERTEX_POINT('',#8752);
#2685=VERTEX_POINT('',#8758);
#2686=VERTEX_POINT('',#8766);
#2687=VERTEX_POINT('',#8768);
#2688=VERTEX_POINT('',#8772);
#2689=VERTEX_POINT('',#8774);
#2690=VERTEX_POINT('',#8778);
#2691=VERTEX_POINT('',#8780);
#2692=VERTEX_POINT('',#8797);
#2693=VERTEX_POINT('',#8798);
#2694=VERTEX_POINT('',#8804);
#2695=VERTEX_POINT('',#8806);
#2696=VERTEX_POINT('',#8823);
#2697=VERTEX_POINT('',#8829);
#2698=VERTEX_POINT('',#8846);
#2699=VERTEX_POINT('',#8852);
#2700=VERTEX_POINT('',#8869);
#2701=VERTEX_POINT('',#8875);
#2702=VERTEX_POINT('',#8892);
#2703=VERTEX_POINT('',#8893);
#2704=VERTEX_POINT('',#8899);
#2705=VERTEX_POINT('',#8901);
#2706=VERTEX_POINT('',#8918);
#2707=VERTEX_POINT('',#8924);
#2708=VERTEX_POINT('',#8941);
#2709=VERTEX_POINT('',#8947);
#2710=VERTEX_POINT('',#8964);
#2711=VERTEX_POINT('',#8970);
#2712=VERTEX_POINT('',#8987);
#2713=VERTEX_POINT('',#8993);
#2714=VERTEX_POINT('',#9010);
#2715=VERTEX_POINT('',#9016);
#2716=VERTEX_POINT('',#9033);
#2717=VERTEX_POINT('',#9039);
#2718=VERTEX_POINT('',#9076);
#2719=VERTEX_POINT('',#9082);
#2720=VERTEX_POINT('',#9099);
#2721=VERTEX_POINT('',#9105);
#2722=VERTEX_POINT('',#9122);
#2723=VERTEX_POINT('',#9128);
#2724=VERTEX_POINT('',#9145);
#2725=VERTEX_POINT('',#9151);
#2726=VERTEX_POINT('',#9189);
#2727=VERTEX_POINT('',#9190);
#2728=VERTEX_POINT('',#9196);
#2729=VERTEX_POINT('',#9198);
#2730=VERTEX_POINT('',#9206);
#2731=VERTEX_POINT('',#9208);
#2732=VERTEX_POINT('',#9221);
#2733=VERTEX_POINT('',#9227);
#2734=VERTEX_POINT('',#9244);
#2735=VERTEX_POINT('',#9250);
#2736=VERTEX_POINT('',#9267);
#2737=VERTEX_POINT('',#9273);
#2738=VERTEX_POINT('',#9290);
#2739=VERTEX_POINT('',#9296);
#2740=VERTEX_POINT('',#9304);
#2741=VERTEX_POINT('',#9306);
#2742=VERTEX_POINT('',#9319);
#2743=VERTEX_POINT('',#9325);
#2744=VERTEX_POINT('',#9342);
#2745=VERTEX_POINT('',#9348);
#2746=VERTEX_POINT('',#9356);
#2747=VERTEX_POINT('',#9358);
#2748=VERTEX_POINT('',#9362);
#2749=VERTEX_POINT('',#9364);
#2750=VERTEX_POINT('',#9368);
#2751=VERTEX_POINT('',#9370);
#2752=VERTEX_POINT('',#9387);
#2753=VERTEX_POINT('',#9388);
#2754=VERTEX_POINT('',#9394);
#2755=VERTEX_POINT('',#9396);
#2756=VERTEX_POINT('',#9413);
#2757=VERTEX_POINT('',#9419);
#2758=VERTEX_POINT('',#9436);
#2759=VERTEX_POINT('',#9442);
#2760=VERTEX_POINT('',#9459);
#2761=VERTEX_POINT('',#9465);
#2762=VERTEX_POINT('',#9482);
#2763=VERTEX_POINT('',#9483);
#2764=VERTEX_POINT('',#9489);
#2765=VERTEX_POINT('',#9491);
#2766=VERTEX_POINT('',#9508);
#2767=VERTEX_POINT('',#9514);
#2768=VERTEX_POINT('',#9531);
#2769=VERTEX_POINT('',#9537);
#2770=VERTEX_POINT('',#9554);
#2771=VERTEX_POINT('',#9560);
#2772=VERTEX_POINT('',#9568);
#2773=VERTEX_POINT('',#9570);
#2774=VERTEX_POINT('',#9574);
#2775=VERTEX_POINT('',#9576);
#2776=VERTEX_POINT('',#9589);
#2777=VERTEX_POINT('',#9595);
#2778=VERTEX_POINT('',#9612);
#2779=VERTEX_POINT('',#9618);
#2780=VERTEX_POINT('',#9635);
#2781=VERTEX_POINT('',#9641);
#2782=VERTEX_POINT('',#9669);
#2783=VERTEX_POINT('',#9671);
#2784=VERTEX_POINT('',#9684);
#2785=VERTEX_POINT('',#9690);
#2786=VERTEX_POINT('',#9707);
#2787=VERTEX_POINT('',#9713);
#2788=VERTEX_POINT('',#9730);
#2789=VERTEX_POINT('',#9736);
#2790=VERTEX_POINT('',#9753);
#2791=VERTEX_POINT('',#9759);
#2792=VERTEX_POINT('',#9776);
#2793=VERTEX_POINT('',#9782);
#2794=VERTEX_POINT('',#9790);
#2795=VERTEX_POINT('',#9792);
#2796=VERTEX_POINT('',#9809);
#2797=VERTEX_POINT('',#9810);
#2798=VERTEX_POINT('',#9816);
#2799=VERTEX_POINT('',#9818);
#2800=VERTEX_POINT('',#9835);
#2801=VERTEX_POINT('',#9841);
#2802=VERTEX_POINT('',#9858);
#2803=VERTEX_POINT('',#9864);
#2804=VERTEX_POINT('',#9881);
#2805=VERTEX_POINT('',#9887);
#2806=VERTEX_POINT('',#9895);
#2807=VERTEX_POINT('',#9897);
#2808=VERTEX_POINT('',#9910);
#2809=VERTEX_POINT('',#9911);
#2810=VERTEX_POINT('',#9917);
#2811=VERTEX_POINT('',#9919);
#2812=VERTEX_POINT('',#9936);
#2813=VERTEX_POINT('',#9942);
#2814=VERTEX_POINT('',#9950);
#2815=VERTEX_POINT('',#9952);
#2816=VERTEX_POINT('',#9965);
#2817=VERTEX_POINT('',#9971);
#2818=VERTEX_POINT('',#9988);
#2819=VERTEX_POINT('',#9994);
#2820=VERTEX_POINT('',#10011);
#2821=VERTEX_POINT('',#10017);
#2822=VERTEX_POINT('',#10034);
#2823=VERTEX_POINT('',#10040);
#2824=VERTEX_POINT('',#10057);
#2825=VERTEX_POINT('',#10063);
#2826=VERTEX_POINT('',#10080);
#2827=VERTEX_POINT('',#10086);
#2828=VERTEX_POINT('',#10103);
#2829=VERTEX_POINT('',#10109);
#2830=VERTEX_POINT('',#10117);
#2831=VERTEX_POINT('',#10119);
#2832=VERTEX_POINT('',#10132);
#2833=VERTEX_POINT('',#10138);
#2834=VERTEX_POINT('',#10155);
#2835=VERTEX_POINT('',#10161);
#2836=VERTEX_POINT('',#10178);
#2837=VERTEX_POINT('',#10184);
#2838=VERTEX_POINT('',#10201);
#2839=VERTEX_POINT('',#10207);
#2840=VERTEX_POINT('',#10224);
#2841=VERTEX_POINT('',#10230);
#2842=VERTEX_POINT('',#10247);
#2843=VERTEX_POINT('',#10253);
#2844=VERTEX_POINT('',#10281);
#2845=VERTEX_POINT('',#10283);
#2846=VERTEX_POINT('',#10296);
#2847=VERTEX_POINT('',#10302);
#2848=VERTEX_POINT('',#10319);
#2849=VERTEX_POINT('',#10325);
#2850=VERTEX_POINT('',#10342);
#2851=VERTEX_POINT('',#10348);
#2852=VERTEX_POINT('',#10365);
#2853=VERTEX_POINT('',#10371);
#2854=VERTEX_POINT('',#10388);
#2855=VERTEX_POINT('',#10394);
#2856=VERTEX_POINT('',#10411);
#2857=VERTEX_POINT('',#10417);
#2858=VERTEX_POINT('',#10434);
#2859=VERTEX_POINT('',#10440);
#2860=VERTEX_POINT('',#10457);
#2861=VERTEX_POINT('',#10463);
#2862=VERTEX_POINT('',#10480);
#2863=VERTEX_POINT('',#10486);
#2864=VERTEX_POINT('',#10503);
#2865=VERTEX_POINT('',#10509);
#2866=VERTEX_POINT('',#10526);
#2867=VERTEX_POINT('',#10532);
#2868=VERTEX_POINT('',#10549);
#2869=VERTEX_POINT('',#10555);
#2870=VERTEX_POINT('',#10593);
#2871=VERTEX_POINT('',#10594);
#2872=VERTEX_POINT('',#10600);
#2873=VERTEX_POINT('',#10602);
#2874=VERTEX_POINT('',#10619);
#2875=VERTEX_POINT('',#10625);
#2876=VERTEX_POINT('',#10642);
#2877=VERTEX_POINT('',#10648);
#2878=VERTEX_POINT('',#10656);
#2879=VERTEX_POINT('',#10658);
#2880=VERTEX_POINT('',#10662);
#2881=VERTEX_POINT('',#10664);
#2882=VERTEX_POINT('',#10677);
#2883=VERTEX_POINT('',#10678);
#2884=VERTEX_POINT('',#10684);
#2885=VERTEX_POINT('',#10686);
#2886=VERTEX_POINT('',#10703);
#2887=VERTEX_POINT('',#10709);
#2888=VERTEX_POINT('',#10726);
#2889=VERTEX_POINT('',#10732);
#2890=VERTEX_POINT('',#10740);
#2891=VERTEX_POINT('',#10742);
#2892=VERTEX_POINT('',#10746);
#2893=VERTEX_POINT('',#10748);
#2894=VERTEX_POINT('',#10761);
#2895=VERTEX_POINT('',#10762);
#2896=VERTEX_POINT('',#10768);
#2897=VERTEX_POINT('',#10770);
#2898=VERTEX_POINT('',#10787);
#2899=VERTEX_POINT('',#10793);
#2900=VERTEX_POINT('',#10810);
#2901=VERTEX_POINT('',#10816);
#2902=VERTEX_POINT('',#10833);
#2903=VERTEX_POINT('',#10839);
#2904=VERTEX_POINT('',#10856);
#2905=VERTEX_POINT('',#10862);
#2906=VERTEX_POINT('',#10879);
#2907=VERTEX_POINT('',#10885);
#2908=VERTEX_POINT('',#10902);
#2909=VERTEX_POINT('',#10908);
#2910=VERTEX_POINT('',#10925);
#2911=VERTEX_POINT('',#10931);
#2912=VERTEX_POINT('',#10948);
#2913=VERTEX_POINT('',#10954);
#2914=VERTEX_POINT('',#10974);
#2915=VERTEX_POINT('',#10980);
#2916=VERTEX_POINT('',#10997);
#2917=VERTEX_POINT('',#11003);
#2918=VERTEX_POINT('',#11020);
#2919=VERTEX_POINT('',#11026);
#2920=VERTEX_POINT('',#11043);
#2921=VERTEX_POINT('',#11049);
#2922=VERTEX_POINT('',#11069);
#2923=VERTEX_POINT('',#11075);
#2924=VERTEX_POINT('',#11092);
#2925=VERTEX_POINT('',#11098);
#2926=VERTEX_POINT('',#11115);
#2927=VERTEX_POINT('',#11121);
#2928=VERTEX_POINT('',#11138);
#2929=VERTEX_POINT('',#11144);
#2930=VERTEX_POINT('',#11161);
#2931=VERTEX_POINT('',#11167);
#2932=VERTEX_POINT('',#11175);
#2933=VERTEX_POINT('',#11177);
#2934=VERTEX_POINT('',#11181);
#2935=VERTEX_POINT('',#11183);
#2936=VERTEX_POINT('',#11200);
#2937=VERTEX_POINT('',#11201);
#2938=VERTEX_POINT('',#11207);
#2939=VERTEX_POINT('',#11209);
#2940=VERTEX_POINT('',#11226);
#2941=VERTEX_POINT('',#11232);
#2942=VERTEX_POINT('',#11249);
#2943=VERTEX_POINT('',#11255);
#2944=VERTEX_POINT('',#11272);
#2945=VERTEX_POINT('',#11273);
#2946=VERTEX_POINT('',#11279);
#2947=VERTEX_POINT('',#11281);
#2948=VERTEX_POINT('',#11298);
#2949=VERTEX_POINT('',#11304);
#2950=VERTEX_POINT('',#11321);
#2951=VERTEX_POINT('',#11327);
#2952=VERTEX_POINT('',#11344);
#2953=VERTEX_POINT('',#11350);
#2954=VERTEX_POINT('',#11358);
#2955=VERTEX_POINT('',#11360);
#2956=VERTEX_POINT('',#11373);
#2957=VERTEX_POINT('',#11379);
#2958=VERTEX_POINT('',#11396);
#2959=VERTEX_POINT('',#11402);
#2960=VERTEX_POINT('',#11419);
#2961=VERTEX_POINT('',#11425);
#2962=VERTEX_POINT('',#11445);
#2963=VERTEX_POINT('',#11451);
#2964=VERTEX_POINT('',#11468);
#2965=VERTEX_POINT('',#11474);
#2966=VERTEX_POINT('',#11491);
#2967=VERTEX_POINT('',#11497);
#2968=VERTEX_POINT('',#11514);
#2969=VERTEX_POINT('',#11520);
#2970=VERTEX_POINT('',#11537);
#2971=VERTEX_POINT('',#11543);
#2972=VERTEX_POINT('',#11560);
#2973=VERTEX_POINT('',#11566);
#2974=VERTEX_POINT('',#11574);
#2975=VERTEX_POINT('',#11576);
#2976=VERTEX_POINT('',#11610);
#2977=VERTEX_POINT('',#11611);
#2978=VERTEX_POINT('',#11617);
#2979=VERTEX_POINT('',#11619);
#2980=VERTEX_POINT('',#11636);
#2981=VERTEX_POINT('',#11642);
#2982=VERTEX_POINT('',#11659);
#2983=VERTEX_POINT('',#11665);
#2984=VERTEX_POINT('',#11682);
#2985=VERTEX_POINT('',#11688);
#2986=VERTEX_POINT('',#11696);
#2987=VERTEX_POINT('',#11698);
#2988=VERTEX_POINT('',#11711);
#2989=VERTEX_POINT('',#11712);
#2990=VERTEX_POINT('',#11718);
#2991=VERTEX_POINT('',#11720);
#2992=VERTEX_POINT('',#11737);
#2993=VERTEX_POINT('',#11743);
#2994=VERTEX_POINT('',#11751);
#2995=VERTEX_POINT('',#11753);
#2996=VERTEX_POINT('',#11766);
#2997=VERTEX_POINT('',#11772);
#2998=VERTEX_POINT('',#11789);
#2999=VERTEX_POINT('',#11795);
#3000=VERTEX_POINT('',#11812);
#3001=VERTEX_POINT('',#11818);
#3002=VERTEX_POINT('',#11835);
#3003=VERTEX_POINT('',#11841);
#3004=VERTEX_POINT('',#11858);
#3005=VERTEX_POINT('',#11864);
#3006=VERTEX_POINT('',#11881);
#3007=VERTEX_POINT('',#11887);
#3008=VERTEX_POINT('',#11904);
#3009=VERTEX_POINT('',#11910);
#3010=VERTEX_POINT('',#11918);
#3011=VERTEX_POINT('',#11920);
#3012=VERTEX_POINT('',#11933);
#3013=VERTEX_POINT('',#11939);
#3014=VERTEX_POINT('',#11956);
#3015=VERTEX_POINT('',#11962);
#3016=VERTEX_POINT('',#11979);
#3017=VERTEX_POINT('',#11985);
#3018=VERTEX_POINT('',#12002);
#3019=VERTEX_POINT('',#12008);
#3020=VERTEX_POINT('',#12025);
#3021=VERTEX_POINT('',#12031);
#3022=VERTEX_POINT('',#12048);
#3023=VERTEX_POINT('',#12054);
#3024=VERTEX_POINT('',#12082);
#3025=VERTEX_POINT('',#12084);
#3026=VERTEX_POINT('',#12097);
#3027=VERTEX_POINT('',#12103);
#3028=VERTEX_POINT('',#12120);
#3029=VERTEX_POINT('',#12126);
#3030=VERTEX_POINT('',#12143);
#3031=VERTEX_POINT('',#12149);
#3032=VERTEX_POINT('',#12166);
#3033=VERTEX_POINT('',#12172);
#3034=VERTEX_POINT('',#12189);
#3035=VERTEX_POINT('',#12195);
#3036=VERTEX_POINT('',#12212);
#3037=VERTEX_POINT('',#12218);
#3038=VERTEX_POINT('',#12235);
#3039=VERTEX_POINT('',#12241);
#3040=VERTEX_POINT('',#12258);
#3041=VERTEX_POINT('',#12264);
#3042=VERTEX_POINT('',#12281);
#3043=VERTEX_POINT('',#12287);
#3044=VERTEX_POINT('',#12304);
#3045=VERTEX_POINT('',#12310);
#3046=VERTEX_POINT('',#12327);
#3047=VERTEX_POINT('',#12333);
#3048=VERTEX_POINT('',#12350);
#3049=VERTEX_POINT('',#12356);
#3050=VERTEX_POINT('',#12394);
#3051=VERTEX_POINT('',#12395);
#3052=VERTEX_POINT('',#12401);
#3053=VERTEX_POINT('',#12403);
#3054=VERTEX_POINT('',#12420);
#3055=VERTEX_POINT('',#12426);
#3056=VERTEX_POINT('',#12434);
#3057=VERTEX_POINT('',#12436);
#3058=VERTEX_POINT('',#12440);
#3059=VERTEX_POINT('',#12442);
#3060=VERTEX_POINT('',#12446);
#3061=VERTEX_POINT('',#12447);
#3062=VERTEX_POINT('',#12449);
#3063=VERTEX_POINT('',#12451);
#3064=VERTEX_POINT('',#12455);
#3065=VERTEX_POINT('',#12457);
#3066=VERTEX_POINT('',#12461);
#3067=VERTEX_POINT('',#12463);
#3068=VERTEX_POINT('',#12476);
#3069=VERTEX_POINT('',#12482);
#3070=VERTEX_POINT('',#12499);
#3071=VERTEX_POINT('',#12505);
#3072=VERTEX_POINT('',#12522);
#3073=VERTEX_POINT('',#12528);
#3074=VERTEX_POINT('',#12545);
#3075=VERTEX_POINT('',#12551);
#3076=VERTEX_POINT('',#12559);
#3077=VERTEX_POINT('',#12561);
#3078=VERTEX_POINT('',#12565);
#3079=VERTEX_POINT('',#12567);
#3080=VERTEX_POINT('',#12571);
#3081=VERTEX_POINT('',#12573);
#3082=VERTEX_POINT('',#12586);
#3083=VERTEX_POINT('',#12592);
#3084=VERTEX_POINT('',#12609);
#3085=VERTEX_POINT('',#12615);
#3086=VERTEX_POINT('',#12632);
#3087=VERTEX_POINT('',#12638);
#3088=VERTEX_POINT('',#12658);
#3089=VERTEX_POINT('',#12664);
#3090=VERTEX_POINT('',#12681);
#3091=VERTEX_POINT('',#12687);
#3092=VERTEX_POINT('',#12704);
#3093=VERTEX_POINT('',#12710);
#3094=VERTEX_POINT('',#12727);
#3095=VERTEX_POINT('',#12733);
#3096=VERTEX_POINT('',#12750);
#3097=VERTEX_POINT('',#12756);
#3098=VERTEX_POINT('',#12773);
#3099=VERTEX_POINT('',#12779);
#3100=VERTEX_POINT('',#12796);
#3101=VERTEX_POINT('',#12802);
#3102=VERTEX_POINT('',#12810);
#3103=VERTEX_POINT('',#12812);
#3104=VERTEX_POINT('',#12820);
#3105=VERTEX_POINT('',#12821);
#3106=VERTEX_POINT('',#12823);
#3107=VERTEX_POINT('',#12825);
#3108=VERTEX_POINT('',#12844);
#3109=VERTEX_POINT('',#12848);
#3110=VERTEX_POINT('',#12852);
#3111=VERTEX_POINT('',#12859);
#3112=VERTEX_POINT('',#12864);
#3113=VERTEX_POINT('',#12869);
#3114=VERTEX_POINT('',#12874);
#3115=VERTEX_POINT('',#12879);
#3116=VERTEX_POINT('',#12884);
#3117=EDGE_CURVE('',#2499,#2500,#2441,.T.);
#3118=EDGE_CURVE('',#2500,#2501,#1525,.T.);
#3119=EDGE_CURVE('',#2501,#2502,#2442,.T.);
#3120=EDGE_CURVE('',#2502,#2499,#1526,.T.);
#3121=EDGE_CURVE('',#2503,#2504,#2443,.T.);
#3122=EDGE_CURVE('',#2504,#2505,#1527,.T.);
#3123=EDGE_CURVE('',#2505,#2506,#1528,.T.);
#3124=EDGE_CURVE('',#2506,#2501,#2444,.T.);
#3125=EDGE_CURVE('',#2501,#2503,#1529,.T.);
#3126=EDGE_CURVE('',#2507,#2508,#2445,.T.);
#3127=EDGE_CURVE('',#2508,#2509,#1530,.T.);
#3128=EDGE_CURVE('',#2509,#2510,#2446,.T.);
#3129=EDGE_CURVE('',#2510,#2507,#1531,.T.);
#3130=EDGE_CURVE('',#2511,#2512,#2447,.T.);
#3131=EDGE_CURVE('',#2512,#2508,#2448,.T.);
#3132=EDGE_CURVE('',#2507,#2511,#2449,.T.);
#3133=EDGE_CURVE('',#2513,#2503,#2450,.T.);
#3134=EDGE_CURVE('',#2503,#2512,#1532,.T.);
#3135=EDGE_CURVE('',#2511,#2513,#1533,.T.);
#3136=EDGE_CURVE('',#2514,#2515,#2451,.T.);
#3137=EDGE_CURVE('',#2515,#2516,#1534,.T.);
#3138=EDGE_CURVE('',#2516,#2517,#1535,.T.);
#3139=EDGE_CURVE('',#2517,#2509,#2452,.T.);
#3140=EDGE_CURVE('',#2509,#2514,#1536,.T.);
#3141=EDGE_CURVE('',#2518,#2519,#2453,.T.);
#3142=EDGE_CURVE('',#2519,#2520,#1537,.T.);
#3143=EDGE_CURVE('',#2520,#2514,#2454,.T.);
#3144=EDGE_CURVE('',#2514,#2518,#1538,.T.);
#3145=EDGE_CURVE('',#2520,#2515,#2455,.T.);
#3146=EDGE_CURVE('',#2517,#2510,#2456,.T.);
#3147=EDGE_CURVE('',#2513,#2504,#2457,.T.);
#3148=EDGE_CURVE('',#2506,#2502,#2458,.T.);
#3149=EDGE_CURVE('',#2513,#2521,#1539,.T.);
#3150=EDGE_CURVE('',#2521,#2522,#2459,.T.);
#3151=EDGE_CURVE('',#2522,#2504,#1540,.T.);
#3152=EDGE_CURVE('',#2523,#2511,#1541,.T.);
#3153=EDGE_CURVE('',#2521,#2523,#1542,.T.);
#3154=EDGE_CURVE('',#2507,#2524,#1543,.T.);
#3155=EDGE_CURVE('',#2523,#2524,#2460,.T.);
#3156=EDGE_CURVE('',#2525,#2510,#1544,.T.);
#3157=EDGE_CURVE('',#2524,#2525,#1545,.T.);
#3158=EDGE_CURVE('',#2517,#2526,#1546,.T.);
#3159=EDGE_CURVE('',#2525,#2526,#2461,.T.);
#3160=EDGE_CURVE('',#2527,#2515,#1547,.T.);
#3161=EDGE_CURVE('',#2516,#2527,#670,.T.);
#3162=EDGE_CURVE('',#2528,#2516,#671,.T.);
#3163=EDGE_CURVE('',#2529,#2528,#1548,.T.);
#3164=EDGE_CURVE('',#2530,#2529,#672,.T.);
#3165=EDGE_CURVE('',#2531,#2530,#673,.T.);
#3166=EDGE_CURVE('',#2532,#2531,#1549,.T.);
#3167=EDGE_CURVE('',#2533,#2532,#674,.T.);
#3168=EDGE_CURVE('',#2534,#2533,#675,.T.);
#3169=EDGE_CURVE('',#2526,#2534,#1550,.T.);
#3170=EDGE_CURVE('',#2520,#2535,#1551,.T.);
#3171=EDGE_CURVE('',#2536,#2535,#2462,.T.);
#3172=EDGE_CURVE('',#2536,#2537,#1552,.T.);
#3173=EDGE_CURVE('',#2537,#2532,#254,.T.);
#3174=EDGE_CURVE('',#2531,#2529,#255,.T.);
#3175=EDGE_CURVE('',#2528,#2527,#256,.T.);
#3176=EDGE_CURVE('',#2538,#2519,#1553,.T.);
#3177=EDGE_CURVE('',#2535,#2538,#1554,.T.);
#3178=EDGE_CURVE('',#2538,#2539,#2463,.T.);
#3179=EDGE_CURVE('',#2539,#2540,#1555,.T.);
#3180=EDGE_CURVE('',#2540,#2535,#2464,.T.);
#3181=EDGE_CURVE('',#2541,#2526,#2465,.T.);
#3182=EDGE_CURVE('',#2534,#2536,#1556,.T.);
#3183=EDGE_CURVE('',#2536,#2540,#2466,.T.);
#3184=EDGE_CURVE('',#2540,#2541,#1557,.T.);
#3185=EDGE_CURVE('',#2542,#2524,#2467,.T.);
#3186=EDGE_CURVE('',#2525,#2541,#2468,.T.);
#3187=EDGE_CURVE('',#2541,#2542,#1558,.T.);
#3188=EDGE_CURVE('',#2543,#2523,#2469,.T.);
#3189=EDGE_CURVE('',#2542,#2543,#2470,.T.);
#3190=EDGE_CURVE('',#2544,#2521,#2471,.T.);
#3191=EDGE_CURVE('',#2543,#2544,#1559,.T.);
#3192=EDGE_CURVE('',#2544,#2522,#2472,.T.);
#3193=EDGE_CURVE('',#2499,#2545,#1560,.T.);
#3194=EDGE_CURVE('',#2546,#2545,#2473,.T.);
#3195=EDGE_CURVE('',#2546,#2547,#1561,.T.);
#3196=EDGE_CURVE('',#2548,#2547,#2474,.T.);
#3197=EDGE_CURVE('',#2548,#2549,#1562,.T.);
#3198=EDGE_CURVE('',#2549,#2550,#1563,.T.);
#3199=EDGE_CURVE('',#2550,#2551,#1564,.T.);
#3200=EDGE_CURVE('',#2551,#2552,#1565,.T.);
#3201=EDGE_CURVE('',#2552,#2553,#1566,.T.);
#3202=EDGE_CURVE('',#2553,#2554,#1567,.T.);
#3203=EDGE_CURVE('',#2554,#2555,#1568,.T.);
#3204=EDGE_CURVE('',#2556,#2555,#2475,.T.);
#3205=EDGE_CURVE('',#2556,#2539,#1569,.T.);
#3206=EDGE_CURVE('',#2518,#2500,#1570,.T.);
#3207=EDGE_CURVE('',#2557,#2557,#2476,.T.);
#3208=EDGE_CURVE('',#2558,#2558,#2477,.T.);
#3209=EDGE_CURVE('',#2559,#2559,#2478,.T.);
#3210=EDGE_CURVE('',#2560,#2560,#2479,.T.);
#3211=EDGE_CURVE('',#2561,#2561,#2480,.T.);
#3212=EDGE_CURVE('',#2562,#2562,#2481,.T.);
#3213=EDGE_CURVE('',#2537,#2534,#676,.T.);
#3214=EDGE_CURVE('',#2544,#2563,#1571,.T.);
#3215=EDGE_CURVE('',#2563,#2564,#2482,.T.);
#3216=EDGE_CURVE('',#2564,#2565,#1572,.T.);
#3217=EDGE_CURVE('',#2565,#2522,#1573,.T.);
#3218=EDGE_CURVE('',#2545,#2566,#1574,.T.);
#3219=EDGE_CURVE('',#2566,#2563,#2483,.T.);
#3220=EDGE_CURVE('',#2563,#2546,#1575,.T.);
#3221=EDGE_CURVE('',#2566,#2564,#2484,.T.);
#3222=EDGE_CURVE('',#2506,#2567,#1576,.T.);
#3223=EDGE_CURVE('',#2567,#2568,#257,.T.);
#3224=EDGE_CURVE('',#2568,#2564,#1577,.T.);
#3225=EDGE_CURVE('',#2566,#2502,#1578,.T.);
#3226=EDGE_CURVE('',#2555,#2569,#1579,.T.);
#3227=EDGE_CURVE('',#2569,#2570,#2485,.F.);
#3228=EDGE_CURVE('',#2570,#2556,#1580,.T.);
#3229=EDGE_CURVE('',#2571,#2554,#1581,.T.);
#3230=EDGE_CURVE('',#2571,#2569,#1582,.T.);
#3231=EDGE_CURVE('',#2547,#2572,#1583,.T.);
#3232=EDGE_CURVE('',#2572,#2573,#2486,.F.);
#3233=EDGE_CURVE('',#2573,#2548,#1584,.T.);
#3234=EDGE_CURVE('',#2573,#2574,#1585,.T.);
#3235=EDGE_CURVE('',#2549,#2574,#1586,.T.);
#3236=EDGE_CURVE('',#2574,#2571,#1587,.T.);
#3237=EDGE_CURVE('',#2570,#2572,#1588,.T.);
#3238=EDGE_CURVE('',#2567,#2575,#677,.T.);
#3239=EDGE_CURVE('',#2575,#2576,#1589,.T.);
#3240=EDGE_CURVE('',#2576,#2576,#2487,.T.);
#3241=EDGE_CURVE('',#2575,#2568,#678,.T.);
#3242=EDGE_CURVE('',#2530,#2577,#1590,.T.);
#3243=EDGE_CURVE('',#2577,#2577,#2488,.T.);
#3244=EDGE_CURVE('',#2533,#2578,#1591,.T.);
#3245=EDGE_CURVE('',#2578,#2578,#2489,.T.);
#3246=EDGE_CURVE('',#2505,#2505,#679,.T.);
#3247=EDGE_CURVE('',#2579,#2565,#680,.T.);
#3248=EDGE_CURVE('',#2565,#2579,#681,.T.);
#3249=EDGE_CURVE('',#2580,#2581,#258,.T.);
#3250=EDGE_CURVE('',#2580,#2582,#1592,.T.);
#3251=EDGE_CURVE('',#2582,#2583,#259,.T.);
#3252=EDGE_CURVE('',#2581,#2583,#1593,.T.);
#3253=EDGE_CURVE('',#2581,#2584,#260,.T.);
#3254=EDGE_CURVE('',#2583,#2585,#261,.T.);
#3255=EDGE_CURVE('',#2584,#2585,#1594,.T.);
#3256=EDGE_CURVE('',#2584,#2586,#262,.T.);
#3257=EDGE_CURVE('',#2585,#2587,#263,.T.);
#3258=EDGE_CURVE('',#2586,#2587,#1595,.T.);
#3259=EDGE_CURVE('',#2588,#2589,#264,.T.);
#3260=EDGE_CURVE('',#2588,#2590,#1596,.T.);
#3261=EDGE_CURVE('',#2590,#2591,#265,.T.);
#3262=EDGE_CURVE('',#2589,#2591,#1597,.T.);
#3263=EDGE_CURVE('',#2589,#2592,#266,.T.);
#3264=EDGE_CURVE('',#2591,#2593,#267,.T.);
#3265=EDGE_CURVE('',#2592,#2593,#1598,.T.);
#3266=EDGE_CURVE('',#2592,#2594,#268,.T.);
#3267=EDGE_CURVE('',#2593,#2595,#269,.T.);
#3268=EDGE_CURVE('',#2594,#2595,#1599,.T.);
#3269=EDGE_CURVE('',#2594,#2596,#270,.T.);
#3270=EDGE_CURVE('',#2595,#2597,#271,.T.);
#3271=EDGE_CURVE('',#2596,#2597,#1600,.T.);
#3272=EDGE_CURVE('',#2596,#2598,#1601,.T.);
#3273=EDGE_CURVE('',#2597,#2599,#1602,.T.);
#3274=EDGE_CURVE('',#2598,#2599,#1603,.T.);
#3275=EDGE_CURVE('',#2598,#2600,#272,.T.);
#3276=EDGE_CURVE('',#2599,#2601,#273,.T.);
#3277=EDGE_CURVE('',#2600,#2601,#1604,.T.);
#3278=EDGE_CURVE('',#2600,#2602,#274,.T.);
#3279=EDGE_CURVE('',#2601,#2603,#275,.T.);
#3280=EDGE_CURVE('',#2602,#2603,#1605,.T.);
#3281=EDGE_CURVE('',#2604,#2580,#276,.T.);
#3282=EDGE_CURVE('',#2604,#2605,#1606,.T.);
#3283=EDGE_CURVE('',#2605,#2582,#277,.T.);
#3284=EDGE_CURVE('',#2586,#2604,#1607,.T.);
#3285=EDGE_CURVE('',#2587,#2605,#1608,.T.);
#3286=EDGE_CURVE('',#2602,#2606,#278,.T.);
#3287=EDGE_CURVE('',#2603,#2607,#279,.T.);
#3288=EDGE_CURVE('',#2606,#2607,#1609,.T.);
#3289=EDGE_CURVE('',#2608,#2588,#280,.T.);
#3290=EDGE_CURVE('',#2608,#2609,#1610,.T.);
#3291=EDGE_CURVE('',#2609,#2590,#281,.T.);
#3292=EDGE_CURVE('',#2610,#2608,#282,.T.);
#3293=EDGE_CURVE('',#2610,#2611,#1611,.T.);
#3294=EDGE_CURVE('',#2611,#2609,#283,.T.);
#3295=EDGE_CURVE('',#2612,#2610,#284,.T.);
#3296=EDGE_CURVE('',#2612,#2613,#1612,.T.);
#3297=EDGE_CURVE('',#2613,#2611,#285,.T.);
#3298=EDGE_CURVE('',#2614,#2612,#286,.T.);
#3299=EDGE_CURVE('',#2614,#2615,#1613,.T.);
#3300=EDGE_CURVE('',#2615,#2613,#287,.T.);
#3301=EDGE_CURVE('',#2616,#2614,#288,.T.);
#3302=EDGE_CURVE('',#2616,#2617,#1614,.T.);
#3303=EDGE_CURVE('',#2617,#2615,#289,.T.);
#3304=EDGE_CURVE('',#2618,#2616,#1615,.T.);
#3305=EDGE_CURVE('',#2618,#2619,#1616,.T.);
#3306=EDGE_CURVE('',#2619,#2617,#1617,.T.);
#3307=EDGE_CURVE('',#2606,#2618,#290,.T.);
#3308=EDGE_CURVE('',#2607,#2619,#291,.T.);
#3309=EDGE_CURVE('',#2620,#2621,#292,.T.);
#3310=EDGE_CURVE('',#2620,#2622,#1618,.T.);
#3311=EDGE_CURVE('',#2622,#2623,#293,.T.);
#3312=EDGE_CURVE('',#2621,#2623,#1619,.T.);
#3313=EDGE_CURVE('',#2621,#2624,#294,.T.);
#3314=EDGE_CURVE('',#2623,#2625,#295,.T.);
#3315=EDGE_CURVE('',#2624,#2625,#1620,.T.);
#3316=EDGE_CURVE('',#2624,#2626,#296,.T.);
#3317=EDGE_CURVE('',#2625,#2627,#297,.T.);
#3318=EDGE_CURVE('',#2626,#2627,#1621,.T.);
#3319=EDGE_CURVE('',#2626,#2628,#298,.T.);
#3320=EDGE_CURVE('',#2627,#2629,#299,.T.);
#3321=EDGE_CURVE('',#2628,#2629,#1622,.T.);
#3322=EDGE_CURVE('',#2630,#2631,#300,.T.);
#3323=EDGE_CURVE('',#2630,#2632,#1623,.T.);
#3324=EDGE_CURVE('',#2632,#2633,#301,.T.);
#3325=EDGE_CURVE('',#2631,#2633,#1624,.T.);
#3326=EDGE_CURVE('',#2631,#2634,#302,.T.);
#3327=EDGE_CURVE('',#2633,#2635,#303,.T.);
#3328=EDGE_CURVE('',#2634,#2635,#1625,.T.);
#3329=EDGE_CURVE('',#2634,#2636,#304,.T.);
#3330=EDGE_CURVE('',#2635,#2637,#305,.T.);
#3331=EDGE_CURVE('',#2636,#2637,#1626,.T.);
#3332=EDGE_CURVE('',#2636,#2638,#306,.T.);
#3333=EDGE_CURVE('',#2637,#2639,#307,.T.);
#3334=EDGE_CURVE('',#2638,#2639,#1627,.T.);
#3335=EDGE_CURVE('',#2638,#2640,#308,.T.);
#3336=EDGE_CURVE('',#2639,#2641,#309,.T.);
#3337=EDGE_CURVE('',#2640,#2641,#1628,.T.);
#3338=EDGE_CURVE('',#2640,#2642,#310,.T.);
#3339=EDGE_CURVE('',#2641,#2643,#311,.T.);
#3340=EDGE_CURVE('',#2642,#2643,#1629,.T.);
#3341=EDGE_CURVE('',#2642,#2644,#312,.T.);
#3342=EDGE_CURVE('',#2643,#2645,#313,.T.);
#3343=EDGE_CURVE('',#2644,#2645,#1630,.T.);
#3344=EDGE_CURVE('',#2646,#2620,#314,.T.);
#3345=EDGE_CURVE('',#2646,#2647,#1631,.T.);
#3346=EDGE_CURVE('',#2647,#2622,#315,.T.);
#3347=EDGE_CURVE('',#2648,#2646,#316,.T.);
#3348=EDGE_CURVE('',#2648,#2649,#1632,.T.);
#3349=EDGE_CURVE('',#2649,#2647,#317,.T.);
#3350=EDGE_CURVE('',#2650,#2648,#318,.T.);
#3351=EDGE_CURVE('',#2650,#2651,#1633,.T.);
#3352=EDGE_CURVE('',#2651,#2649,#319,.T.);
#3353=EDGE_CURVE('',#2628,#2650,#320,.T.);
#3354=EDGE_CURVE('',#2629,#2651,#321,.T.);
#3355=EDGE_CURVE('',#2644,#2652,#1634,.T.);
#3356=EDGE_CURVE('',#2645,#2653,#1635,.T.);
#3357=EDGE_CURVE('',#2652,#2653,#1636,.T.);
#3358=EDGE_CURVE('',#2654,#2630,#322,.T.);
#3359=EDGE_CURVE('',#2654,#2655,#1637,.T.);
#3360=EDGE_CURVE('',#2655,#2632,#323,.T.);
#3361=EDGE_CURVE('',#2656,#2654,#324,.T.);
#3362=EDGE_CURVE('',#2656,#2657,#1638,.T.);
#3363=EDGE_CURVE('',#2657,#2655,#325,.T.);
#3364=EDGE_CURVE('',#2658,#2656,#326,.T.);
#3365=EDGE_CURVE('',#2658,#2659,#1639,.T.);
#3366=EDGE_CURVE('',#2659,#2657,#327,.T.);
#3367=EDGE_CURVE('',#2660,#2658,#1640,.T.);
#3368=EDGE_CURVE('',#2660,#2661,#1641,.T.);
#3369=EDGE_CURVE('',#2661,#2659,#1642,.T.);
#3370=EDGE_CURVE('',#2662,#2660,#1643,.T.);
#3371=EDGE_CURVE('',#2662,#2663,#1644,.T.);
#3372=EDGE_CURVE('',#2663,#2661,#1645,.T.);
#3373=EDGE_CURVE('',#2664,#2662,#1646,.T.);
#3374=EDGE_CURVE('',#2664,#2665,#1647,.T.);
#3375=EDGE_CURVE('',#2665,#2663,#1648,.T.);
#3376=EDGE_CURVE('',#2652,#2664,#1649,.T.);
#3377=EDGE_CURVE('',#2653,#2665,#1650,.T.);
#3378=EDGE_CURVE('',#2666,#2667,#328,.T.);
#3379=EDGE_CURVE('',#2666,#2668,#1651,.T.);
#3380=EDGE_CURVE('',#2668,#2669,#329,.T.);
#3381=EDGE_CURVE('',#2667,#2669,#1652,.T.);
#3382=EDGE_CURVE('',#2667,#2670,#1653,.T.);
#3383=EDGE_CURVE('',#2669,#2671,#1654,.T.);
#3384=EDGE_CURVE('',#2670,#2671,#1655,.T.);
#3385=EDGE_CURVE('',#2670,#2672,#330,.T.);
#3386=EDGE_CURVE('',#2671,#2673,#331,.T.);
#3387=EDGE_CURVE('',#2672,#2673,#1656,.T.);
#3388=EDGE_CURVE('',#2672,#2674,#332,.T.);
#3389=EDGE_CURVE('',#2673,#2675,#333,.T.);
#3390=EDGE_CURVE('',#2674,#2675,#1657,.T.);
#3391=EDGE_CURVE('',#2674,#2676,#334,.T.);
#3392=EDGE_CURVE('',#2675,#2677,#335,.T.);
#3393=EDGE_CURVE('',#2676,#2677,#1658,.T.);
#3394=EDGE_CURVE('',#2676,#2678,#336,.T.);
#3395=EDGE_CURVE('',#2677,#2679,#337,.T.);
#3396=EDGE_CURVE('',#2678,#2679,#1659,.T.);
#3397=EDGE_CURVE('',#2678,#2680,#1660,.T.);
#3398=EDGE_CURVE('',#2679,#2681,#1661,.T.);
#3399=EDGE_CURVE('',#2680,#2681,#1662,.T.);
#3400=EDGE_CURVE('',#2682,#2666,#338,.T.);
#3401=EDGE_CURVE('',#2682,#2683,#1663,.T.);
#3402=EDGE_CURVE('',#2683,#2668,#339,.T.);
#3403=EDGE_CURVE('',#2684,#2682,#340,.T.);
#3404=EDGE_CURVE('',#2684,#2685,#1664,.T.);
#3405=EDGE_CURVE('',#2685,#2683,#341,.T.);
#3406=EDGE_CURVE('',#2686,#2684,#1665,.T.);
#3407=EDGE_CURVE('',#2686,#2687,#1666,.T.);
#3408=EDGE_CURVE('',#2687,#2685,#1667,.T.);
#3409=EDGE_CURVE('',#2688,#2686,#1668,.T.);
#3410=EDGE_CURVE('',#2688,#2689,#1669,.T.);
#3411=EDGE_CURVE('',#2689,#2687,#1670,.T.);
#3412=EDGE_CURVE('',#2690,#2688,#1671,.T.);
#3413=EDGE_CURVE('',#2690,#2691,#1672,.T.);
#3414=EDGE_CURVE('',#2691,#2689,#1673,.T.);
#3415=EDGE_CURVE('',#2680,#2690,#1674,.T.);
#3416=EDGE_CURVE('',#2681,#2691,#1675,.T.);
#3417=EDGE_CURVE('',#2692,#2693,#342,.T.);
#3418=EDGE_CURVE('',#2692,#2694,#1676,.T.);
#3419=EDGE_CURVE('',#2694,#2695,#343,.T.);
#3420=EDGE_CURVE('',#2693,#2695,#1677,.T.);
#3421=EDGE_CURVE('',#2693,#2696,#344,.T.);
#3422=EDGE_CURVE('',#2695,#2697,#345,.T.);
#3423=EDGE_CURVE('',#2696,#2697,#1678,.T.);
#3424=EDGE_CURVE('',#2696,#2698,#346,.T.);
#3425=EDGE_CURVE('',#2697,#2699,#347,.T.);
#3426=EDGE_CURVE('',#2698,#2699,#1679,.T.);
#3427=EDGE_CURVE('',#2698,#2700,#348,.T.);
#3428=EDGE_CURVE('',#2699,#2701,#349,.T.);
#3429=EDGE_CURVE('',#2700,#2701,#1680,.T.);
#3430=EDGE_CURVE('',#2702,#2703,#350,.T.);
#3431=EDGE_CURVE('',#2702,#2704,#1681,.T.);
#3432=EDGE_CURVE('',#2704,#2705,#351,.T.);
#3433=EDGE_CURVE('',#2703,#2705,#1682,.T.);
#3434=EDGE_CURVE('',#2703,#2706,#352,.T.);
#3435=EDGE_CURVE('',#2705,#2707,#353,.T.);
#3436=EDGE_CURVE('',#2706,#2707,#1683,.T.);
#3437=EDGE_CURVE('',#2706,#2708,#354,.T.);
#3438=EDGE_CURVE('',#2707,#2709,#355,.T.);
#3439=EDGE_CURVE('',#2708,#2709,#1684,.T.);
#3440=EDGE_CURVE('',#2708,#2710,#356,.T.);
#3441=EDGE_CURVE('',#2709,#2711,#357,.T.);
#3442=EDGE_CURVE('',#2710,#2711,#1685,.T.);
#3443=EDGE_CURVE('',#2712,#2692,#358,.T.);
#3444=EDGE_CURVE('',#2712,#2713,#1686,.T.);
#3445=EDGE_CURVE('',#2713,#2694,#359,.T.);
#3446=EDGE_CURVE('',#2714,#2712,#360,.T.);
#3447=EDGE_CURVE('',#2714,#2715,#1687,.T.);
#3448=EDGE_CURVE('',#2715,#2713,#361,.T.);
#3449=EDGE_CURVE('',#2716,#2714,#362,.T.);
#3450=EDGE_CURVE('',#2716,#2717,#1688,.T.);
#3451=EDGE_CURVE('',#2717,#2715,#363,.T.);
#3452=EDGE_CURVE('',#2700,#2716,#364,.T.);
#3453=EDGE_CURVE('',#2701,#2717,#365,.T.);
#3454=EDGE_CURVE('',#2710,#2718,#366,.T.);
#3455=EDGE_CURVE('',#2711,#2719,#367,.T.);
#3456=EDGE_CURVE('',#2718,#2719,#1689,.T.);
#3457=EDGE_CURVE('',#2720,#2702,#368,.T.);
#3458=EDGE_CURVE('',#2720,#2721,#1690,.T.);
#3459=EDGE_CURVE('',#2721,#2704,#369,.T.);
#3460=EDGE_CURVE('',#2722,#2720,#370,.T.);
#3461=EDGE_CURVE('',#2722,#2723,#1691,.T.);
#3462=EDGE_CURVE('',#2723,#2721,#371,.T.);
#3463=EDGE_CURVE('',#2724,#2722,#372,.T.);
#3464=EDGE_CURVE('',#2724,#2725,#1692,.T.);
#3465=EDGE_CURVE('',#2725,#2723,#373,.T.);
#3466=EDGE_CURVE('',#2718,#2724,#374,.T.);
#3467=EDGE_CURVE('',#2719,#2725,#375,.T.);
#3468=EDGE_CURVE('',#2726,#2727,#376,.T.);
#3469=EDGE_CURVE('',#2726,#2728,#1693,.T.);
#3470=EDGE_CURVE('',#2728,#2729,#377,.T.);
#3471=EDGE_CURVE('',#2727,#2729,#1694,.T.);
#3472=EDGE_CURVE('',#2727,#2730,#1695,.T.);
#3473=EDGE_CURVE('',#2729,#2731,#1696,.T.);
#3474=EDGE_CURVE('',#2730,#2731,#1697,.T.);
#3475=EDGE_CURVE('',#2730,#2732,#378,.T.);
#3476=EDGE_CURVE('',#2731,#2733,#379,.T.);
#3477=EDGE_CURVE('',#2732,#2733,#1698,.T.);
#3478=EDGE_CURVE('',#2732,#2734,#380,.T.);
#3479=EDGE_CURVE('',#2733,#2735,#381,.T.);
#3480=EDGE_CURVE('',#2734,#2735,#1699,.T.);
#3481=EDGE_CURVE('',#2734,#2736,#382,.T.);
#3482=EDGE_CURVE('',#2735,#2737,#383,.T.);
#3483=EDGE_CURVE('',#2736,#2737,#1700,.T.);
#3484=EDGE_CURVE('',#2736,#2738,#384,.T.);
#3485=EDGE_CURVE('',#2737,#2739,#385,.T.);
#3486=EDGE_CURVE('',#2738,#2739,#1701,.T.);
#3487=EDGE_CURVE('',#2738,#2740,#1702,.T.);
#3488=EDGE_CURVE('',#2739,#2741,#1703,.T.);
#3489=EDGE_CURVE('',#2740,#2741,#1704,.T.);
#3490=EDGE_CURVE('',#2742,#2726,#386,.T.);
#3491=EDGE_CURVE('',#2742,#2743,#1705,.T.);
#3492=EDGE_CURVE('',#2743,#2728,#387,.T.);
#3493=EDGE_CURVE('',#2744,#2742,#388,.T.);
#3494=EDGE_CURVE('',#2744,#2745,#1706,.T.);
#3495=EDGE_CURVE('',#2745,#2743,#389,.T.);
#3496=EDGE_CURVE('',#2746,#2744,#1707,.T.);
#3497=EDGE_CURVE('',#2746,#2747,#1708,.T.);
#3498=EDGE_CURVE('',#2747,#2745,#1709,.T.);
#3499=EDGE_CURVE('',#2748,#2746,#1710,.T.);
#3500=EDGE_CURVE('',#2748,#2749,#1711,.T.);
#3501=EDGE_CURVE('',#2749,#2747,#1712,.T.);
#3502=EDGE_CURVE('',#2750,#2748,#1713,.T.);
#3503=EDGE_CURVE('',#2750,#2751,#1714,.T.);
#3504=EDGE_CURVE('',#2751,#2749,#1715,.T.);
#3505=EDGE_CURVE('',#2740,#2750,#1716,.T.);
#3506=EDGE_CURVE('',#2741,#2751,#1717,.T.);
#3507=EDGE_CURVE('',#2752,#2753,#390,.T.);
#3508=EDGE_CURVE('',#2752,#2754,#1718,.T.);
#3509=EDGE_CURVE('',#2754,#2755,#391,.T.);
#3510=EDGE_CURVE('',#2753,#2755,#1719,.T.);
#3511=EDGE_CURVE('',#2753,#2756,#392,.T.);
#3512=EDGE_CURVE('',#2755,#2757,#393,.T.);
#3513=EDGE_CURVE('',#2756,#2757,#1720,.T.);
#3514=EDGE_CURVE('',#2756,#2758,#394,.T.);
#3515=EDGE_CURVE('',#2757,#2759,#395,.T.);
#3516=EDGE_CURVE('',#2758,#2759,#1721,.T.);
#3517=EDGE_CURVE('',#2758,#2760,#396,.T.);
#3518=EDGE_CURVE('',#2759,#2761,#397,.T.);
#3519=EDGE_CURVE('',#2760,#2761,#1722,.T.);
#3520=EDGE_CURVE('',#2762,#2763,#398,.T.);
#3521=EDGE_CURVE('',#2762,#2764,#1723,.T.);
#3522=EDGE_CURVE('',#2764,#2765,#399,.T.);
#3523=EDGE_CURVE('',#2763,#2765,#1724,.T.);
#3524=EDGE_CURVE('',#2763,#2766,#400,.T.);
#3525=EDGE_CURVE('',#2765,#2767,#401,.T.);
#3526=EDGE_CURVE('',#2766,#2767,#1725,.T.);
#3527=EDGE_CURVE('',#2766,#2768,#402,.T.);
#3528=EDGE_CURVE('',#2767,#2769,#403,.T.);
#3529=EDGE_CURVE('',#2768,#2769,#1726,.T.);
#3530=EDGE_CURVE('',#2768,#2770,#404,.T.);
#3531=EDGE_CURVE('',#2769,#2771,#405,.T.);
#3532=EDGE_CURVE('',#2770,#2771,#1727,.T.);
#3533=EDGE_CURVE('',#2770,#2772,#1728,.T.);
#3534=EDGE_CURVE('',#2771,#2773,#1729,.T.);
#3535=EDGE_CURVE('',#2772,#2773,#1730,.T.);
#3536=EDGE_CURVE('',#2772,#2774,#1731,.T.);
#3537=EDGE_CURVE('',#2773,#2775,#1732,.T.);
#3538=EDGE_CURVE('',#2774,#2775,#1733,.T.);
#3539=EDGE_CURVE('',#2776,#2752,#406,.T.);
#3540=EDGE_CURVE('',#2776,#2777,#1734,.T.);
#3541=EDGE_CURVE('',#2777,#2754,#407,.T.);
#3542=EDGE_CURVE('',#2778,#2776,#408,.T.);
#3543=EDGE_CURVE('',#2778,#2779,#1735,.T.);
#3544=EDGE_CURVE('',#2779,#2777,#409,.T.);
#3545=EDGE_CURVE('',#2780,#2778,#410,.T.);
#3546=EDGE_CURVE('',#2780,#2781,#1736,.T.);
#3547=EDGE_CURVE('',#2781,#2779,#411,.T.);
#3548=EDGE_CURVE('',#2760,#2780,#412,.T.);
#3549=EDGE_CURVE('',#2761,#2781,#413,.T.);
#3550=EDGE_CURVE('',#2774,#2782,#1737,.T.);
#3551=EDGE_CURVE('',#2775,#2783,#1738,.T.);
#3552=EDGE_CURVE('',#2782,#2783,#1739,.T.);
#3553=EDGE_CURVE('',#2784,#2762,#414,.T.);
#3554=EDGE_CURVE('',#2784,#2785,#1740,.T.);
#3555=EDGE_CURVE('',#2785,#2764,#415,.T.);
#3556=EDGE_CURVE('',#2786,#2784,#416,.T.);
#3557=EDGE_CURVE('',#2786,#2787,#1741,.T.);
#3558=EDGE_CURVE('',#2787,#2785,#417,.T.);
#3559=EDGE_CURVE('',#2788,#2786,#418,.T.);
#3560=EDGE_CURVE('',#2788,#2789,#1742,.T.);
#3561=EDGE_CURVE('',#2789,#2787,#419,.T.);
#3562=EDGE_CURVE('',#2790,#2788,#420,.T.);
#3563=EDGE_CURVE('',#2790,#2791,#1743,.T.);
#3564=EDGE_CURVE('',#2791,#2789,#421,.T.);
#3565=EDGE_CURVE('',#2792,#2790,#422,.T.);
#3566=EDGE_CURVE('',#2792,#2793,#1744,.T.);
#3567=EDGE_CURVE('',#2793,#2791,#423,.T.);
#3568=EDGE_CURVE('',#2794,#2792,#1745,.T.);
#3569=EDGE_CURVE('',#2794,#2795,#1746,.T.);
#3570=EDGE_CURVE('',#2795,#2793,#1747,.T.);
#3571=EDGE_CURVE('',#2782,#2794,#1748,.T.);
#3572=EDGE_CURVE('',#2783,#2795,#1749,.T.);
#3573=EDGE_CURVE('',#2796,#2797,#424,.T.);
#3574=EDGE_CURVE('',#2796,#2798,#1750,.T.);
#3575=EDGE_CURVE('',#2798,#2799,#425,.T.);
#3576=EDGE_CURVE('',#2797,#2799,#1751,.T.);
#3577=EDGE_CURVE('',#2797,#2800,#426,.T.);
#3578=EDGE_CURVE('',#2799,#2801,#427,.T.);
#3579=EDGE_CURVE('',#2800,#2801,#1752,.T.);
#3580=EDGE_CURVE('',#2800,#2802,#428,.T.);
#3581=EDGE_CURVE('',#2801,#2803,#429,.T.);
#3582=EDGE_CURVE('',#2802,#2803,#1753,.T.);
#3583=EDGE_CURVE('',#2802,#2804,#430,.T.);
#3584=EDGE_CURVE('',#2803,#2805,#431,.T.);
#3585=EDGE_CURVE('',#2804,#2805,#1754,.T.);
#3586=EDGE_CURVE('',#2804,#2806,#1755,.T.);
#3587=EDGE_CURVE('',#2805,#2807,#1756,.T.);
#3588=EDGE_CURVE('',#2806,#2807,#1757,.T.);
#3589=EDGE_CURVE('',#2808,#2809,#432,.T.);
#3590=EDGE_CURVE('',#2808,#2810,#1758,.T.);
#3591=EDGE_CURVE('',#2810,#2811,#433,.T.);
#3592=EDGE_CURVE('',#2809,#2811,#1759,.T.);
#3593=EDGE_CURVE('',#2809,#2812,#434,.T.);
#3594=EDGE_CURVE('',#2811,#2813,#435,.T.);
#3595=EDGE_CURVE('',#2812,#2813,#1760,.T.);
#3596=EDGE_CURVE('',#2812,#2814,#1761,.T.);
#3597=EDGE_CURVE('',#2813,#2815,#1762,.T.);
#3598=EDGE_CURVE('',#2814,#2815,#1763,.T.);
#3599=EDGE_CURVE('',#2814,#2816,#436,.T.);
#3600=EDGE_CURVE('',#2815,#2817,#437,.T.);
#3601=EDGE_CURVE('',#2816,#2817,#1764,.T.);
#3602=EDGE_CURVE('',#2816,#2818,#438,.T.);
#3603=EDGE_CURVE('',#2817,#2819,#439,.T.);
#3604=EDGE_CURVE('',#2818,#2819,#1765,.T.);
#3605=EDGE_CURVE('',#2818,#2820,#440,.T.);
#3606=EDGE_CURVE('',#2819,#2821,#441,.T.);
#3607=EDGE_CURVE('',#2820,#2821,#1766,.T.);
#3608=EDGE_CURVE('',#2820,#2822,#442,.T.);
#3609=EDGE_CURVE('',#2821,#2823,#443,.T.);
#3610=EDGE_CURVE('',#2822,#2823,#1767,.T.);
#3611=EDGE_CURVE('',#2822,#2824,#444,.T.);
#3612=EDGE_CURVE('',#2823,#2825,#445,.T.);
#3613=EDGE_CURVE('',#2824,#2825,#1768,.T.);
#3614=EDGE_CURVE('',#2824,#2826,#446,.T.);
#3615=EDGE_CURVE('',#2825,#2827,#447,.T.);
#3616=EDGE_CURVE('',#2826,#2827,#1769,.T.);
#3617=EDGE_CURVE('',#2826,#2828,#448,.T.);
#3618=EDGE_CURVE('',#2827,#2829,#449,.T.);
#3619=EDGE_CURVE('',#2828,#2829,#1770,.T.);
#3620=EDGE_CURVE('',#2828,#2830,#1771,.T.);
#3621=EDGE_CURVE('',#2829,#2831,#1772,.T.);
#3622=EDGE_CURVE('',#2830,#2831,#1773,.T.);
#3623=EDGE_CURVE('',#2830,#2832,#450,.T.);
#3624=EDGE_CURVE('',#2831,#2833,#451,.T.);
#3625=EDGE_CURVE('',#2832,#2833,#1774,.T.);
#3626=EDGE_CURVE('',#2832,#2834,#452,.T.);
#3627=EDGE_CURVE('',#2833,#2835,#453,.T.);
#3628=EDGE_CURVE('',#2834,#2835,#1775,.T.);
#3629=EDGE_CURVE('',#2836,#2796,#454,.T.);
#3630=EDGE_CURVE('',#2836,#2837,#1776,.T.);
#3631=EDGE_CURVE('',#2837,#2798,#455,.T.);
#3632=EDGE_CURVE('',#2838,#2836,#456,.T.);
#3633=EDGE_CURVE('',#2838,#2839,#1777,.T.);
#3634=EDGE_CURVE('',#2839,#2837,#457,.T.);
#3635=EDGE_CURVE('',#2840,#2838,#458,.T.);
#3636=EDGE_CURVE('',#2840,#2841,#1778,.T.);
#3637=EDGE_CURVE('',#2841,#2839,#459,.T.);
#3638=EDGE_CURVE('',#2842,#2840,#460,.T.);
#3639=EDGE_CURVE('',#2842,#2843,#1779,.T.);
#3640=EDGE_CURVE('',#2843,#2841,#461,.T.);
#3641=EDGE_CURVE('',#2806,#2842,#462,.T.);
#3642=EDGE_CURVE('',#2807,#2843,#463,.T.);
#3643=EDGE_CURVE('',#2834,#2844,#1780,.T.);
#3644=EDGE_CURVE('',#2835,#2845,#1781,.T.);
#3645=EDGE_CURVE('',#2844,#2845,#1782,.T.);
#3646=EDGE_CURVE('',#2846,#2808,#464,.T.);
#3647=EDGE_CURVE('',#2846,#2847,#1783,.T.);
#3648=EDGE_CURVE('',#2847,#2810,#465,.T.);
#3649=EDGE_CURVE('',#2848,#2846,#466,.T.);
#3650=EDGE_CURVE('',#2848,#2849,#1784,.T.);
#3651=EDGE_CURVE('',#2849,#2847,#467,.T.);
#3652=EDGE_CURVE('',#2850,#2848,#468,.T.);
#3653=EDGE_CURVE('',#2850,#2851,#1785,.T.);
#3654=EDGE_CURVE('',#2851,#2849,#469,.T.);
#3655=EDGE_CURVE('',#2852,#2850,#470,.T.);
#3656=EDGE_CURVE('',#2852,#2853,#1786,.T.);
#3657=EDGE_CURVE('',#2853,#2851,#471,.T.);
#3658=EDGE_CURVE('',#2854,#2852,#472,.T.);
#3659=EDGE_CURVE('',#2854,#2855,#1787,.T.);
#3660=EDGE_CURVE('',#2855,#2853,#473,.T.);
#3661=EDGE_CURVE('',#2856,#2854,#474,.T.);
#3662=EDGE_CURVE('',#2856,#2857,#1788,.T.);
#3663=EDGE_CURVE('',#2857,#2855,#475,.T.);
#3664=EDGE_CURVE('',#2858,#2856,#476,.T.);
#3665=EDGE_CURVE('',#2858,#2859,#1789,.T.);
#3666=EDGE_CURVE('',#2859,#2857,#477,.T.);
#3667=EDGE_CURVE('',#2860,#2858,#478,.T.);
#3668=EDGE_CURVE('',#2860,#2861,#1790,.T.);
#3669=EDGE_CURVE('',#2861,#2859,#479,.T.);
#3670=EDGE_CURVE('',#2862,#2860,#480,.T.);
#3671=EDGE_CURVE('',#2862,#2863,#1791,.T.);
#3672=EDGE_CURVE('',#2863,#2861,#481,.T.);
#3673=EDGE_CURVE('',#2864,#2862,#482,.T.);
#3674=EDGE_CURVE('',#2864,#2865,#1792,.T.);
#3675=EDGE_CURVE('',#2865,#2863,#483,.T.);
#3676=EDGE_CURVE('',#2866,#2864,#484,.T.);
#3677=EDGE_CURVE('',#2866,#2867,#1793,.T.);
#3678=EDGE_CURVE('',#2867,#2865,#485,.T.);
#3679=EDGE_CURVE('',#2868,#2866,#486,.T.);
#3680=EDGE_CURVE('',#2868,#2869,#1794,.T.);
#3681=EDGE_CURVE('',#2869,#2867,#487,.T.);
#3682=EDGE_CURVE('',#2844,#2868,#488,.T.);
#3683=EDGE_CURVE('',#2845,#2869,#489,.T.);
#3684=EDGE_CURVE('',#2870,#2871,#490,.T.);
#3685=EDGE_CURVE('',#2870,#2872,#1795,.T.);
#3686=EDGE_CURVE('',#2872,#2873,#491,.T.);
#3687=EDGE_CURVE('',#2871,#2873,#1796,.T.);
#3688=EDGE_CURVE('',#2871,#2874,#492,.T.);
#3689=EDGE_CURVE('',#2873,#2875,#493,.T.);
#3690=EDGE_CURVE('',#2874,#2875,#1797,.T.);
#3691=EDGE_CURVE('',#2874,#2876,#494,.T.);
#3692=EDGE_CURVE('',#2875,#2877,#495,.T.);
#3693=EDGE_CURVE('',#2876,#2877,#1798,.T.);
#3694=EDGE_CURVE('',#2876,#2878,#1799,.T.);
#3695=EDGE_CURVE('',#2877,#2879,#1800,.T.);
#3696=EDGE_CURVE('',#2878,#2879,#1801,.T.);
#3697=EDGE_CURVE('',#2878,#2880,#1802,.T.);
#3698=EDGE_CURVE('',#2879,#2881,#1803,.T.);
#3699=EDGE_CURVE('',#2880,#2881,#1804,.T.);
#3700=EDGE_CURVE('',#2882,#2883,#496,.T.);
#3701=EDGE_CURVE('',#2882,#2884,#1805,.T.);
#3702=EDGE_CURVE('',#2884,#2885,#497,.T.);
#3703=EDGE_CURVE('',#2883,#2885,#1806,.T.);
#3704=EDGE_CURVE('',#2883,#2886,#498,.T.);
#3705=EDGE_CURVE('',#2885,#2887,#499,.T.);
#3706=EDGE_CURVE('',#2886,#2887,#1807,.T.);
#3707=EDGE_CURVE('',#2886,#2888,#500,.T.);
#3708=EDGE_CURVE('',#2887,#2889,#501,.T.);
#3709=EDGE_CURVE('',#2888,#2889,#1808,.T.);
#3710=EDGE_CURVE('',#2888,#2890,#1809,.T.);
#3711=EDGE_CURVE('',#2889,#2891,#1810,.T.);
#3712=EDGE_CURVE('',#2890,#2891,#1811,.T.);
#3713=EDGE_CURVE('',#2890,#2892,#1812,.T.);
#3714=EDGE_CURVE('',#2891,#2893,#1813,.T.);
#3715=EDGE_CURVE('',#2892,#2893,#1814,.T.);
#3716=EDGE_CURVE('',#2894,#2895,#502,.T.);
#3717=EDGE_CURVE('',#2894,#2896,#1815,.T.);
#3718=EDGE_CURVE('',#2896,#2897,#503,.T.);
#3719=EDGE_CURVE('',#2895,#2897,#1816,.T.);
#3720=EDGE_CURVE('',#2895,#2898,#504,.T.);
#3721=EDGE_CURVE('',#2897,#2899,#505,.T.);
#3722=EDGE_CURVE('',#2898,#2899,#1817,.T.);
#3723=EDGE_CURVE('',#2898,#2900,#506,.T.);
#3724=EDGE_CURVE('',#2899,#2901,#507,.T.);
#3725=EDGE_CURVE('',#2900,#2901,#1818,.T.);
#3726=EDGE_CURVE('',#2900,#2902,#508,.T.);
#3727=EDGE_CURVE('',#2901,#2903,#509,.T.);
#3728=EDGE_CURVE('',#2902,#2903,#1819,.T.);
#3729=EDGE_CURVE('',#2902,#2904,#510,.T.);
#3730=EDGE_CURVE('',#2903,#2905,#511,.T.);
#3731=EDGE_CURVE('',#2904,#2905,#1820,.T.);
#3732=EDGE_CURVE('',#2904,#2906,#512,.T.);
#3733=EDGE_CURVE('',#2905,#2907,#513,.T.);
#3734=EDGE_CURVE('',#2906,#2907,#1821,.T.);
#3735=EDGE_CURVE('',#2908,#2870,#514,.T.);
#3736=EDGE_CURVE('',#2908,#2909,#1822,.T.);
#3737=EDGE_CURVE('',#2909,#2872,#515,.T.);
#3738=EDGE_CURVE('',#2910,#2908,#516,.T.);
#3739=EDGE_CURVE('',#2910,#2911,#1823,.T.);
#3740=EDGE_CURVE('',#2911,#2909,#517,.T.);
#3741=EDGE_CURVE('',#2912,#2910,#518,.T.);
#3742=EDGE_CURVE('',#2912,#2913,#1824,.T.);
#3743=EDGE_CURVE('',#2913,#2911,#519,.T.);
#3744=EDGE_CURVE('',#2880,#2912,#1825,.T.);
#3745=EDGE_CURVE('',#2881,#2913,#1826,.T.);
#3746=EDGE_CURVE('',#2914,#2882,#520,.T.);
#3747=EDGE_CURVE('',#2914,#2915,#1827,.T.);
#3748=EDGE_CURVE('',#2915,#2884,#521,.T.);
#3749=EDGE_CURVE('',#2916,#2914,#522,.T.);
#3750=EDGE_CURVE('',#2916,#2917,#1828,.T.);
#3751=EDGE_CURVE('',#2917,#2915,#523,.T.);
#3752=EDGE_CURVE('',#2918,#2916,#524,.T.);
#3753=EDGE_CURVE('',#2918,#2919,#1829,.T.);
#3754=EDGE_CURVE('',#2919,#2917,#525,.T.);
#3755=EDGE_CURVE('',#2920,#2918,#526,.T.);
#3756=EDGE_CURVE('',#2920,#2921,#1830,.T.);
#3757=EDGE_CURVE('',#2921,#2919,#527,.T.);
#3758=EDGE_CURVE('',#2892,#2920,#1831,.T.);
#3759=EDGE_CURVE('',#2893,#2921,#1832,.T.);
#3760=EDGE_CURVE('',#2906,#2922,#528,.T.);
#3761=EDGE_CURVE('',#2907,#2923,#529,.T.);
#3762=EDGE_CURVE('',#2922,#2923,#1833,.T.);
#3763=EDGE_CURVE('',#2924,#2894,#530,.T.);
#3764=EDGE_CURVE('',#2924,#2925,#1834,.T.);
#3765=EDGE_CURVE('',#2925,#2896,#531,.T.);
#3766=EDGE_CURVE('',#2926,#2924,#532,.T.);
#3767=EDGE_CURVE('',#2926,#2927,#1835,.T.);
#3768=EDGE_CURVE('',#2927,#2925,#533,.T.);
#3769=EDGE_CURVE('',#2928,#2926,#534,.T.);
#3770=EDGE_CURVE('',#2928,#2929,#1836,.T.);
#3771=EDGE_CURVE('',#2929,#2927,#535,.T.);
#3772=EDGE_CURVE('',#2930,#2928,#536,.T.);
#3773=EDGE_CURVE('',#2930,#2931,#1837,.T.);
#3774=EDGE_CURVE('',#2931,#2929,#537,.T.);
#3775=EDGE_CURVE('',#2932,#2930,#1838,.T.);
#3776=EDGE_CURVE('',#2932,#2933,#1839,.T.);
#3777=EDGE_CURVE('',#2933,#2931,#1840,.T.);
#3778=EDGE_CURVE('',#2934,#2932,#1841,.T.);
#3779=EDGE_CURVE('',#2934,#2935,#1842,.T.);
#3780=EDGE_CURVE('',#2935,#2933,#1843,.T.);
#3781=EDGE_CURVE('',#2922,#2934,#1844,.T.);
#3782=EDGE_CURVE('',#2923,#2935,#1845,.T.);
#3783=EDGE_CURVE('',#2936,#2937,#538,.T.);
#3784=EDGE_CURVE('',#2936,#2938,#1846,.T.);
#3785=EDGE_CURVE('',#2938,#2939,#539,.T.);
#3786=EDGE_CURVE('',#2937,#2939,#1847,.T.);
#3787=EDGE_CURVE('',#2937,#2940,#540,.T.);
#3788=EDGE_CURVE('',#2939,#2941,#541,.T.);
#3789=EDGE_CURVE('',#2940,#2941,#1848,.T.);
#3790=EDGE_CURVE('',#2940,#2942,#542,.T.);
#3791=EDGE_CURVE('',#2941,#2943,#543,.T.);
#3792=EDGE_CURVE('',#2942,#2943,#1849,.T.);
#3793=EDGE_CURVE('',#2944,#2945,#544,.T.);
#3794=EDGE_CURVE('',#2944,#2946,#1850,.T.);
#3795=EDGE_CURVE('',#2946,#2947,#545,.T.);
#3796=EDGE_CURVE('',#2945,#2947,#1851,.T.);
#3797=EDGE_CURVE('',#2945,#2948,#546,.T.);
#3798=EDGE_CURVE('',#2947,#2949,#547,.T.);
#3799=EDGE_CURVE('',#2948,#2949,#1852,.T.);
#3800=EDGE_CURVE('',#2948,#2950,#548,.T.);
#3801=EDGE_CURVE('',#2949,#2951,#549,.T.);
#3802=EDGE_CURVE('',#2950,#2951,#1853,.T.);
#3803=EDGE_CURVE('',#2950,#2952,#550,.T.);
#3804=EDGE_CURVE('',#2951,#2953,#551,.T.);
#3805=EDGE_CURVE('',#2952,#2953,#1854,.T.);
#3806=EDGE_CURVE('',#2952,#2954,#1855,.T.);
#3807=EDGE_CURVE('',#2953,#2955,#1856,.T.);
#3808=EDGE_CURVE('',#2954,#2955,#1857,.T.);
#3809=EDGE_CURVE('',#2954,#2956,#552,.T.);
#3810=EDGE_CURVE('',#2955,#2957,#553,.T.);
#3811=EDGE_CURVE('',#2956,#2957,#1858,.T.);
#3812=EDGE_CURVE('',#2956,#2958,#554,.T.);
#3813=EDGE_CURVE('',#2957,#2959,#555,.T.);
#3814=EDGE_CURVE('',#2958,#2959,#1859,.T.);
#3815=EDGE_CURVE('',#2960,#2936,#556,.T.);
#3816=EDGE_CURVE('',#2960,#2961,#1860,.T.);
#3817=EDGE_CURVE('',#2961,#2938,#557,.T.);
#3818=EDGE_CURVE('',#2942,#2960,#1861,.T.);
#3819=EDGE_CURVE('',#2943,#2961,#1862,.T.);
#3820=EDGE_CURVE('',#2958,#2962,#558,.T.);
#3821=EDGE_CURVE('',#2959,#2963,#559,.T.);
#3822=EDGE_CURVE('',#2962,#2963,#1863,.T.);
#3823=EDGE_CURVE('',#2964,#2944,#560,.T.);
#3824=EDGE_CURVE('',#2964,#2965,#1864,.T.);
#3825=EDGE_CURVE('',#2965,#2946,#561,.T.);
#3826=EDGE_CURVE('',#2966,#2964,#562,.T.);
#3827=EDGE_CURVE('',#2966,#2967,#1865,.T.);
#3828=EDGE_CURVE('',#2967,#2965,#563,.T.);
#3829=EDGE_CURVE('',#2968,#2966,#564,.T.);
#3830=EDGE_CURVE('',#2968,#2969,#1866,.T.);
#3831=EDGE_CURVE('',#2969,#2967,#565,.T.);
#3832=EDGE_CURVE('',#2970,#2968,#566,.T.);
#3833=EDGE_CURVE('',#2970,#2971,#1867,.T.);
#3834=EDGE_CURVE('',#2971,#2969,#567,.T.);
#3835=EDGE_CURVE('',#2972,#2970,#568,.T.);
#3836=EDGE_CURVE('',#2972,#2973,#1868,.T.);
#3837=EDGE_CURVE('',#2973,#2971,#569,.T.);
#3838=EDGE_CURVE('',#2974,#2972,#1869,.T.);
#3839=EDGE_CURVE('',#2974,#2975,#1870,.T.);
#3840=EDGE_CURVE('',#2975,#2973,#1871,.T.);
#3841=EDGE_CURVE('',#2962,#2974,#570,.T.);
#3842=EDGE_CURVE('',#2963,#2975,#571,.T.);
#3843=EDGE_CURVE('',#2976,#2977,#572,.T.);
#3844=EDGE_CURVE('',#2976,#2978,#1872,.T.);
#3845=EDGE_CURVE('',#2978,#2979,#573,.T.);
#3846=EDGE_CURVE('',#2977,#2979,#1873,.T.);
#3847=EDGE_CURVE('',#2977,#2980,#574,.T.);
#3848=EDGE_CURVE('',#2979,#2981,#575,.T.);
#3849=EDGE_CURVE('',#2980,#2981,#1874,.T.);
#3850=EDGE_CURVE('',#2980,#2982,#576,.T.);
#3851=EDGE_CURVE('',#2981,#2983,#577,.T.);
#3852=EDGE_CURVE('',#2982,#2983,#1875,.T.);
#3853=EDGE_CURVE('',#2982,#2984,#578,.T.);
#3854=EDGE_CURVE('',#2983,#2985,#579,.T.);
#3855=EDGE_CURVE('',#2984,#2985,#1876,.T.);
#3856=EDGE_CURVE('',#2984,#2986,#1877,.T.);
#3857=EDGE_CURVE('',#2985,#2987,#1878,.T.);
#3858=EDGE_CURVE('',#2986,#2987,#1879,.T.);
#3859=EDGE_CURVE('',#2988,#2989,#580,.T.);
#3860=EDGE_CURVE('',#2988,#2990,#1880,.T.);
#3861=EDGE_CURVE('',#2990,#2991,#581,.T.);
#3862=EDGE_CURVE('',#2989,#2991,#1881,.T.);
#3863=EDGE_CURVE('',#2989,#2992,#582,.T.);
#3864=EDGE_CURVE('',#2991,#2993,#583,.T.);
#3865=EDGE_CURVE('',#2992,#2993,#1882,.T.);
#3866=EDGE_CURVE('',#2992,#2994,#1883,.T.);
#3867=EDGE_CURVE('',#2993,#2995,#1884,.T.);
#3868=EDGE_CURVE('',#2994,#2995,#1885,.T.);
#3869=EDGE_CURVE('',#2994,#2996,#584,.T.);
#3870=EDGE_CURVE('',#2995,#2997,#585,.T.);
#3871=EDGE_CURVE('',#2996,#2997,#1886,.T.);
#3872=EDGE_CURVE('',#2996,#2998,#586,.T.);
#3873=EDGE_CURVE('',#2997,#2999,#587,.T.);
#3874=EDGE_CURVE('',#2998,#2999,#1887,.T.);
#3875=EDGE_CURVE('',#2998,#3000,#588,.T.);
#3876=EDGE_CURVE('',#2999,#3001,#589,.T.);
#3877=EDGE_CURVE('',#3000,#3001,#1888,.T.);
#3878=EDGE_CURVE('',#3000,#3002,#590,.T.);
#3879=EDGE_CURVE('',#3001,#3003,#591,.T.);
#3880=EDGE_CURVE('',#3002,#3003,#1889,.T.);
#3881=EDGE_CURVE('',#3002,#3004,#592,.T.);
#3882=EDGE_CURVE('',#3003,#3005,#593,.T.);
#3883=EDGE_CURVE('',#3004,#3005,#1890,.T.);
#3884=EDGE_CURVE('',#3004,#3006,#594,.T.);
#3885=EDGE_CURVE('',#3005,#3007,#595,.T.);
#3886=EDGE_CURVE('',#3006,#3007,#1891,.T.);
#3887=EDGE_CURVE('',#3006,#3008,#596,.T.);
#3888=EDGE_CURVE('',#3007,#3009,#597,.T.);
#3889=EDGE_CURVE('',#3008,#3009,#1892,.T.);
#3890=EDGE_CURVE('',#3008,#3010,#1893,.T.);
#3891=EDGE_CURVE('',#3009,#3011,#1894,.T.);
#3892=EDGE_CURVE('',#3010,#3011,#1895,.T.);
#3893=EDGE_CURVE('',#3010,#3012,#598,.T.);
#3894=EDGE_CURVE('',#3011,#3013,#599,.T.);
#3895=EDGE_CURVE('',#3012,#3013,#1896,.T.);
#3896=EDGE_CURVE('',#3012,#3014,#600,.T.);
#3897=EDGE_CURVE('',#3013,#3015,#601,.T.);
#3898=EDGE_CURVE('',#3014,#3015,#1897,.T.);
#3899=EDGE_CURVE('',#3016,#2976,#602,.T.);
#3900=EDGE_CURVE('',#3016,#3017,#1898,.T.);
#3901=EDGE_CURVE('',#3017,#2978,#603,.T.);
#3902=EDGE_CURVE('',#3018,#3016,#604,.T.);
#3903=EDGE_CURVE('',#3018,#3019,#1899,.T.);
#3904=EDGE_CURVE('',#3019,#3017,#605,.T.);
#3905=EDGE_CURVE('',#3020,#3018,#606,.T.);
#3906=EDGE_CURVE('',#3020,#3021,#1900,.T.);
#3907=EDGE_CURVE('',#3021,#3019,#607,.T.);
#3908=EDGE_CURVE('',#3022,#3020,#608,.T.);
#3909=EDGE_CURVE('',#3022,#3023,#1901,.T.);
#3910=EDGE_CURVE('',#3023,#3021,#609,.T.);
#3911=EDGE_CURVE('',#2986,#3022,#610,.T.);
#3912=EDGE_CURVE('',#2987,#3023,#611,.T.);
#3913=EDGE_CURVE('',#3014,#3024,#1902,.T.);
#3914=EDGE_CURVE('',#3015,#3025,#1903,.T.);
#3915=EDGE_CURVE('',#3024,#3025,#1904,.T.);
#3916=EDGE_CURVE('',#3026,#2988,#612,.T.);
#3917=EDGE_CURVE('',#3026,#3027,#1905,.T.);
#3918=EDGE_CURVE('',#3027,#2990,#613,.T.);
#3919=EDGE_CURVE('',#3028,#3026,#614,.T.);
#3920=EDGE_CURVE('',#3028,#3029,#1906,.T.);
#3921=EDGE_CURVE('',#3029,#3027,#615,.T.);
#3922=EDGE_CURVE('',#3030,#3028,#616,.T.);
#3923=EDGE_CURVE('',#3030,#3031,#1907,.T.);
#3924=EDGE_CURVE('',#3031,#3029,#617,.T.);
#3925=EDGE_CURVE('',#3032,#3030,#618,.T.);
#3926=EDGE_CURVE('',#3032,#3033,#1908,.T.);
#3927=EDGE_CURVE('',#3033,#3031,#619,.T.);
#3928=EDGE_CURVE('',#3034,#3032,#620,.T.);
#3929=EDGE_CURVE('',#3034,#3035,#1909,.T.);
#3930=EDGE_CURVE('',#3035,#3033,#621,.T.);
#3931=EDGE_CURVE('',#3036,#3034,#622,.T.);
#3932=EDGE_CURVE('',#3036,#3037,#1910,.T.);
#3933=EDGE_CURVE('',#3037,#3035,#623,.T.);
#3934=EDGE_CURVE('',#3038,#3036,#624,.T.);
#3935=EDGE_CURVE('',#3038,#3039,#1911,.T.);
#3936=EDGE_CURVE('',#3039,#3037,#625,.T.);
#3937=EDGE_CURVE('',#3040,#3038,#626,.T.);
#3938=EDGE_CURVE('',#3040,#3041,#1912,.T.);
#3939=EDGE_CURVE('',#3041,#3039,#627,.T.);
#3940=EDGE_CURVE('',#3042,#3040,#628,.T.);
#3941=EDGE_CURVE('',#3042,#3043,#1913,.T.);
#3942=EDGE_CURVE('',#3043,#3041,#629,.T.);
#3943=EDGE_CURVE('',#3044,#3042,#630,.T.);
#3944=EDGE_CURVE('',#3044,#3045,#1914,.T.);
#3945=EDGE_CURVE('',#3045,#3043,#631,.T.);
#3946=EDGE_CURVE('',#3046,#3044,#632,.T.);
#3947=EDGE_CURVE('',#3046,#3047,#1915,.T.);
#3948=EDGE_CURVE('',#3047,#3045,#633,.T.);
#3949=EDGE_CURVE('',#3048,#3046,#634,.T.);
#3950=EDGE_CURVE('',#3048,#3049,#1916,.T.);
#3951=EDGE_CURVE('',#3049,#3047,#635,.T.);
#3952=EDGE_CURVE('',#3024,#3048,#636,.T.);
#3953=EDGE_CURVE('',#3025,#3049,#637,.T.);
#3954=EDGE_CURVE('',#3050,#3051,#638,.T.);
#3955=EDGE_CURVE('',#3050,#3052,#1917,.T.);
#3956=EDGE_CURVE('',#3052,#3053,#639,.T.);
#3957=EDGE_CURVE('',#3051,#3053,#1918,.T.);
#3958=EDGE_CURVE('',#3051,#3054,#640,.T.);
#3959=EDGE_CURVE('',#3053,#3055,#641,.T.);
#3960=EDGE_CURVE('',#3054,#3055,#1919,.T.);
#3961=EDGE_CURVE('',#3054,#3056,#1920,.T.);
#3962=EDGE_CURVE('',#3055,#3057,#1921,.T.);
#3963=EDGE_CURVE('',#3056,#3057,#1922,.T.);
#3964=EDGE_CURVE('',#3056,#3058,#1923,.T.);
#3965=EDGE_CURVE('',#3057,#3059,#1924,.T.);
#3966=EDGE_CURVE('',#3058,#3059,#1925,.T.);
#3967=EDGE_CURVE('',#3060,#3061,#1926,.T.);
#3968=EDGE_CURVE('',#3060,#3062,#1927,.T.);
#3969=EDGE_CURVE('',#3062,#3063,#1928,.T.);
#3970=EDGE_CURVE('',#3061,#3063,#1929,.T.);
#3971=EDGE_CURVE('',#3061,#3064,#1930,.T.);
#3972=EDGE_CURVE('',#3063,#3065,#1931,.T.);
#3973=EDGE_CURVE('',#3064,#3065,#1932,.T.);
#3974=EDGE_CURVE('',#3064,#3066,#1933,.T.);
#3975=EDGE_CURVE('',#3065,#3067,#1934,.T.);
#3976=EDGE_CURVE('',#3066,#3067,#1935,.T.);
#3977=EDGE_CURVE('',#3066,#3068,#642,.T.);
#3978=EDGE_CURVE('',#3067,#3069,#643,.T.);
#3979=EDGE_CURVE('',#3068,#3069,#1936,.T.);
#3980=EDGE_CURVE('',#3068,#3070,#644,.T.);
#3981=EDGE_CURVE('',#3069,#3071,#645,.T.);
#3982=EDGE_CURVE('',#3070,#3071,#1937,.T.);
#3983=EDGE_CURVE('',#3070,#3072,#646,.T.);
#3984=EDGE_CURVE('',#3071,#3073,#647,.T.);
#3985=EDGE_CURVE('',#3072,#3073,#1938,.T.);
#3986=EDGE_CURVE('',#3072,#3074,#648,.T.);
#3987=EDGE_CURVE('',#3073,#3075,#649,.T.);
#3988=EDGE_CURVE('',#3074,#3075,#1939,.T.);
#3989=EDGE_CURVE('',#3074,#3076,#1940,.T.);
#3990=EDGE_CURVE('',#3075,#3077,#1941,.T.);
#3991=EDGE_CURVE('',#3076,#3077,#1942,.T.);
#3992=EDGE_CURVE('',#3076,#3078,#1943,.T.);
#3993=EDGE_CURVE('',#3077,#3079,#1944,.T.);
#3994=EDGE_CURVE('',#3078,#3079,#1945,.T.);
#3995=EDGE_CURVE('',#3078,#3080,#1946,.T.);
#3996=EDGE_CURVE('',#3079,#3081,#1947,.T.);
#3997=EDGE_CURVE('',#3080,#3081,#1948,.T.);
#3998=EDGE_CURVE('',#3082,#3050,#650,.T.);
#3999=EDGE_CURVE('',#3082,#3083,#1949,.T.);
#4000=EDGE_CURVE('',#3083,#3052,#651,.T.);
#4001=EDGE_CURVE('',#3084,#3082,#652,.T.);
#4002=EDGE_CURVE('',#3084,#3085,#1950,.T.);
#4003=EDGE_CURVE('',#3085,#3083,#653,.T.);
#4004=EDGE_CURVE('',#3086,#3084,#654,.T.);
#4005=EDGE_CURVE('',#3086,#3087,#1951,.T.);
#4006=EDGE_CURVE('',#3087,#3085,#655,.T.);
#4007=EDGE_CURVE('',#3058,#3086,#1952,.T.);
#4008=EDGE_CURVE('',#3059,#3087,#1953,.T.);
#4009=EDGE_CURVE('',#3088,#3060,#656,.T.);
#4010=EDGE_CURVE('',#3088,#3089,#1954,.T.);
#4011=EDGE_CURVE('',#3089,#3062,#657,.T.);
#4012=EDGE_CURVE('',#3090,#3088,#658,.T.);
#4013=EDGE_CURVE('',#3090,#3091,#1955,.T.);
#4014=EDGE_CURVE('',#3091,#3089,#659,.T.);
#4015=EDGE_CURVE('',#3092,#3090,#660,.T.);
#4016=EDGE_CURVE('',#3092,#3093,#1956,.T.);
#4017=EDGE_CURVE('',#3093,#3091,#661,.T.);
#4018=EDGE_CURVE('',#3094,#3092,#662,.T.);
#4019=EDGE_CURVE('',#3094,#3095,#1957,.T.);
#4020=EDGE_CURVE('',#3095,#3093,#663,.T.);
#4021=EDGE_CURVE('',#3096,#3094,#664,.T.);
#4022=EDGE_CURVE('',#3096,#3097,#1958,.T.);
#4023=EDGE_CURVE('',#3097,#3095,#665,.T.);
#4024=EDGE_CURVE('',#3098,#3096,#666,.T.);
#4025=EDGE_CURVE('',#3098,#3099,#1959,.T.);
#4026=EDGE_CURVE('',#3099,#3097,#667,.T.);
#4027=EDGE_CURVE('',#3100,#3098,#668,.T.);
#4028=EDGE_CURVE('',#3100,#3101,#1960,.T.);
#4029=EDGE_CURVE('',#3101,#3099,#669,.T.);
#4030=EDGE_CURVE('',#3102,#3100,#1961,.T.);
#4031=EDGE_CURVE('',#3102,#3103,#1962,.T.);
#4032=EDGE_CURVE('',#3103,#3101,#1963,.T.);
#4033=EDGE_CURVE('',#3080,#3102,#1964,.T.);
#4034=EDGE_CURVE('',#3081,#3103,#1965,.T.);
#4035=EDGE_CURVE('',#3104,#3105,#1966,.T.);
#4036=EDGE_CURVE('',#3106,#3104,#1967,.T.);
#4037=EDGE_CURVE('',#3107,#3106,#1968,.T.);
#4038=EDGE_CURVE('',#3105,#3107,#1969,.T.);
#4039=EDGE_CURVE('',#3106,#2553,#1970,.T.);
#4040=EDGE_CURVE('',#3107,#2552,#1971,.T.);
#4041=EDGE_CURVE('',#3104,#2550,#1972,.T.);
#4042=EDGE_CURVE('',#2505,#3108,#1973,.T.);
#4043=EDGE_CURVE('',#3108,#3108,#2490,.T.);
#4044=EDGE_CURVE('',#2516,#3109,#1974,.T.);
#4045=EDGE_CURVE('',#3109,#3109,#2491,.T.);
#4046=EDGE_CURVE('',#2579,#3110,#1975,.T.);
#4047=EDGE_CURVE('',#3110,#3110,#2492,.T.);
#4048=EDGE_CURVE('',#3105,#2551,#1976,.T.);
#4049=EDGE_CURVE('',#3111,#3111,#2493,.T.);
#4050=EDGE_CURVE('',#3111,#2559,#1977,.T.);
#4051=EDGE_CURVE('',#3112,#3112,#2494,.T.);
#4052=EDGE_CURVE('',#3112,#2560,#1978,.T.);
#4053=EDGE_CURVE('',#3113,#3113,#2495,.T.);
#4054=EDGE_CURVE('',#3113,#2558,#1979,.T.);
#4055=EDGE_CURVE('',#3114,#3114,#2496,.T.);
#4056=EDGE_CURVE('',#3114,#2561,#1980,.T.);
#4057=EDGE_CURVE('',#3115,#3115,#2497,.T.);
#4058=EDGE_CURVE('',#3115,#2557,#1981,.T.);
#4059=EDGE_CURVE('',#3116,#3116,#2498,.T.);
#4060=EDGE_CURVE('',#3116,#2562,#1982,.T.);
#4061=ORIENTED_EDGE('',*,*,#3117,.T.);
#4062=ORIENTED_EDGE('',*,*,#3118,.T.);
#4063=ORIENTED_EDGE('',*,*,#3119,.T.);
#4064=ORIENTED_EDGE('',*,*,#3120,.T.);
#4065=ORIENTED_EDGE('',*,*,#3121,.T.);
#4066=ORIENTED_EDGE('',*,*,#3122,.T.);
#4067=ORIENTED_EDGE('',*,*,#3123,.T.);
#4068=ORIENTED_EDGE('',*,*,#3124,.T.);
#4069=ORIENTED_EDGE('',*,*,#3125,.T.);
#4070=ORIENTED_EDGE('',*,*,#3126,.T.);
#4071=ORIENTED_EDGE('',*,*,#3127,.T.);
#4072=ORIENTED_EDGE('',*,*,#3128,.T.);
#4073=ORIENTED_EDGE('',*,*,#3129,.T.);
#4074=ORIENTED_EDGE('',*,*,#3130,.T.);
#4075=ORIENTED_EDGE('',*,*,#3131,.T.);
#4076=ORIENTED_EDGE('',*,*,#3126,.F.);
#4077=ORIENTED_EDGE('',*,*,#3132,.T.);
#4078=ORIENTED_EDGE('',*,*,#3133,.T.);
#4079=ORIENTED_EDGE('',*,*,#3134,.T.);
#4080=ORIENTED_EDGE('',*,*,#3130,.F.);
#4081=ORIENTED_EDGE('',*,*,#3135,.T.);
#4082=ORIENTED_EDGE('',*,*,#3136,.T.);
#4083=ORIENTED_EDGE('',*,*,#3137,.T.);
#4084=ORIENTED_EDGE('',*,*,#3138,.T.);
#4085=ORIENTED_EDGE('',*,*,#3139,.T.);
#4086=ORIENTED_EDGE('',*,*,#3140,.T.);
#4087=ORIENTED_EDGE('',*,*,#3141,.T.);
#4088=ORIENTED_EDGE('',*,*,#3142,.T.);
#4089=ORIENTED_EDGE('',*,*,#3143,.T.);
#4090=ORIENTED_EDGE('',*,*,#3144,.T.);
#4091=ORIENTED_EDGE('',*,*,#3143,.F.);
#4092=ORIENTED_EDGE('',*,*,#3145,.T.);
#4093=ORIENTED_EDGE('',*,*,#3136,.F.);
#4094=ORIENTED_EDGE('',*,*,#3139,.F.);
#4095=ORIENTED_EDGE('',*,*,#3146,.T.);
#4096=ORIENTED_EDGE('',*,*,#3128,.F.);
#4097=ORIENTED_EDGE('',*,*,#3133,.F.);
#4098=ORIENTED_EDGE('',*,*,#3147,.T.);
#4099=ORIENTED_EDGE('',*,*,#3121,.F.);
#4100=ORIENTED_EDGE('',*,*,#3124,.F.);
#4101=ORIENTED_EDGE('',*,*,#3148,.T.);
#4102=ORIENTED_EDGE('',*,*,#3119,.F.);
#4103=ORIENTED_EDGE('',*,*,#3147,.F.);
#4104=ORIENTED_EDGE('',*,*,#3149,.T.);
#4105=ORIENTED_EDGE('',*,*,#3150,.T.);
#4106=ORIENTED_EDGE('',*,*,#3151,.T.);
#4107=ORIENTED_EDGE('',*,*,#3135,.F.);
#4108=ORIENTED_EDGE('',*,*,#3152,.F.);
#4109=ORIENTED_EDGE('',*,*,#3153,.F.);
#4110=ORIENTED_EDGE('',*,*,#3149,.F.);
#4111=ORIENTED_EDGE('',*,*,#3132,.F.);
#4112=ORIENTED_EDGE('',*,*,#3154,.T.);
#4113=ORIENTED_EDGE('',*,*,#3155,.F.);
#4114=ORIENTED_EDGE('',*,*,#3152,.T.);
#4115=ORIENTED_EDGE('',*,*,#3129,.F.);
#4116=ORIENTED_EDGE('',*,*,#3156,.F.);
#4117=ORIENTED_EDGE('',*,*,#3157,.F.);
#4118=ORIENTED_EDGE('',*,*,#3154,.F.);
#4119=ORIENTED_EDGE('',*,*,#3146,.F.);
#4120=ORIENTED_EDGE('',*,*,#3158,.T.);
#4121=ORIENTED_EDGE('',*,*,#3159,.F.);
#4122=ORIENTED_EDGE('',*,*,#3156,.T.);
#4123=ORIENTED_EDGE('',*,*,#3137,.F.);
#4124=ORIENTED_EDGE('',*,*,#3160,.F.);
#4125=ORIENTED_EDGE('',*,*,#3161,.F.);
#4126=ORIENTED_EDGE('',*,*,#3138,.F.);
#4127=ORIENTED_EDGE('',*,*,#3162,.F.);
#4128=ORIENTED_EDGE('',*,*,#3163,.F.);
#4129=ORIENTED_EDGE('',*,*,#3164,.F.);
#4130=ORIENTED_EDGE('',*,*,#3165,.F.);
#4131=ORIENTED_EDGE('',*,*,#3166,.F.);
#4132=ORIENTED_EDGE('',*,*,#3167,.F.);
#4133=ORIENTED_EDGE('',*,*,#3168,.F.);
#4134=ORIENTED_EDGE('',*,*,#3169,.F.);
#4135=ORIENTED_EDGE('',*,*,#3158,.F.);
#4136=ORIENTED_EDGE('',*,*,#3145,.F.);
#4137=ORIENTED_EDGE('',*,*,#3170,.T.);
#4138=ORIENTED_EDGE('',*,*,#3171,.F.);
#4139=ORIENTED_EDGE('',*,*,#3172,.T.);
#4140=ORIENTED_EDGE('',*,*,#3173,.T.);
#4141=ORIENTED_EDGE('',*,*,#3166,.T.);
#4142=ORIENTED_EDGE('',*,*,#3174,.T.);
#4143=ORIENTED_EDGE('',*,*,#3163,.T.);
#4144=ORIENTED_EDGE('',*,*,#3175,.T.);
#4145=ORIENTED_EDGE('',*,*,#3160,.T.);
#4146=ORIENTED_EDGE('',*,*,#3142,.F.);
#4147=ORIENTED_EDGE('',*,*,#3176,.F.);
#4148=ORIENTED_EDGE('',*,*,#3177,.F.);
#4149=ORIENTED_EDGE('',*,*,#3170,.F.);
#4150=ORIENTED_EDGE('',*,*,#3178,.T.);
#4151=ORIENTED_EDGE('',*,*,#3179,.T.);
#4152=ORIENTED_EDGE('',*,*,#3180,.T.);
#4153=ORIENTED_EDGE('',*,*,#3177,.T.);
#4154=ORIENTED_EDGE('',*,*,#3181,.T.);
#4155=ORIENTED_EDGE('',*,*,#3169,.T.);
#4156=ORIENTED_EDGE('',*,*,#3182,.T.);
#4157=ORIENTED_EDGE('',*,*,#3183,.T.);
#4158=ORIENTED_EDGE('',*,*,#3184,.T.);
#4159=ORIENTED_EDGE('',*,*,#3183,.F.);
#4160=ORIENTED_EDGE('',*,*,#3171,.T.);
#4161=ORIENTED_EDGE('',*,*,#3180,.F.);
#4162=ORIENTED_EDGE('',*,*,#3185,.T.);
#4163=ORIENTED_EDGE('',*,*,#3157,.T.);
#4164=ORIENTED_EDGE('',*,*,#3186,.T.);
#4165=ORIENTED_EDGE('',*,*,#3187,.T.);
#4166=ORIENTED_EDGE('',*,*,#3188,.T.);
#4167=ORIENTED_EDGE('',*,*,#3155,.T.);
#4168=ORIENTED_EDGE('',*,*,#3185,.F.);
#4169=ORIENTED_EDGE('',*,*,#3189,.T.);
#4170=ORIENTED_EDGE('',*,*,#3190,.T.);
#4171=ORIENTED_EDGE('',*,*,#3153,.T.);
#4172=ORIENTED_EDGE('',*,*,#3188,.F.);
#4173=ORIENTED_EDGE('',*,*,#3191,.T.);
#4174=ORIENTED_EDGE('',*,*,#3186,.F.);
#4175=ORIENTED_EDGE('',*,*,#3159,.T.);
#4176=ORIENTED_EDGE('',*,*,#3181,.F.);
#4177=ORIENTED_EDGE('',*,*,#3190,.F.);
#4178=ORIENTED_EDGE('',*,*,#3192,.T.);
#4179=ORIENTED_EDGE('',*,*,#3150,.F.);
#4180=ORIENTED_EDGE('',*,*,#3117,.F.);
#4181=ORIENTED_EDGE('',*,*,#3193,.T.);
#4182=ORIENTED_EDGE('',*,*,#3194,.F.);
#4183=ORIENTED_EDGE('',*,*,#3195,.T.);
#4184=ORIENTED_EDGE('',*,*,#3196,.F.);
#4185=ORIENTED_EDGE('',*,*,#3197,.T.);
#4186=ORIENTED_EDGE('',*,*,#3198,.T.);
#4187=ORIENTED_EDGE('',*,*,#3199,.T.);
#4188=ORIENTED_EDGE('',*,*,#3200,.T.);
#4189=ORIENTED_EDGE('',*,*,#3201,.T.);
#4190=ORIENTED_EDGE('',*,*,#3202,.T.);
#4191=ORIENTED_EDGE('',*,*,#3203,.T.);
#4192=ORIENTED_EDGE('',*,*,#3204,.F.);
#4193=ORIENTED_EDGE('',*,*,#3205,.T.);
#4194=ORIENTED_EDGE('',*,*,#3178,.F.);
#4195=ORIENTED_EDGE('',*,*,#3176,.T.);
#4196=ORIENTED_EDGE('',*,*,#3141,.F.);
#4197=ORIENTED_EDGE('',*,*,#3206,.T.);
#4198=ORIENTED_EDGE('',*,*,#3207,.T.);
#4199=ORIENTED_EDGE('',*,*,#3208,.T.);
#4200=ORIENTED_EDGE('',*,*,#3209,.T.);
#4201=ORIENTED_EDGE('',*,*,#3210,.T.);
#4202=ORIENTED_EDGE('',*,*,#3211,.T.);
#4203=ORIENTED_EDGE('',*,*,#3212,.T.);
#4204=ORIENTED_EDGE('',*,*,#3182,.F.);
#4205=ORIENTED_EDGE('',*,*,#3213,.F.);
#4206=ORIENTED_EDGE('',*,*,#3172,.F.);
#4207=ORIENTED_EDGE('',*,*,#3192,.F.);
#4208=ORIENTED_EDGE('',*,*,#3214,.T.);
#4209=ORIENTED_EDGE('',*,*,#3215,.T.);
#4210=ORIENTED_EDGE('',*,*,#3216,.T.);
#4211=ORIENTED_EDGE('',*,*,#3217,.T.);
#4212=ORIENTED_EDGE('',*,*,#3194,.T.);
#4213=ORIENTED_EDGE('',*,*,#3218,.T.);
#4214=ORIENTED_EDGE('',*,*,#3219,.T.);
#4215=ORIENTED_EDGE('',*,*,#3220,.T.);
#4216=ORIENTED_EDGE('',*,*,#3219,.F.);
#4217=ORIENTED_EDGE('',*,*,#3221,.T.);
#4218=ORIENTED_EDGE('',*,*,#3215,.F.);
#4219=ORIENTED_EDGE('',*,*,#3148,.F.);
#4220=ORIENTED_EDGE('',*,*,#3222,.T.);
#4221=ORIENTED_EDGE('',*,*,#3223,.T.);
#4222=ORIENTED_EDGE('',*,*,#3224,.T.);
#4223=ORIENTED_EDGE('',*,*,#3221,.F.);
#4224=ORIENTED_EDGE('',*,*,#3225,.T.);
#4225=ORIENTED_EDGE('',*,*,#3120,.F.);
#4226=ORIENTED_EDGE('',*,*,#3225,.F.);
#4227=ORIENTED_EDGE('',*,*,#3218,.F.);
#4228=ORIENTED_EDGE('',*,*,#3193,.F.);
#4229=ORIENTED_EDGE('',*,*,#3204,.T.);
#4230=ORIENTED_EDGE('',*,*,#3226,.T.);
#4231=ORIENTED_EDGE('',*,*,#3227,.T.);
#4232=ORIENTED_EDGE('',*,*,#3228,.T.);
#4233=ORIENTED_EDGE('',*,*,#3226,.F.);
#4234=ORIENTED_EDGE('',*,*,#3203,.F.);
#4235=ORIENTED_EDGE('',*,*,#3229,.F.);
#4236=ORIENTED_EDGE('',*,*,#3230,.T.);
#4237=ORIENTED_EDGE('',*,*,#3196,.T.);
#4238=ORIENTED_EDGE('',*,*,#3231,.T.);
#4239=ORIENTED_EDGE('',*,*,#3232,.T.);
#4240=ORIENTED_EDGE('',*,*,#3233,.T.);
#4241=ORIENTED_EDGE('',*,*,#3233,.F.);
#4242=ORIENTED_EDGE('',*,*,#3234,.T.);
#4243=ORIENTED_EDGE('',*,*,#3235,.F.);
#4244=ORIENTED_EDGE('',*,*,#3197,.F.);
#4245=ORIENTED_EDGE('',*,*,#3230,.F.);
#4246=ORIENTED_EDGE('',*,*,#3236,.F.);
#4247=ORIENTED_EDGE('',*,*,#3234,.F.);
#4248=ORIENTED_EDGE('',*,*,#3232,.F.);
#4249=ORIENTED_EDGE('',*,*,#3237,.F.);
#4250=ORIENTED_EDGE('',*,*,#3227,.F.);
#4251=ORIENTED_EDGE('',*,*,#3179,.F.);
#4252=ORIENTED_EDGE('',*,*,#3205,.F.);
#4253=ORIENTED_EDGE('',*,*,#3228,.F.);
#4254=ORIENTED_EDGE('',*,*,#3237,.T.);
#4255=ORIENTED_EDGE('',*,*,#3231,.F.);
#4256=ORIENTED_EDGE('',*,*,#3195,.F.);
#4257=ORIENTED_EDGE('',*,*,#3220,.F.);
#4258=ORIENTED_EDGE('',*,*,#3214,.F.);
#4259=ORIENTED_EDGE('',*,*,#3191,.F.);
#4260=ORIENTED_EDGE('',*,*,#3189,.F.);
#4261=ORIENTED_EDGE('',*,*,#3187,.F.);
#4262=ORIENTED_EDGE('',*,*,#3184,.F.);
#4263=ORIENTED_EDGE('',*,*,#3223,.F.);
#4264=ORIENTED_EDGE('',*,*,#3238,.T.);
#4265=ORIENTED_EDGE('',*,*,#3239,.T.);
#4266=ORIENTED_EDGE('',*,*,#3240,.T.);
#4267=ORIENTED_EDGE('',*,*,#3239,.F.);
#4268=ORIENTED_EDGE('',*,*,#3241,.T.);
#4269=ORIENTED_EDGE('',*,*,#3118,.F.);
#4270=ORIENTED_EDGE('',*,*,#3206,.F.);
#4271=ORIENTED_EDGE('',*,*,#3144,.F.);
#4272=ORIENTED_EDGE('',*,*,#3140,.F.);
#4273=ORIENTED_EDGE('',*,*,#3127,.F.);
#4274=ORIENTED_EDGE('',*,*,#3131,.F.);
#4275=ORIENTED_EDGE('',*,*,#3134,.F.);
#4276=ORIENTED_EDGE('',*,*,#3125,.F.);
#4277=ORIENTED_EDGE('',*,*,#3174,.F.);
#4278=ORIENTED_EDGE('',*,*,#3165,.T.);
#4279=ORIENTED_EDGE('',*,*,#3242,.T.);
#4280=ORIENTED_EDGE('',*,*,#3243,.T.);
#4281=ORIENTED_EDGE('',*,*,#3242,.F.);
#4282=ORIENTED_EDGE('',*,*,#3164,.T.);
#4283=ORIENTED_EDGE('',*,*,#3173,.F.);
#4284=ORIENTED_EDGE('',*,*,#3213,.T.);
#4285=ORIENTED_EDGE('',*,*,#3168,.T.);
#4286=ORIENTED_EDGE('',*,*,#3244,.T.);
#4287=ORIENTED_EDGE('',*,*,#3245,.T.);
#4288=ORIENTED_EDGE('',*,*,#3244,.F.);
#4289=ORIENTED_EDGE('',*,*,#3167,.T.);
#4290=ORIENTED_EDGE('',*,*,#3123,.F.);
#4291=ORIENTED_EDGE('',*,*,#3246,.F.);
#4292=ORIENTED_EDGE('',*,*,#3122,.F.);
#4293=ORIENTED_EDGE('',*,*,#3151,.F.);
#4294=ORIENTED_EDGE('',*,*,#3217,.F.);
#4295=ORIENTED_EDGE('',*,*,#3247,.F.);
#4296=ORIENTED_EDGE('',*,*,#3248,.F.);
#4297=ORIENTED_EDGE('',*,*,#3216,.F.);
#4298=ORIENTED_EDGE('',*,*,#3224,.F.);
#4299=ORIENTED_EDGE('',*,*,#3241,.F.);
#4300=ORIENTED_EDGE('',*,*,#3238,.F.);
#4301=ORIENTED_EDGE('',*,*,#3222,.F.);
#4302=ORIENTED_EDGE('',*,*,#3249,.F.);
#4303=ORIENTED_EDGE('',*,*,#3250,.T.);
#4304=ORIENTED_EDGE('',*,*,#3251,.T.);
#4305=ORIENTED_EDGE('',*,*,#3252,.F.);
#4306=ORIENTED_EDGE('',*,*,#3253,.F.);
#4307=ORIENTED_EDGE('',*,*,#3252,.T.);
#4308=ORIENTED_EDGE('',*,*,#3254,.T.);
#4309=ORIENTED_EDGE('',*,*,#3255,.F.);
#4310=ORIENTED_EDGE('',*,*,#3256,.F.);
#4311=ORIENTED_EDGE('',*,*,#3255,.T.);
#4312=ORIENTED_EDGE('',*,*,#3257,.T.);
#4313=ORIENTED_EDGE('',*,*,#3258,.F.);
#4314=ORIENTED_EDGE('',*,*,#3259,.F.);
#4315=ORIENTED_EDGE('',*,*,#3260,.T.);
#4316=ORIENTED_EDGE('',*,*,#3261,.T.);
#4317=ORIENTED_EDGE('',*,*,#3262,.F.);
#4318=ORIENTED_EDGE('',*,*,#3263,.F.);
#4319=ORIENTED_EDGE('',*,*,#3262,.T.);
#4320=ORIENTED_EDGE('',*,*,#3264,.T.);
#4321=ORIENTED_EDGE('',*,*,#3265,.F.);
#4322=ORIENTED_EDGE('',*,*,#3266,.F.);
#4323=ORIENTED_EDGE('',*,*,#3265,.T.);
#4324=ORIENTED_EDGE('',*,*,#3267,.T.);
#4325=ORIENTED_EDGE('',*,*,#3268,.F.);
#4326=ORIENTED_EDGE('',*,*,#3269,.F.);
#4327=ORIENTED_EDGE('',*,*,#3268,.T.);
#4328=ORIENTED_EDGE('',*,*,#3270,.T.);
#4329=ORIENTED_EDGE('',*,*,#3271,.F.);
#4330=ORIENTED_EDGE('',*,*,#3272,.F.);
#4331=ORIENTED_EDGE('',*,*,#3271,.T.);
#4332=ORIENTED_EDGE('',*,*,#3273,.T.);
#4333=ORIENTED_EDGE('',*,*,#3274,.F.);
#4334=ORIENTED_EDGE('',*,*,#3275,.F.);
#4335=ORIENTED_EDGE('',*,*,#3274,.T.);
#4336=ORIENTED_EDGE('',*,*,#3276,.T.);
#4337=ORIENTED_EDGE('',*,*,#3277,.F.);
#4338=ORIENTED_EDGE('',*,*,#3278,.F.);
#4339=ORIENTED_EDGE('',*,*,#3277,.T.);
#4340=ORIENTED_EDGE('',*,*,#3279,.T.);
#4341=ORIENTED_EDGE('',*,*,#3280,.F.);
#4342=ORIENTED_EDGE('',*,*,#3281,.F.);
#4343=ORIENTED_EDGE('',*,*,#3282,.T.);
#4344=ORIENTED_EDGE('',*,*,#3283,.T.);
#4345=ORIENTED_EDGE('',*,*,#3250,.F.);
#4346=ORIENTED_EDGE('',*,*,#3284,.F.);
#4347=ORIENTED_EDGE('',*,*,#3258,.T.);
#4348=ORIENTED_EDGE('',*,*,#3285,.T.);
#4349=ORIENTED_EDGE('',*,*,#3282,.F.);
#4350=ORIENTED_EDGE('',*,*,#3286,.F.);
#4351=ORIENTED_EDGE('',*,*,#3280,.T.);
#4352=ORIENTED_EDGE('',*,*,#3287,.T.);
#4353=ORIENTED_EDGE('',*,*,#3288,.F.);
#4354=ORIENTED_EDGE('',*,*,#3289,.F.);
#4355=ORIENTED_EDGE('',*,*,#3290,.T.);
#4356=ORIENTED_EDGE('',*,*,#3291,.T.);
#4357=ORIENTED_EDGE('',*,*,#3260,.F.);
#4358=ORIENTED_EDGE('',*,*,#3292,.F.);
#4359=ORIENTED_EDGE('',*,*,#3293,.T.);
#4360=ORIENTED_EDGE('',*,*,#3294,.T.);
#4361=ORIENTED_EDGE('',*,*,#3290,.F.);
#4362=ORIENTED_EDGE('',*,*,#3295,.F.);
#4363=ORIENTED_EDGE('',*,*,#3296,.T.);
#4364=ORIENTED_EDGE('',*,*,#3297,.T.);
#4365=ORIENTED_EDGE('',*,*,#3293,.F.);
#4366=ORIENTED_EDGE('',*,*,#3298,.F.);
#4367=ORIENTED_EDGE('',*,*,#3299,.T.);
#4368=ORIENTED_EDGE('',*,*,#3300,.T.);
#4369=ORIENTED_EDGE('',*,*,#3296,.F.);
#4370=ORIENTED_EDGE('',*,*,#3301,.F.);
#4371=ORIENTED_EDGE('',*,*,#3302,.T.);
#4372=ORIENTED_EDGE('',*,*,#3303,.T.);
#4373=ORIENTED_EDGE('',*,*,#3299,.F.);
#4374=ORIENTED_EDGE('',*,*,#3304,.F.);
#4375=ORIENTED_EDGE('',*,*,#3305,.T.);
#4376=ORIENTED_EDGE('',*,*,#3306,.T.);
#4377=ORIENTED_EDGE('',*,*,#3302,.F.);
#4378=ORIENTED_EDGE('',*,*,#3307,.F.);
#4379=ORIENTED_EDGE('',*,*,#3288,.T.);
#4380=ORIENTED_EDGE('',*,*,#3308,.T.);
#4381=ORIENTED_EDGE('',*,*,#3305,.F.);
#4382=ORIENTED_EDGE('',*,*,#3308,.F.);
#4383=ORIENTED_EDGE('',*,*,#3287,.F.);
#4384=ORIENTED_EDGE('',*,*,#3279,.F.);
#4385=ORIENTED_EDGE('',*,*,#3276,.F.);
#4386=ORIENTED_EDGE('',*,*,#3273,.F.);
#4387=ORIENTED_EDGE('',*,*,#3270,.F.);
#4388=ORIENTED_EDGE('',*,*,#3267,.F.);
#4389=ORIENTED_EDGE('',*,*,#3264,.F.);
#4390=ORIENTED_EDGE('',*,*,#3261,.F.);
#4391=ORIENTED_EDGE('',*,*,#3291,.F.);
#4392=ORIENTED_EDGE('',*,*,#3294,.F.);
#4393=ORIENTED_EDGE('',*,*,#3297,.F.);
#4394=ORIENTED_EDGE('',*,*,#3300,.F.);
#4395=ORIENTED_EDGE('',*,*,#3303,.F.);
#4396=ORIENTED_EDGE('',*,*,#3306,.F.);
#4397=ORIENTED_EDGE('',*,*,#3257,.F.);
#4398=ORIENTED_EDGE('',*,*,#3254,.F.);
#4399=ORIENTED_EDGE('',*,*,#3251,.F.);
#4400=ORIENTED_EDGE('',*,*,#3283,.F.);
#4401=ORIENTED_EDGE('',*,*,#3285,.F.);
#4402=ORIENTED_EDGE('',*,*,#3309,.F.);
#4403=ORIENTED_EDGE('',*,*,#3310,.T.);
#4404=ORIENTED_EDGE('',*,*,#3311,.T.);
#4405=ORIENTED_EDGE('',*,*,#3312,.F.);
#4406=ORIENTED_EDGE('',*,*,#3313,.F.);
#4407=ORIENTED_EDGE('',*,*,#3312,.T.);
#4408=ORIENTED_EDGE('',*,*,#3314,.T.);
#4409=ORIENTED_EDGE('',*,*,#3315,.F.);
#4410=ORIENTED_EDGE('',*,*,#3316,.F.);
#4411=ORIENTED_EDGE('',*,*,#3315,.T.);
#4412=ORIENTED_EDGE('',*,*,#3317,.T.);
#4413=ORIENTED_EDGE('',*,*,#3318,.F.);
#4414=ORIENTED_EDGE('',*,*,#3319,.F.);
#4415=ORIENTED_EDGE('',*,*,#3318,.T.);
#4416=ORIENTED_EDGE('',*,*,#3320,.T.);
#4417=ORIENTED_EDGE('',*,*,#3321,.F.);
#4418=ORIENTED_EDGE('',*,*,#3322,.F.);
#4419=ORIENTED_EDGE('',*,*,#3323,.T.);
#4420=ORIENTED_EDGE('',*,*,#3324,.T.);
#4421=ORIENTED_EDGE('',*,*,#3325,.F.);
#4422=ORIENTED_EDGE('',*,*,#3326,.F.);
#4423=ORIENTED_EDGE('',*,*,#3325,.T.);
#4424=ORIENTED_EDGE('',*,*,#3327,.T.);
#4425=ORIENTED_EDGE('',*,*,#3328,.F.);
#4426=ORIENTED_EDGE('',*,*,#3329,.F.);
#4427=ORIENTED_EDGE('',*,*,#3328,.T.);
#4428=ORIENTED_EDGE('',*,*,#3330,.T.);
#4429=ORIENTED_EDGE('',*,*,#3331,.F.);
#4430=ORIENTED_EDGE('',*,*,#3332,.F.);
#4431=ORIENTED_EDGE('',*,*,#3331,.T.);
#4432=ORIENTED_EDGE('',*,*,#3333,.T.);
#4433=ORIENTED_EDGE('',*,*,#3334,.F.);
#4434=ORIENTED_EDGE('',*,*,#3335,.F.);
#4435=ORIENTED_EDGE('',*,*,#3334,.T.);
#4436=ORIENTED_EDGE('',*,*,#3336,.T.);
#4437=ORIENTED_EDGE('',*,*,#3337,.F.);
#4438=ORIENTED_EDGE('',*,*,#3338,.F.);
#4439=ORIENTED_EDGE('',*,*,#3337,.T.);
#4440=ORIENTED_EDGE('',*,*,#3339,.T.);
#4441=ORIENTED_EDGE('',*,*,#3340,.F.);
#4442=ORIENTED_EDGE('',*,*,#3341,.F.);
#4443=ORIENTED_EDGE('',*,*,#3340,.T.);
#4444=ORIENTED_EDGE('',*,*,#3342,.T.);
#4445=ORIENTED_EDGE('',*,*,#3343,.F.);
#4446=ORIENTED_EDGE('',*,*,#3344,.F.);
#4447=ORIENTED_EDGE('',*,*,#3345,.T.);
#4448=ORIENTED_EDGE('',*,*,#3346,.T.);
#4449=ORIENTED_EDGE('',*,*,#3310,.F.);
#4450=ORIENTED_EDGE('',*,*,#3347,.F.);
#4451=ORIENTED_EDGE('',*,*,#3348,.T.);
#4452=ORIENTED_EDGE('',*,*,#3349,.T.);
#4453=ORIENTED_EDGE('',*,*,#3345,.F.);
#4454=ORIENTED_EDGE('',*,*,#3350,.F.);
#4455=ORIENTED_EDGE('',*,*,#3351,.T.);
#4456=ORIENTED_EDGE('',*,*,#3352,.T.);
#4457=ORIENTED_EDGE('',*,*,#3348,.F.);
#4458=ORIENTED_EDGE('',*,*,#3353,.F.);
#4459=ORIENTED_EDGE('',*,*,#3321,.T.);
#4460=ORIENTED_EDGE('',*,*,#3354,.T.);
#4461=ORIENTED_EDGE('',*,*,#3351,.F.);
#4462=ORIENTED_EDGE('',*,*,#3355,.F.);
#4463=ORIENTED_EDGE('',*,*,#3343,.T.);
#4464=ORIENTED_EDGE('',*,*,#3356,.T.);
#4465=ORIENTED_EDGE('',*,*,#3357,.F.);
#4466=ORIENTED_EDGE('',*,*,#3358,.F.);
#4467=ORIENTED_EDGE('',*,*,#3359,.T.);
#4468=ORIENTED_EDGE('',*,*,#3360,.T.);
#4469=ORIENTED_EDGE('',*,*,#3323,.F.);
#4470=ORIENTED_EDGE('',*,*,#3361,.F.);
#4471=ORIENTED_EDGE('',*,*,#3362,.T.);
#4472=ORIENTED_EDGE('',*,*,#3363,.T.);
#4473=ORIENTED_EDGE('',*,*,#3359,.F.);
#4474=ORIENTED_EDGE('',*,*,#3364,.F.);
#4475=ORIENTED_EDGE('',*,*,#3365,.T.);
#4476=ORIENTED_EDGE('',*,*,#3366,.T.);
#4477=ORIENTED_EDGE('',*,*,#3362,.F.);
#4478=ORIENTED_EDGE('',*,*,#3367,.F.);
#4479=ORIENTED_EDGE('',*,*,#3368,.T.);
#4480=ORIENTED_EDGE('',*,*,#3369,.T.);
#4481=ORIENTED_EDGE('',*,*,#3365,.F.);
#4482=ORIENTED_EDGE('',*,*,#3370,.F.);
#4483=ORIENTED_EDGE('',*,*,#3371,.T.);
#4484=ORIENTED_EDGE('',*,*,#3372,.T.);
#4485=ORIENTED_EDGE('',*,*,#3368,.F.);
#4486=ORIENTED_EDGE('',*,*,#3373,.F.);
#4487=ORIENTED_EDGE('',*,*,#3374,.T.);
#4488=ORIENTED_EDGE('',*,*,#3375,.T.);
#4489=ORIENTED_EDGE('',*,*,#3371,.F.);
#4490=ORIENTED_EDGE('',*,*,#3376,.F.);
#4491=ORIENTED_EDGE('',*,*,#3357,.T.);
#4492=ORIENTED_EDGE('',*,*,#3377,.T.);
#4493=ORIENTED_EDGE('',*,*,#3374,.F.);
#4494=ORIENTED_EDGE('',*,*,#3377,.F.);
#4495=ORIENTED_EDGE('',*,*,#3356,.F.);
#4496=ORIENTED_EDGE('',*,*,#3342,.F.);
#4497=ORIENTED_EDGE('',*,*,#3339,.F.);
#4498=ORIENTED_EDGE('',*,*,#3336,.F.);
#4499=ORIENTED_EDGE('',*,*,#3333,.F.);
#4500=ORIENTED_EDGE('',*,*,#3330,.F.);
#4501=ORIENTED_EDGE('',*,*,#3327,.F.);
#4502=ORIENTED_EDGE('',*,*,#3324,.F.);
#4503=ORIENTED_EDGE('',*,*,#3360,.F.);
#4504=ORIENTED_EDGE('',*,*,#3363,.F.);
#4505=ORIENTED_EDGE('',*,*,#3366,.F.);
#4506=ORIENTED_EDGE('',*,*,#3369,.F.);
#4507=ORIENTED_EDGE('',*,*,#3372,.F.);
#4508=ORIENTED_EDGE('',*,*,#3375,.F.);
#4509=ORIENTED_EDGE('',*,*,#3320,.F.);
#4510=ORIENTED_EDGE('',*,*,#3317,.F.);
#4511=ORIENTED_EDGE('',*,*,#3314,.F.);
#4512=ORIENTED_EDGE('',*,*,#3311,.F.);
#4513=ORIENTED_EDGE('',*,*,#3346,.F.);
#4514=ORIENTED_EDGE('',*,*,#3349,.F.);
#4515=ORIENTED_EDGE('',*,*,#3352,.F.);
#4516=ORIENTED_EDGE('',*,*,#3354,.F.);
#4517=ORIENTED_EDGE('',*,*,#3378,.F.);
#4518=ORIENTED_EDGE('',*,*,#3379,.T.);
#4519=ORIENTED_EDGE('',*,*,#3380,.T.);
#4520=ORIENTED_EDGE('',*,*,#3381,.F.);
#4521=ORIENTED_EDGE('',*,*,#3382,.F.);
#4522=ORIENTED_EDGE('',*,*,#3381,.T.);
#4523=ORIENTED_EDGE('',*,*,#3383,.T.);
#4524=ORIENTED_EDGE('',*,*,#3384,.F.);
#4525=ORIENTED_EDGE('',*,*,#3385,.F.);
#4526=ORIENTED_EDGE('',*,*,#3384,.T.);
#4527=ORIENTED_EDGE('',*,*,#3386,.T.);
#4528=ORIENTED_EDGE('',*,*,#3387,.F.);
#4529=ORIENTED_EDGE('',*,*,#3388,.F.);
#4530=ORIENTED_EDGE('',*,*,#3387,.T.);
#4531=ORIENTED_EDGE('',*,*,#3389,.T.);
#4532=ORIENTED_EDGE('',*,*,#3390,.F.);
#4533=ORIENTED_EDGE('',*,*,#3391,.F.);
#4534=ORIENTED_EDGE('',*,*,#3390,.T.);
#4535=ORIENTED_EDGE('',*,*,#3392,.T.);
#4536=ORIENTED_EDGE('',*,*,#3393,.F.);
#4537=ORIENTED_EDGE('',*,*,#3394,.F.);
#4538=ORIENTED_EDGE('',*,*,#3393,.T.);
#4539=ORIENTED_EDGE('',*,*,#3395,.T.);
#4540=ORIENTED_EDGE('',*,*,#3396,.F.);
#4541=ORIENTED_EDGE('',*,*,#3397,.F.);
#4542=ORIENTED_EDGE('',*,*,#3396,.T.);
#4543=ORIENTED_EDGE('',*,*,#3398,.T.);
#4544=ORIENTED_EDGE('',*,*,#3399,.F.);
#4545=ORIENTED_EDGE('',*,*,#3400,.F.);
#4546=ORIENTED_EDGE('',*,*,#3401,.T.);
#4547=ORIENTED_EDGE('',*,*,#3402,.T.);
#4548=ORIENTED_EDGE('',*,*,#3379,.F.);
#4549=ORIENTED_EDGE('',*,*,#3403,.F.);
#4550=ORIENTED_EDGE('',*,*,#3404,.T.);
#4551=ORIENTED_EDGE('',*,*,#3405,.T.);
#4552=ORIENTED_EDGE('',*,*,#3401,.F.);
#4553=ORIENTED_EDGE('',*,*,#3406,.F.);
#4554=ORIENTED_EDGE('',*,*,#3407,.T.);
#4555=ORIENTED_EDGE('',*,*,#3408,.T.);
#4556=ORIENTED_EDGE('',*,*,#3404,.F.);
#4557=ORIENTED_EDGE('',*,*,#3409,.F.);
#4558=ORIENTED_EDGE('',*,*,#3410,.T.);
#4559=ORIENTED_EDGE('',*,*,#3411,.T.);
#4560=ORIENTED_EDGE('',*,*,#3407,.F.);
#4561=ORIENTED_EDGE('',*,*,#3412,.F.);
#4562=ORIENTED_EDGE('',*,*,#3413,.T.);
#4563=ORIENTED_EDGE('',*,*,#3414,.T.);
#4564=ORIENTED_EDGE('',*,*,#3410,.F.);
#4565=ORIENTED_EDGE('',*,*,#3415,.F.);
#4566=ORIENTED_EDGE('',*,*,#3399,.T.);
#4567=ORIENTED_EDGE('',*,*,#3416,.T.);
#4568=ORIENTED_EDGE('',*,*,#3413,.F.);
#4569=ORIENTED_EDGE('',*,*,#3416,.F.);
#4570=ORIENTED_EDGE('',*,*,#3398,.F.);
#4571=ORIENTED_EDGE('',*,*,#3395,.F.);
#4572=ORIENTED_EDGE('',*,*,#3392,.F.);
#4573=ORIENTED_EDGE('',*,*,#3389,.F.);
#4574=ORIENTED_EDGE('',*,*,#3386,.F.);
#4575=ORIENTED_EDGE('',*,*,#3383,.F.);
#4576=ORIENTED_EDGE('',*,*,#3380,.F.);
#4577=ORIENTED_EDGE('',*,*,#3402,.F.);
#4578=ORIENTED_EDGE('',*,*,#3405,.F.);
#4579=ORIENTED_EDGE('',*,*,#3408,.F.);
#4580=ORIENTED_EDGE('',*,*,#3411,.F.);
#4581=ORIENTED_EDGE('',*,*,#3414,.F.);
#4582=ORIENTED_EDGE('',*,*,#3417,.F.);
#4583=ORIENTED_EDGE('',*,*,#3418,.T.);
#4584=ORIENTED_EDGE('',*,*,#3419,.T.);
#4585=ORIENTED_EDGE('',*,*,#3420,.F.);
#4586=ORIENTED_EDGE('',*,*,#3421,.F.);
#4587=ORIENTED_EDGE('',*,*,#3420,.T.);
#4588=ORIENTED_EDGE('',*,*,#3422,.T.);
#4589=ORIENTED_EDGE('',*,*,#3423,.F.);
#4590=ORIENTED_EDGE('',*,*,#3424,.F.);
#4591=ORIENTED_EDGE('',*,*,#3423,.T.);
#4592=ORIENTED_EDGE('',*,*,#3425,.T.);
#4593=ORIENTED_EDGE('',*,*,#3426,.F.);
#4594=ORIENTED_EDGE('',*,*,#3427,.F.);
#4595=ORIENTED_EDGE('',*,*,#3426,.T.);
#4596=ORIENTED_EDGE('',*,*,#3428,.T.);
#4597=ORIENTED_EDGE('',*,*,#3429,.F.);
#4598=ORIENTED_EDGE('',*,*,#3430,.F.);
#4599=ORIENTED_EDGE('',*,*,#3431,.T.);
#4600=ORIENTED_EDGE('',*,*,#3432,.T.);
#4601=ORIENTED_EDGE('',*,*,#3433,.F.);
#4602=ORIENTED_EDGE('',*,*,#3434,.F.);
#4603=ORIENTED_EDGE('',*,*,#3433,.T.);
#4604=ORIENTED_EDGE('',*,*,#3435,.T.);
#4605=ORIENTED_EDGE('',*,*,#3436,.F.);
#4606=ORIENTED_EDGE('',*,*,#3437,.F.);
#4607=ORIENTED_EDGE('',*,*,#3436,.T.);
#4608=ORIENTED_EDGE('',*,*,#3438,.T.);
#4609=ORIENTED_EDGE('',*,*,#3439,.F.);
#4610=ORIENTED_EDGE('',*,*,#3440,.F.);
#4611=ORIENTED_EDGE('',*,*,#3439,.T.);
#4612=ORIENTED_EDGE('',*,*,#3441,.T.);
#4613=ORIENTED_EDGE('',*,*,#3442,.F.);
#4614=ORIENTED_EDGE('',*,*,#3443,.F.);
#4615=ORIENTED_EDGE('',*,*,#3444,.T.);
#4616=ORIENTED_EDGE('',*,*,#3445,.T.);
#4617=ORIENTED_EDGE('',*,*,#3418,.F.);
#4618=ORIENTED_EDGE('',*,*,#3446,.F.);
#4619=ORIENTED_EDGE('',*,*,#3447,.T.);
#4620=ORIENTED_EDGE('',*,*,#3448,.T.);
#4621=ORIENTED_EDGE('',*,*,#3444,.F.);
#4622=ORIENTED_EDGE('',*,*,#3449,.F.);
#4623=ORIENTED_EDGE('',*,*,#3450,.T.);
#4624=ORIENTED_EDGE('',*,*,#3451,.T.);
#4625=ORIENTED_EDGE('',*,*,#3447,.F.);
#4626=ORIENTED_EDGE('',*,*,#3452,.F.);
#4627=ORIENTED_EDGE('',*,*,#3429,.T.);
#4628=ORIENTED_EDGE('',*,*,#3453,.T.);
#4629=ORIENTED_EDGE('',*,*,#3450,.F.);
#4630=ORIENTED_EDGE('',*,*,#3454,.F.);
#4631=ORIENTED_EDGE('',*,*,#3442,.T.);
#4632=ORIENTED_EDGE('',*,*,#3455,.T.);
#4633=ORIENTED_EDGE('',*,*,#3456,.F.);
#4634=ORIENTED_EDGE('',*,*,#3457,.F.);
#4635=ORIENTED_EDGE('',*,*,#3458,.T.);
#4636=ORIENTED_EDGE('',*,*,#3459,.T.);
#4637=ORIENTED_EDGE('',*,*,#3431,.F.);
#4638=ORIENTED_EDGE('',*,*,#3460,.F.);
#4639=ORIENTED_EDGE('',*,*,#3461,.T.);
#4640=ORIENTED_EDGE('',*,*,#3462,.T.);
#4641=ORIENTED_EDGE('',*,*,#3458,.F.);
#4642=ORIENTED_EDGE('',*,*,#3463,.F.);
#4643=ORIENTED_EDGE('',*,*,#3464,.T.);
#4644=ORIENTED_EDGE('',*,*,#3465,.T.);
#4645=ORIENTED_EDGE('',*,*,#3461,.F.);
#4646=ORIENTED_EDGE('',*,*,#3466,.F.);
#4647=ORIENTED_EDGE('',*,*,#3456,.T.);
#4648=ORIENTED_EDGE('',*,*,#3467,.T.);
#4649=ORIENTED_EDGE('',*,*,#3464,.F.);
#4650=ORIENTED_EDGE('',*,*,#3467,.F.);
#4651=ORIENTED_EDGE('',*,*,#3455,.F.);
#4652=ORIENTED_EDGE('',*,*,#3441,.F.);
#4653=ORIENTED_EDGE('',*,*,#3438,.F.);
#4654=ORIENTED_EDGE('',*,*,#3435,.F.);
#4655=ORIENTED_EDGE('',*,*,#3432,.F.);
#4656=ORIENTED_EDGE('',*,*,#3459,.F.);
#4657=ORIENTED_EDGE('',*,*,#3462,.F.);
#4658=ORIENTED_EDGE('',*,*,#3465,.F.);
#4659=ORIENTED_EDGE('',*,*,#3428,.F.);
#4660=ORIENTED_EDGE('',*,*,#3425,.F.);
#4661=ORIENTED_EDGE('',*,*,#3422,.F.);
#4662=ORIENTED_EDGE('',*,*,#3419,.F.);
#4663=ORIENTED_EDGE('',*,*,#3445,.F.);
#4664=ORIENTED_EDGE('',*,*,#3448,.F.);
#4665=ORIENTED_EDGE('',*,*,#3451,.F.);
#4666=ORIENTED_EDGE('',*,*,#3453,.F.);
#4667=ORIENTED_EDGE('',*,*,#3468,.F.);
#4668=ORIENTED_EDGE('',*,*,#3469,.T.);
#4669=ORIENTED_EDGE('',*,*,#3470,.T.);
#4670=ORIENTED_EDGE('',*,*,#3471,.F.);
#4671=ORIENTED_EDGE('',*,*,#3472,.F.);
#4672=ORIENTED_EDGE('',*,*,#3471,.T.);
#4673=ORIENTED_EDGE('',*,*,#3473,.T.);
#4674=ORIENTED_EDGE('',*,*,#3474,.F.);
#4675=ORIENTED_EDGE('',*,*,#3475,.F.);
#4676=ORIENTED_EDGE('',*,*,#3474,.T.);
#4677=ORIENTED_EDGE('',*,*,#3476,.T.);
#4678=ORIENTED_EDGE('',*,*,#3477,.F.);
#4679=ORIENTED_EDGE('',*,*,#3478,.F.);
#4680=ORIENTED_EDGE('',*,*,#3477,.T.);
#4681=ORIENTED_EDGE('',*,*,#3479,.T.);
#4682=ORIENTED_EDGE('',*,*,#3480,.F.);
#4683=ORIENTED_EDGE('',*,*,#3481,.F.);
#4684=ORIENTED_EDGE('',*,*,#3480,.T.);
#4685=ORIENTED_EDGE('',*,*,#3482,.T.);
#4686=ORIENTED_EDGE('',*,*,#3483,.F.);
#4687=ORIENTED_EDGE('',*,*,#3484,.F.);
#4688=ORIENTED_EDGE('',*,*,#3483,.T.);
#4689=ORIENTED_EDGE('',*,*,#3485,.T.);
#4690=ORIENTED_EDGE('',*,*,#3486,.F.);
#4691=ORIENTED_EDGE('',*,*,#3487,.F.);
#4692=ORIENTED_EDGE('',*,*,#3486,.T.);
#4693=ORIENTED_EDGE('',*,*,#3488,.T.);
#4694=ORIENTED_EDGE('',*,*,#3489,.F.);
#4695=ORIENTED_EDGE('',*,*,#3490,.F.);
#4696=ORIENTED_EDGE('',*,*,#3491,.T.);
#4697=ORIENTED_EDGE('',*,*,#3492,.T.);
#4698=ORIENTED_EDGE('',*,*,#3469,.F.);
#4699=ORIENTED_EDGE('',*,*,#3493,.F.);
#4700=ORIENTED_EDGE('',*,*,#3494,.T.);
#4701=ORIENTED_EDGE('',*,*,#3495,.T.);
#4702=ORIENTED_EDGE('',*,*,#3491,.F.);
#4703=ORIENTED_EDGE('',*,*,#3496,.F.);
#4704=ORIENTED_EDGE('',*,*,#3497,.T.);
#4705=ORIENTED_EDGE('',*,*,#3498,.T.);
#4706=ORIENTED_EDGE('',*,*,#3494,.F.);
#4707=ORIENTED_EDGE('',*,*,#3499,.F.);
#4708=ORIENTED_EDGE('',*,*,#3500,.T.);
#4709=ORIENTED_EDGE('',*,*,#3501,.T.);
#4710=ORIENTED_EDGE('',*,*,#3497,.F.);
#4711=ORIENTED_EDGE('',*,*,#3502,.F.);
#4712=ORIENTED_EDGE('',*,*,#3503,.T.);
#4713=ORIENTED_EDGE('',*,*,#3504,.T.);
#4714=ORIENTED_EDGE('',*,*,#3500,.F.);
#4715=ORIENTED_EDGE('',*,*,#3505,.F.);
#4716=ORIENTED_EDGE('',*,*,#3489,.T.);
#4717=ORIENTED_EDGE('',*,*,#3506,.T.);
#4718=ORIENTED_EDGE('',*,*,#3503,.F.);
#4719=ORIENTED_EDGE('',*,*,#3506,.F.);
#4720=ORIENTED_EDGE('',*,*,#3488,.F.);
#4721=ORIENTED_EDGE('',*,*,#3485,.F.);
#4722=ORIENTED_EDGE('',*,*,#3482,.F.);
#4723=ORIENTED_EDGE('',*,*,#3479,.F.);
#4724=ORIENTED_EDGE('',*,*,#3476,.F.);
#4725=ORIENTED_EDGE('',*,*,#3473,.F.);
#4726=ORIENTED_EDGE('',*,*,#3470,.F.);
#4727=ORIENTED_EDGE('',*,*,#3492,.F.);
#4728=ORIENTED_EDGE('',*,*,#3495,.F.);
#4729=ORIENTED_EDGE('',*,*,#3498,.F.);
#4730=ORIENTED_EDGE('',*,*,#3501,.F.);
#4731=ORIENTED_EDGE('',*,*,#3504,.F.);
#4732=ORIENTED_EDGE('',*,*,#3507,.F.);
#4733=ORIENTED_EDGE('',*,*,#3508,.T.);
#4734=ORIENTED_EDGE('',*,*,#3509,.T.);
#4735=ORIENTED_EDGE('',*,*,#3510,.F.);
#4736=ORIENTED_EDGE('',*,*,#3511,.F.);
#4737=ORIENTED_EDGE('',*,*,#3510,.T.);
#4738=ORIENTED_EDGE('',*,*,#3512,.T.);
#4739=ORIENTED_EDGE('',*,*,#3513,.F.);
#4740=ORIENTED_EDGE('',*,*,#3514,.F.);
#4741=ORIENTED_EDGE('',*,*,#3513,.T.);
#4742=ORIENTED_EDGE('',*,*,#3515,.T.);
#4743=ORIENTED_EDGE('',*,*,#3516,.F.);
#4744=ORIENTED_EDGE('',*,*,#3517,.F.);
#4745=ORIENTED_EDGE('',*,*,#3516,.T.);
#4746=ORIENTED_EDGE('',*,*,#3518,.T.);
#4747=ORIENTED_EDGE('',*,*,#3519,.F.);
#4748=ORIENTED_EDGE('',*,*,#3520,.F.);
#4749=ORIENTED_EDGE('',*,*,#3521,.T.);
#4750=ORIENTED_EDGE('',*,*,#3522,.T.);
#4751=ORIENTED_EDGE('',*,*,#3523,.F.);
#4752=ORIENTED_EDGE('',*,*,#3524,.F.);
#4753=ORIENTED_EDGE('',*,*,#3523,.T.);
#4754=ORIENTED_EDGE('',*,*,#3525,.T.);
#4755=ORIENTED_EDGE('',*,*,#3526,.F.);
#4756=ORIENTED_EDGE('',*,*,#3527,.F.);
#4757=ORIENTED_EDGE('',*,*,#3526,.T.);
#4758=ORIENTED_EDGE('',*,*,#3528,.T.);
#4759=ORIENTED_EDGE('',*,*,#3529,.F.);
#4760=ORIENTED_EDGE('',*,*,#3530,.F.);
#4761=ORIENTED_EDGE('',*,*,#3529,.T.);
#4762=ORIENTED_EDGE('',*,*,#3531,.T.);
#4763=ORIENTED_EDGE('',*,*,#3532,.F.);
#4764=ORIENTED_EDGE('',*,*,#3533,.F.);
#4765=ORIENTED_EDGE('',*,*,#3532,.T.);
#4766=ORIENTED_EDGE('',*,*,#3534,.T.);
#4767=ORIENTED_EDGE('',*,*,#3535,.F.);
#4768=ORIENTED_EDGE('',*,*,#3536,.F.);
#4769=ORIENTED_EDGE('',*,*,#3535,.T.);
#4770=ORIENTED_EDGE('',*,*,#3537,.T.);
#4771=ORIENTED_EDGE('',*,*,#3538,.F.);
#4772=ORIENTED_EDGE('',*,*,#3539,.F.);
#4773=ORIENTED_EDGE('',*,*,#3540,.T.);
#4774=ORIENTED_EDGE('',*,*,#3541,.T.);
#4775=ORIENTED_EDGE('',*,*,#3508,.F.);
#4776=ORIENTED_EDGE('',*,*,#3542,.F.);
#4777=ORIENTED_EDGE('',*,*,#3543,.T.);
#4778=ORIENTED_EDGE('',*,*,#3544,.T.);
#4779=ORIENTED_EDGE('',*,*,#3540,.F.);
#4780=ORIENTED_EDGE('',*,*,#3545,.F.);
#4781=ORIENTED_EDGE('',*,*,#3546,.T.);
#4782=ORIENTED_EDGE('',*,*,#3547,.T.);
#4783=ORIENTED_EDGE('',*,*,#3543,.F.);
#4784=ORIENTED_EDGE('',*,*,#3548,.F.);
#4785=ORIENTED_EDGE('',*,*,#3519,.T.);
#4786=ORIENTED_EDGE('',*,*,#3549,.T.);
#4787=ORIENTED_EDGE('',*,*,#3546,.F.);
#4788=ORIENTED_EDGE('',*,*,#3550,.F.);
#4789=ORIENTED_EDGE('',*,*,#3538,.T.);
#4790=ORIENTED_EDGE('',*,*,#3551,.T.);
#4791=ORIENTED_EDGE('',*,*,#3552,.F.);
#4792=ORIENTED_EDGE('',*,*,#3553,.F.);
#4793=ORIENTED_EDGE('',*,*,#3554,.T.);
#4794=ORIENTED_EDGE('',*,*,#3555,.T.);
#4795=ORIENTED_EDGE('',*,*,#3521,.F.);
#4796=ORIENTED_EDGE('',*,*,#3556,.F.);
#4797=ORIENTED_EDGE('',*,*,#3557,.T.);
#4798=ORIENTED_EDGE('',*,*,#3558,.T.);
#4799=ORIENTED_EDGE('',*,*,#3554,.F.);
#4800=ORIENTED_EDGE('',*,*,#3559,.F.);
#4801=ORIENTED_EDGE('',*,*,#3560,.T.);
#4802=ORIENTED_EDGE('',*,*,#3561,.T.);
#4803=ORIENTED_EDGE('',*,*,#3557,.F.);
#4804=ORIENTED_EDGE('',*,*,#3562,.F.);
#4805=ORIENTED_EDGE('',*,*,#3563,.T.);
#4806=ORIENTED_EDGE('',*,*,#3564,.T.);
#4807=ORIENTED_EDGE('',*,*,#3560,.F.);
#4808=ORIENTED_EDGE('',*,*,#3565,.F.);
#4809=ORIENTED_EDGE('',*,*,#3566,.T.);
#4810=ORIENTED_EDGE('',*,*,#3567,.T.);
#4811=ORIENTED_EDGE('',*,*,#3563,.F.);
#4812=ORIENTED_EDGE('',*,*,#3568,.F.);
#4813=ORIENTED_EDGE('',*,*,#3569,.T.);
#4814=ORIENTED_EDGE('',*,*,#3570,.T.);
#4815=ORIENTED_EDGE('',*,*,#3566,.F.);
#4816=ORIENTED_EDGE('',*,*,#3571,.F.);
#4817=ORIENTED_EDGE('',*,*,#3552,.T.);
#4818=ORIENTED_EDGE('',*,*,#3572,.T.);
#4819=ORIENTED_EDGE('',*,*,#3569,.F.);
#4820=ORIENTED_EDGE('',*,*,#3572,.F.);
#4821=ORIENTED_EDGE('',*,*,#3551,.F.);
#4822=ORIENTED_EDGE('',*,*,#3537,.F.);
#4823=ORIENTED_EDGE('',*,*,#3534,.F.);
#4824=ORIENTED_EDGE('',*,*,#3531,.F.);
#4825=ORIENTED_EDGE('',*,*,#3528,.F.);
#4826=ORIENTED_EDGE('',*,*,#3525,.F.);
#4827=ORIENTED_EDGE('',*,*,#3522,.F.);
#4828=ORIENTED_EDGE('',*,*,#3555,.F.);
#4829=ORIENTED_EDGE('',*,*,#3558,.F.);
#4830=ORIENTED_EDGE('',*,*,#3561,.F.);
#4831=ORIENTED_EDGE('',*,*,#3564,.F.);
#4832=ORIENTED_EDGE('',*,*,#3567,.F.);
#4833=ORIENTED_EDGE('',*,*,#3570,.F.);
#4834=ORIENTED_EDGE('',*,*,#3518,.F.);
#4835=ORIENTED_EDGE('',*,*,#3515,.F.);
#4836=ORIENTED_EDGE('',*,*,#3512,.F.);
#4837=ORIENTED_EDGE('',*,*,#3509,.F.);
#4838=ORIENTED_EDGE('',*,*,#3541,.F.);
#4839=ORIENTED_EDGE('',*,*,#3544,.F.);
#4840=ORIENTED_EDGE('',*,*,#3547,.F.);
#4841=ORIENTED_EDGE('',*,*,#3549,.F.);
#4842=ORIENTED_EDGE('',*,*,#3573,.F.);
#4843=ORIENTED_EDGE('',*,*,#3574,.T.);
#4844=ORIENTED_EDGE('',*,*,#3575,.T.);
#4845=ORIENTED_EDGE('',*,*,#3576,.F.);
#4846=ORIENTED_EDGE('',*,*,#3577,.F.);
#4847=ORIENTED_EDGE('',*,*,#3576,.T.);
#4848=ORIENTED_EDGE('',*,*,#3578,.T.);
#4849=ORIENTED_EDGE('',*,*,#3579,.F.);
#4850=ORIENTED_EDGE('',*,*,#3580,.F.);
#4851=ORIENTED_EDGE('',*,*,#3579,.T.);
#4852=ORIENTED_EDGE('',*,*,#3581,.T.);
#4853=ORIENTED_EDGE('',*,*,#3582,.F.);
#4854=ORIENTED_EDGE('',*,*,#3583,.F.);
#4855=ORIENTED_EDGE('',*,*,#3582,.T.);
#4856=ORIENTED_EDGE('',*,*,#3584,.T.);
#4857=ORIENTED_EDGE('',*,*,#3585,.F.);
#4858=ORIENTED_EDGE('',*,*,#3586,.F.);
#4859=ORIENTED_EDGE('',*,*,#3585,.T.);
#4860=ORIENTED_EDGE('',*,*,#3587,.T.);
#4861=ORIENTED_EDGE('',*,*,#3588,.F.);
#4862=ORIENTED_EDGE('',*,*,#3589,.F.);
#4863=ORIENTED_EDGE('',*,*,#3590,.T.);
#4864=ORIENTED_EDGE('',*,*,#3591,.T.);
#4865=ORIENTED_EDGE('',*,*,#3592,.F.);
#4866=ORIENTED_EDGE('',*,*,#3593,.F.);
#4867=ORIENTED_EDGE('',*,*,#3592,.T.);
#4868=ORIENTED_EDGE('',*,*,#3594,.T.);
#4869=ORIENTED_EDGE('',*,*,#3595,.F.);
#4870=ORIENTED_EDGE('',*,*,#3596,.F.);
#4871=ORIENTED_EDGE('',*,*,#3595,.T.);
#4872=ORIENTED_EDGE('',*,*,#3597,.T.);
#4873=ORIENTED_EDGE('',*,*,#3598,.F.);
#4874=ORIENTED_EDGE('',*,*,#3599,.F.);
#4875=ORIENTED_EDGE('',*,*,#3598,.T.);
#4876=ORIENTED_EDGE('',*,*,#3600,.T.);
#4877=ORIENTED_EDGE('',*,*,#3601,.F.);
#4878=ORIENTED_EDGE('',*,*,#3602,.F.);
#4879=ORIENTED_EDGE('',*,*,#3601,.T.);
#4880=ORIENTED_EDGE('',*,*,#3603,.T.);
#4881=ORIENTED_EDGE('',*,*,#3604,.F.);
#4882=ORIENTED_EDGE('',*,*,#3605,.F.);
#4883=ORIENTED_EDGE('',*,*,#3604,.T.);
#4884=ORIENTED_EDGE('',*,*,#3606,.T.);
#4885=ORIENTED_EDGE('',*,*,#3607,.F.);
#4886=ORIENTED_EDGE('',*,*,#3608,.F.);
#4887=ORIENTED_EDGE('',*,*,#3607,.T.);
#4888=ORIENTED_EDGE('',*,*,#3609,.T.);
#4889=ORIENTED_EDGE('',*,*,#3610,.F.);
#4890=ORIENTED_EDGE('',*,*,#3611,.F.);
#4891=ORIENTED_EDGE('',*,*,#3610,.T.);
#4892=ORIENTED_EDGE('',*,*,#3612,.T.);
#4893=ORIENTED_EDGE('',*,*,#3613,.F.);
#4894=ORIENTED_EDGE('',*,*,#3614,.F.);
#4895=ORIENTED_EDGE('',*,*,#3613,.T.);
#4896=ORIENTED_EDGE('',*,*,#3615,.T.);
#4897=ORIENTED_EDGE('',*,*,#3616,.F.);
#4898=ORIENTED_EDGE('',*,*,#3617,.F.);
#4899=ORIENTED_EDGE('',*,*,#3616,.T.);
#4900=ORIENTED_EDGE('',*,*,#3618,.T.);
#4901=ORIENTED_EDGE('',*,*,#3619,.F.);
#4902=ORIENTED_EDGE('',*,*,#3620,.F.);
#4903=ORIENTED_EDGE('',*,*,#3619,.T.);
#4904=ORIENTED_EDGE('',*,*,#3621,.T.);
#4905=ORIENTED_EDGE('',*,*,#3622,.F.);
#4906=ORIENTED_EDGE('',*,*,#3623,.F.);
#4907=ORIENTED_EDGE('',*,*,#3622,.T.);
#4908=ORIENTED_EDGE('',*,*,#3624,.T.);
#4909=ORIENTED_EDGE('',*,*,#3625,.F.);
#4910=ORIENTED_EDGE('',*,*,#3626,.F.);
#4911=ORIENTED_EDGE('',*,*,#3625,.T.);
#4912=ORIENTED_EDGE('',*,*,#3627,.T.);
#4913=ORIENTED_EDGE('',*,*,#3628,.F.);
#4914=ORIENTED_EDGE('',*,*,#3629,.F.);
#4915=ORIENTED_EDGE('',*,*,#3630,.T.);
#4916=ORIENTED_EDGE('',*,*,#3631,.T.);
#4917=ORIENTED_EDGE('',*,*,#3574,.F.);
#4918=ORIENTED_EDGE('',*,*,#3632,.F.);
#4919=ORIENTED_EDGE('',*,*,#3633,.T.);
#4920=ORIENTED_EDGE('',*,*,#3634,.T.);
#4921=ORIENTED_EDGE('',*,*,#3630,.F.);
#4922=ORIENTED_EDGE('',*,*,#3635,.F.);
#4923=ORIENTED_EDGE('',*,*,#3636,.T.);
#4924=ORIENTED_EDGE('',*,*,#3637,.T.);
#4925=ORIENTED_EDGE('',*,*,#3633,.F.);
#4926=ORIENTED_EDGE('',*,*,#3638,.F.);
#4927=ORIENTED_EDGE('',*,*,#3639,.T.);
#4928=ORIENTED_EDGE('',*,*,#3640,.T.);
#4929=ORIENTED_EDGE('',*,*,#3636,.F.);
#4930=ORIENTED_EDGE('',*,*,#3641,.F.);
#4931=ORIENTED_EDGE('',*,*,#3588,.T.);
#4932=ORIENTED_EDGE('',*,*,#3642,.T.);
#4933=ORIENTED_EDGE('',*,*,#3639,.F.);
#4934=ORIENTED_EDGE('',*,*,#3643,.F.);
#4935=ORIENTED_EDGE('',*,*,#3628,.T.);
#4936=ORIENTED_EDGE('',*,*,#3644,.T.);
#4937=ORIENTED_EDGE('',*,*,#3645,.F.);
#4938=ORIENTED_EDGE('',*,*,#3646,.F.);
#4939=ORIENTED_EDGE('',*,*,#3647,.T.);
#4940=ORIENTED_EDGE('',*,*,#3648,.T.);
#4941=ORIENTED_EDGE('',*,*,#3590,.F.);
#4942=ORIENTED_EDGE('',*,*,#3649,.F.);
#4943=ORIENTED_EDGE('',*,*,#3650,.T.);
#4944=ORIENTED_EDGE('',*,*,#3651,.T.);
#4945=ORIENTED_EDGE('',*,*,#3647,.F.);
#4946=ORIENTED_EDGE('',*,*,#3652,.F.);
#4947=ORIENTED_EDGE('',*,*,#3653,.T.);
#4948=ORIENTED_EDGE('',*,*,#3654,.T.);
#4949=ORIENTED_EDGE('',*,*,#3650,.F.);
#4950=ORIENTED_EDGE('',*,*,#3655,.F.);
#4951=ORIENTED_EDGE('',*,*,#3656,.T.);
#4952=ORIENTED_EDGE('',*,*,#3657,.T.);
#4953=ORIENTED_EDGE('',*,*,#3653,.F.);
#4954=ORIENTED_EDGE('',*,*,#3658,.F.);
#4955=ORIENTED_EDGE('',*,*,#3659,.T.);
#4956=ORIENTED_EDGE('',*,*,#3660,.T.);
#4957=ORIENTED_EDGE('',*,*,#3656,.F.);
#4958=ORIENTED_EDGE('',*,*,#3661,.F.);
#4959=ORIENTED_EDGE('',*,*,#3662,.T.);
#4960=ORIENTED_EDGE('',*,*,#3663,.T.);
#4961=ORIENTED_EDGE('',*,*,#3659,.F.);
#4962=ORIENTED_EDGE('',*,*,#3664,.F.);
#4963=ORIENTED_EDGE('',*,*,#3665,.T.);
#4964=ORIENTED_EDGE('',*,*,#3666,.T.);
#4965=ORIENTED_EDGE('',*,*,#3662,.F.);
#4966=ORIENTED_EDGE('',*,*,#3667,.F.);
#4967=ORIENTED_EDGE('',*,*,#3668,.T.);
#4968=ORIENTED_EDGE('',*,*,#3669,.T.);
#4969=ORIENTED_EDGE('',*,*,#3665,.F.);
#4970=ORIENTED_EDGE('',*,*,#3670,.F.);
#4971=ORIENTED_EDGE('',*,*,#3671,.T.);
#4972=ORIENTED_EDGE('',*,*,#3672,.T.);
#4973=ORIENTED_EDGE('',*,*,#3668,.F.);
#4974=ORIENTED_EDGE('',*,*,#3673,.F.);
#4975=ORIENTED_EDGE('',*,*,#3674,.T.);
#4976=ORIENTED_EDGE('',*,*,#3675,.T.);
#4977=ORIENTED_EDGE('',*,*,#3671,.F.);
#4978=ORIENTED_EDGE('',*,*,#3676,.F.);
#4979=ORIENTED_EDGE('',*,*,#3677,.T.);
#4980=ORIENTED_EDGE('',*,*,#3678,.T.);
#4981=ORIENTED_EDGE('',*,*,#3674,.F.);
#4982=ORIENTED_EDGE('',*,*,#3679,.F.);
#4983=ORIENTED_EDGE('',*,*,#3680,.T.);
#4984=ORIENTED_EDGE('',*,*,#3681,.T.);
#4985=ORIENTED_EDGE('',*,*,#3677,.F.);
#4986=ORIENTED_EDGE('',*,*,#3682,.F.);
#4987=ORIENTED_EDGE('',*,*,#3645,.T.);
#4988=ORIENTED_EDGE('',*,*,#3683,.T.);
#4989=ORIENTED_EDGE('',*,*,#3680,.F.);
#4990=ORIENTED_EDGE('',*,*,#3683,.F.);
#4991=ORIENTED_EDGE('',*,*,#3644,.F.);
#4992=ORIENTED_EDGE('',*,*,#3627,.F.);
#4993=ORIENTED_EDGE('',*,*,#3624,.F.);
#4994=ORIENTED_EDGE('',*,*,#3621,.F.);
#4995=ORIENTED_EDGE('',*,*,#3618,.F.);
#4996=ORIENTED_EDGE('',*,*,#3615,.F.);
#4997=ORIENTED_EDGE('',*,*,#3612,.F.);
#4998=ORIENTED_EDGE('',*,*,#3609,.F.);
#4999=ORIENTED_EDGE('',*,*,#3606,.F.);
#5000=ORIENTED_EDGE('',*,*,#3603,.F.);
#5001=ORIENTED_EDGE('',*,*,#3600,.F.);
#5002=ORIENTED_EDGE('',*,*,#3597,.F.);
#5003=ORIENTED_EDGE('',*,*,#3594,.F.);
#5004=ORIENTED_EDGE('',*,*,#3591,.F.);
#5005=ORIENTED_EDGE('',*,*,#3648,.F.);
#5006=ORIENTED_EDGE('',*,*,#3651,.F.);
#5007=ORIENTED_EDGE('',*,*,#3654,.F.);
#5008=ORIENTED_EDGE('',*,*,#3657,.F.);
#5009=ORIENTED_EDGE('',*,*,#3660,.F.);
#5010=ORIENTED_EDGE('',*,*,#3663,.F.);
#5011=ORIENTED_EDGE('',*,*,#3666,.F.);
#5012=ORIENTED_EDGE('',*,*,#3669,.F.);
#5013=ORIENTED_EDGE('',*,*,#3672,.F.);
#5014=ORIENTED_EDGE('',*,*,#3675,.F.);
#5015=ORIENTED_EDGE('',*,*,#3678,.F.);
#5016=ORIENTED_EDGE('',*,*,#3681,.F.);
#5017=ORIENTED_EDGE('',*,*,#3587,.F.);
#5018=ORIENTED_EDGE('',*,*,#3584,.F.);
#5019=ORIENTED_EDGE('',*,*,#3581,.F.);
#5020=ORIENTED_EDGE('',*,*,#3578,.F.);
#5021=ORIENTED_EDGE('',*,*,#3575,.F.);
#5022=ORIENTED_EDGE('',*,*,#3631,.F.);
#5023=ORIENTED_EDGE('',*,*,#3634,.F.);
#5024=ORIENTED_EDGE('',*,*,#3637,.F.);
#5025=ORIENTED_EDGE('',*,*,#3640,.F.);
#5026=ORIENTED_EDGE('',*,*,#3642,.F.);
#5027=ORIENTED_EDGE('',*,*,#3684,.F.);
#5028=ORIENTED_EDGE('',*,*,#3685,.T.);
#5029=ORIENTED_EDGE('',*,*,#3686,.T.);
#5030=ORIENTED_EDGE('',*,*,#3687,.F.);
#5031=ORIENTED_EDGE('',*,*,#3688,.F.);
#5032=ORIENTED_EDGE('',*,*,#3687,.T.);
#5033=ORIENTED_EDGE('',*,*,#3689,.T.);
#5034=ORIENTED_EDGE('',*,*,#3690,.F.);
#5035=ORIENTED_EDGE('',*,*,#3691,.F.);
#5036=ORIENTED_EDGE('',*,*,#3690,.T.);
#5037=ORIENTED_EDGE('',*,*,#3692,.T.);
#5038=ORIENTED_EDGE('',*,*,#3693,.F.);
#5039=ORIENTED_EDGE('',*,*,#3694,.F.);
#5040=ORIENTED_EDGE('',*,*,#3693,.T.);
#5041=ORIENTED_EDGE('',*,*,#3695,.T.);
#5042=ORIENTED_EDGE('',*,*,#3696,.F.);
#5043=ORIENTED_EDGE('',*,*,#3697,.F.);
#5044=ORIENTED_EDGE('',*,*,#3696,.T.);
#5045=ORIENTED_EDGE('',*,*,#3698,.T.);
#5046=ORIENTED_EDGE('',*,*,#3699,.F.);
#5047=ORIENTED_EDGE('',*,*,#3700,.F.);
#5048=ORIENTED_EDGE('',*,*,#3701,.T.);
#5049=ORIENTED_EDGE('',*,*,#3702,.T.);
#5050=ORIENTED_EDGE('',*,*,#3703,.F.);
#5051=ORIENTED_EDGE('',*,*,#3704,.F.);
#5052=ORIENTED_EDGE('',*,*,#3703,.T.);
#5053=ORIENTED_EDGE('',*,*,#3705,.T.);
#5054=ORIENTED_EDGE('',*,*,#3706,.F.);
#5055=ORIENTED_EDGE('',*,*,#3707,.F.);
#5056=ORIENTED_EDGE('',*,*,#3706,.T.);
#5057=ORIENTED_EDGE('',*,*,#3708,.T.);
#5058=ORIENTED_EDGE('',*,*,#3709,.F.);
#5059=ORIENTED_EDGE('',*,*,#3710,.F.);
#5060=ORIENTED_EDGE('',*,*,#3709,.T.);
#5061=ORIENTED_EDGE('',*,*,#3711,.T.);
#5062=ORIENTED_EDGE('',*,*,#3712,.F.);
#5063=ORIENTED_EDGE('',*,*,#3713,.F.);
#5064=ORIENTED_EDGE('',*,*,#3712,.T.);
#5065=ORIENTED_EDGE('',*,*,#3714,.T.);
#5066=ORIENTED_EDGE('',*,*,#3715,.F.);
#5067=ORIENTED_EDGE('',*,*,#3716,.F.);
#5068=ORIENTED_EDGE('',*,*,#3717,.T.);
#5069=ORIENTED_EDGE('',*,*,#3718,.T.);
#5070=ORIENTED_EDGE('',*,*,#3719,.F.);
#5071=ORIENTED_EDGE('',*,*,#3720,.F.);
#5072=ORIENTED_EDGE('',*,*,#3719,.T.);
#5073=ORIENTED_EDGE('',*,*,#3721,.T.);
#5074=ORIENTED_EDGE('',*,*,#3722,.F.);
#5075=ORIENTED_EDGE('',*,*,#3723,.F.);
#5076=ORIENTED_EDGE('',*,*,#3722,.T.);
#5077=ORIENTED_EDGE('',*,*,#3724,.T.);
#5078=ORIENTED_EDGE('',*,*,#3725,.F.);
#5079=ORIENTED_EDGE('',*,*,#3726,.F.);
#5080=ORIENTED_EDGE('',*,*,#3725,.T.);
#5081=ORIENTED_EDGE('',*,*,#3727,.T.);
#5082=ORIENTED_EDGE('',*,*,#3728,.F.);
#5083=ORIENTED_EDGE('',*,*,#3729,.F.);
#5084=ORIENTED_EDGE('',*,*,#3728,.T.);
#5085=ORIENTED_EDGE('',*,*,#3730,.T.);
#5086=ORIENTED_EDGE('',*,*,#3731,.F.);
#5087=ORIENTED_EDGE('',*,*,#3732,.F.);
#5088=ORIENTED_EDGE('',*,*,#3731,.T.);
#5089=ORIENTED_EDGE('',*,*,#3733,.T.);
#5090=ORIENTED_EDGE('',*,*,#3734,.F.);
#5091=ORIENTED_EDGE('',*,*,#3735,.F.);
#5092=ORIENTED_EDGE('',*,*,#3736,.T.);
#5093=ORIENTED_EDGE('',*,*,#3737,.T.);
#5094=ORIENTED_EDGE('',*,*,#3685,.F.);
#5095=ORIENTED_EDGE('',*,*,#3738,.F.);
#5096=ORIENTED_EDGE('',*,*,#3739,.T.);
#5097=ORIENTED_EDGE('',*,*,#3740,.T.);
#5098=ORIENTED_EDGE('',*,*,#3736,.F.);
#5099=ORIENTED_EDGE('',*,*,#3741,.F.);
#5100=ORIENTED_EDGE('',*,*,#3742,.T.);
#5101=ORIENTED_EDGE('',*,*,#3743,.T.);
#5102=ORIENTED_EDGE('',*,*,#3739,.F.);
#5103=ORIENTED_EDGE('',*,*,#3744,.F.);
#5104=ORIENTED_EDGE('',*,*,#3699,.T.);
#5105=ORIENTED_EDGE('',*,*,#3745,.T.);
#5106=ORIENTED_EDGE('',*,*,#3742,.F.);
#5107=ORIENTED_EDGE('',*,*,#3746,.F.);
#5108=ORIENTED_EDGE('',*,*,#3747,.T.);
#5109=ORIENTED_EDGE('',*,*,#3748,.T.);
#5110=ORIENTED_EDGE('',*,*,#3701,.F.);
#5111=ORIENTED_EDGE('',*,*,#3749,.F.);
#5112=ORIENTED_EDGE('',*,*,#3750,.T.);
#5113=ORIENTED_EDGE('',*,*,#3751,.T.);
#5114=ORIENTED_EDGE('',*,*,#3747,.F.);
#5115=ORIENTED_EDGE('',*,*,#3752,.F.);
#5116=ORIENTED_EDGE('',*,*,#3753,.T.);
#5117=ORIENTED_EDGE('',*,*,#3754,.T.);
#5118=ORIENTED_EDGE('',*,*,#3750,.F.);
#5119=ORIENTED_EDGE('',*,*,#3755,.F.);
#5120=ORIENTED_EDGE('',*,*,#3756,.T.);
#5121=ORIENTED_EDGE('',*,*,#3757,.T.);
#5122=ORIENTED_EDGE('',*,*,#3753,.F.);
#5123=ORIENTED_EDGE('',*,*,#3758,.F.);
#5124=ORIENTED_EDGE('',*,*,#3715,.T.);
#5125=ORIENTED_EDGE('',*,*,#3759,.T.);
#5126=ORIENTED_EDGE('',*,*,#3756,.F.);
#5127=ORIENTED_EDGE('',*,*,#3760,.F.);
#5128=ORIENTED_EDGE('',*,*,#3734,.T.);
#5129=ORIENTED_EDGE('',*,*,#3761,.T.);
#5130=ORIENTED_EDGE('',*,*,#3762,.F.);
#5131=ORIENTED_EDGE('',*,*,#3763,.F.);
#5132=ORIENTED_EDGE('',*,*,#3764,.T.);
#5133=ORIENTED_EDGE('',*,*,#3765,.T.);
#5134=ORIENTED_EDGE('',*,*,#3717,.F.);
#5135=ORIENTED_EDGE('',*,*,#3766,.F.);
#5136=ORIENTED_EDGE('',*,*,#3767,.T.);
#5137=ORIENTED_EDGE('',*,*,#3768,.T.);
#5138=ORIENTED_EDGE('',*,*,#3764,.F.);
#5139=ORIENTED_EDGE('',*,*,#3769,.F.);
#5140=ORIENTED_EDGE('',*,*,#3770,.T.);
#5141=ORIENTED_EDGE('',*,*,#3771,.T.);
#5142=ORIENTED_EDGE('',*,*,#3767,.F.);
#5143=ORIENTED_EDGE('',*,*,#3772,.F.);
#5144=ORIENTED_EDGE('',*,*,#3773,.T.);
#5145=ORIENTED_EDGE('',*,*,#3774,.T.);
#5146=ORIENTED_EDGE('',*,*,#3770,.F.);
#5147=ORIENTED_EDGE('',*,*,#3775,.F.);
#5148=ORIENTED_EDGE('',*,*,#3776,.T.);
#5149=ORIENTED_EDGE('',*,*,#3777,.T.);
#5150=ORIENTED_EDGE('',*,*,#3773,.F.);
#5151=ORIENTED_EDGE('',*,*,#3778,.F.);
#5152=ORIENTED_EDGE('',*,*,#3779,.T.);
#5153=ORIENTED_EDGE('',*,*,#3780,.T.);
#5154=ORIENTED_EDGE('',*,*,#3776,.F.);
#5155=ORIENTED_EDGE('',*,*,#3781,.F.);
#5156=ORIENTED_EDGE('',*,*,#3762,.T.);
#5157=ORIENTED_EDGE('',*,*,#3782,.T.);
#5158=ORIENTED_EDGE('',*,*,#3779,.F.);
#5159=ORIENTED_EDGE('',*,*,#3782,.F.);
#5160=ORIENTED_EDGE('',*,*,#3761,.F.);
#5161=ORIENTED_EDGE('',*,*,#3733,.F.);
#5162=ORIENTED_EDGE('',*,*,#3730,.F.);
#5163=ORIENTED_EDGE('',*,*,#3727,.F.);
#5164=ORIENTED_EDGE('',*,*,#3724,.F.);
#5165=ORIENTED_EDGE('',*,*,#3721,.F.);
#5166=ORIENTED_EDGE('',*,*,#3718,.F.);
#5167=ORIENTED_EDGE('',*,*,#3765,.F.);
#5168=ORIENTED_EDGE('',*,*,#3768,.F.);
#5169=ORIENTED_EDGE('',*,*,#3771,.F.);
#5170=ORIENTED_EDGE('',*,*,#3774,.F.);
#5171=ORIENTED_EDGE('',*,*,#3777,.F.);
#5172=ORIENTED_EDGE('',*,*,#3780,.F.);
#5173=ORIENTED_EDGE('',*,*,#3714,.F.);
#5174=ORIENTED_EDGE('',*,*,#3711,.F.);
#5175=ORIENTED_EDGE('',*,*,#3708,.F.);
#5176=ORIENTED_EDGE('',*,*,#3705,.F.);
#5177=ORIENTED_EDGE('',*,*,#3702,.F.);
#5178=ORIENTED_EDGE('',*,*,#3748,.F.);
#5179=ORIENTED_EDGE('',*,*,#3751,.F.);
#5180=ORIENTED_EDGE('',*,*,#3754,.F.);
#5181=ORIENTED_EDGE('',*,*,#3757,.F.);
#5182=ORIENTED_EDGE('',*,*,#3759,.F.);
#5183=ORIENTED_EDGE('',*,*,#3698,.F.);
#5184=ORIENTED_EDGE('',*,*,#3695,.F.);
#5185=ORIENTED_EDGE('',*,*,#3692,.F.);
#5186=ORIENTED_EDGE('',*,*,#3689,.F.);
#5187=ORIENTED_EDGE('',*,*,#3686,.F.);
#5188=ORIENTED_EDGE('',*,*,#3737,.F.);
#5189=ORIENTED_EDGE('',*,*,#3740,.F.);
#5190=ORIENTED_EDGE('',*,*,#3743,.F.);
#5191=ORIENTED_EDGE('',*,*,#3745,.F.);
#5192=ORIENTED_EDGE('',*,*,#3783,.F.);
#5193=ORIENTED_EDGE('',*,*,#3784,.T.);
#5194=ORIENTED_EDGE('',*,*,#3785,.T.);
#5195=ORIENTED_EDGE('',*,*,#3786,.F.);
#5196=ORIENTED_EDGE('',*,*,#3787,.F.);
#5197=ORIENTED_EDGE('',*,*,#3786,.T.);
#5198=ORIENTED_EDGE('',*,*,#3788,.T.);
#5199=ORIENTED_EDGE('',*,*,#3789,.F.);
#5200=ORIENTED_EDGE('',*,*,#3790,.F.);
#5201=ORIENTED_EDGE('',*,*,#3789,.T.);
#5202=ORIENTED_EDGE('',*,*,#3791,.T.);
#5203=ORIENTED_EDGE('',*,*,#3792,.F.);
#5204=ORIENTED_EDGE('',*,*,#3793,.F.);
#5205=ORIENTED_EDGE('',*,*,#3794,.T.);
#5206=ORIENTED_EDGE('',*,*,#3795,.T.);
#5207=ORIENTED_EDGE('',*,*,#3796,.F.);
#5208=ORIENTED_EDGE('',*,*,#3797,.F.);
#5209=ORIENTED_EDGE('',*,*,#3796,.T.);
#5210=ORIENTED_EDGE('',*,*,#3798,.T.);
#5211=ORIENTED_EDGE('',*,*,#3799,.F.);
#5212=ORIENTED_EDGE('',*,*,#3800,.F.);
#5213=ORIENTED_EDGE('',*,*,#3799,.T.);
#5214=ORIENTED_EDGE('',*,*,#3801,.T.);
#5215=ORIENTED_EDGE('',*,*,#3802,.F.);
#5216=ORIENTED_EDGE('',*,*,#3803,.F.);
#5217=ORIENTED_EDGE('',*,*,#3802,.T.);
#5218=ORIENTED_EDGE('',*,*,#3804,.T.);
#5219=ORIENTED_EDGE('',*,*,#3805,.F.);
#5220=ORIENTED_EDGE('',*,*,#3806,.F.);
#5221=ORIENTED_EDGE('',*,*,#3805,.T.);
#5222=ORIENTED_EDGE('',*,*,#3807,.T.);
#5223=ORIENTED_EDGE('',*,*,#3808,.F.);
#5224=ORIENTED_EDGE('',*,*,#3809,.F.);
#5225=ORIENTED_EDGE('',*,*,#3808,.T.);
#5226=ORIENTED_EDGE('',*,*,#3810,.T.);
#5227=ORIENTED_EDGE('',*,*,#3811,.F.);
#5228=ORIENTED_EDGE('',*,*,#3812,.F.);
#5229=ORIENTED_EDGE('',*,*,#3811,.T.);
#5230=ORIENTED_EDGE('',*,*,#3813,.T.);
#5231=ORIENTED_EDGE('',*,*,#3814,.F.);
#5232=ORIENTED_EDGE('',*,*,#3815,.F.);
#5233=ORIENTED_EDGE('',*,*,#3816,.T.);
#5234=ORIENTED_EDGE('',*,*,#3817,.T.);
#5235=ORIENTED_EDGE('',*,*,#3784,.F.);
#5236=ORIENTED_EDGE('',*,*,#3818,.F.);
#5237=ORIENTED_EDGE('',*,*,#3792,.T.);
#5238=ORIENTED_EDGE('',*,*,#3819,.T.);
#5239=ORIENTED_EDGE('',*,*,#3816,.F.);
#5240=ORIENTED_EDGE('',*,*,#3820,.F.);
#5241=ORIENTED_EDGE('',*,*,#3814,.T.);
#5242=ORIENTED_EDGE('',*,*,#3821,.T.);
#5243=ORIENTED_EDGE('',*,*,#3822,.F.);
#5244=ORIENTED_EDGE('',*,*,#3823,.F.);
#5245=ORIENTED_EDGE('',*,*,#3824,.T.);
#5246=ORIENTED_EDGE('',*,*,#3825,.T.);
#5247=ORIENTED_EDGE('',*,*,#3794,.F.);
#5248=ORIENTED_EDGE('',*,*,#3826,.F.);
#5249=ORIENTED_EDGE('',*,*,#3827,.T.);
#5250=ORIENTED_EDGE('',*,*,#3828,.T.);
#5251=ORIENTED_EDGE('',*,*,#3824,.F.);
#5252=ORIENTED_EDGE('',*,*,#3829,.F.);
#5253=ORIENTED_EDGE('',*,*,#3830,.T.);
#5254=ORIENTED_EDGE('',*,*,#3831,.T.);
#5255=ORIENTED_EDGE('',*,*,#3827,.F.);
#5256=ORIENTED_EDGE('',*,*,#3832,.F.);
#5257=ORIENTED_EDGE('',*,*,#3833,.T.);
#5258=ORIENTED_EDGE('',*,*,#3834,.T.);
#5259=ORIENTED_EDGE('',*,*,#3830,.F.);
#5260=ORIENTED_EDGE('',*,*,#3835,.F.);
#5261=ORIENTED_EDGE('',*,*,#3836,.T.);
#5262=ORIENTED_EDGE('',*,*,#3837,.T.);
#5263=ORIENTED_EDGE('',*,*,#3833,.F.);
#5264=ORIENTED_EDGE('',*,*,#3838,.F.);
#5265=ORIENTED_EDGE('',*,*,#3839,.T.);
#5266=ORIENTED_EDGE('',*,*,#3840,.T.);
#5267=ORIENTED_EDGE('',*,*,#3836,.F.);
#5268=ORIENTED_EDGE('',*,*,#3841,.F.);
#5269=ORIENTED_EDGE('',*,*,#3822,.T.);
#5270=ORIENTED_EDGE('',*,*,#3842,.T.);
#5271=ORIENTED_EDGE('',*,*,#3839,.F.);
#5272=ORIENTED_EDGE('',*,*,#3842,.F.);
#5273=ORIENTED_EDGE('',*,*,#3821,.F.);
#5274=ORIENTED_EDGE('',*,*,#3813,.F.);
#5275=ORIENTED_EDGE('',*,*,#3810,.F.);
#5276=ORIENTED_EDGE('',*,*,#3807,.F.);
#5277=ORIENTED_EDGE('',*,*,#3804,.F.);
#5278=ORIENTED_EDGE('',*,*,#3801,.F.);
#5279=ORIENTED_EDGE('',*,*,#3798,.F.);
#5280=ORIENTED_EDGE('',*,*,#3795,.F.);
#5281=ORIENTED_EDGE('',*,*,#3825,.F.);
#5282=ORIENTED_EDGE('',*,*,#3828,.F.);
#5283=ORIENTED_EDGE('',*,*,#3831,.F.);
#5284=ORIENTED_EDGE('',*,*,#3834,.F.);
#5285=ORIENTED_EDGE('',*,*,#3837,.F.);
#5286=ORIENTED_EDGE('',*,*,#3840,.F.);
#5287=ORIENTED_EDGE('',*,*,#3791,.F.);
#5288=ORIENTED_EDGE('',*,*,#3788,.F.);
#5289=ORIENTED_EDGE('',*,*,#3785,.F.);
#5290=ORIENTED_EDGE('',*,*,#3817,.F.);
#5291=ORIENTED_EDGE('',*,*,#3819,.F.);
#5292=ORIENTED_EDGE('',*,*,#3843,.F.);
#5293=ORIENTED_EDGE('',*,*,#3844,.T.);
#5294=ORIENTED_EDGE('',*,*,#3845,.T.);
#5295=ORIENTED_EDGE('',*,*,#3846,.F.);
#5296=ORIENTED_EDGE('',*,*,#3847,.F.);
#5297=ORIENTED_EDGE('',*,*,#3846,.T.);
#5298=ORIENTED_EDGE('',*,*,#3848,.T.);
#5299=ORIENTED_EDGE('',*,*,#3849,.F.);
#5300=ORIENTED_EDGE('',*,*,#3850,.F.);
#5301=ORIENTED_EDGE('',*,*,#3849,.T.);
#5302=ORIENTED_EDGE('',*,*,#3851,.T.);
#5303=ORIENTED_EDGE('',*,*,#3852,.F.);
#5304=ORIENTED_EDGE('',*,*,#3853,.F.);
#5305=ORIENTED_EDGE('',*,*,#3852,.T.);
#5306=ORIENTED_EDGE('',*,*,#3854,.T.);
#5307=ORIENTED_EDGE('',*,*,#3855,.F.);
#5308=ORIENTED_EDGE('',*,*,#3856,.F.);
#5309=ORIENTED_EDGE('',*,*,#3855,.T.);
#5310=ORIENTED_EDGE('',*,*,#3857,.T.);
#5311=ORIENTED_EDGE('',*,*,#3858,.F.);
#5312=ORIENTED_EDGE('',*,*,#3859,.F.);
#5313=ORIENTED_EDGE('',*,*,#3860,.T.);
#5314=ORIENTED_EDGE('',*,*,#3861,.T.);
#5315=ORIENTED_EDGE('',*,*,#3862,.F.);
#5316=ORIENTED_EDGE('',*,*,#3863,.F.);
#5317=ORIENTED_EDGE('',*,*,#3862,.T.);
#5318=ORIENTED_EDGE('',*,*,#3864,.T.);
#5319=ORIENTED_EDGE('',*,*,#3865,.F.);
#5320=ORIENTED_EDGE('',*,*,#3866,.F.);
#5321=ORIENTED_EDGE('',*,*,#3865,.T.);
#5322=ORIENTED_EDGE('',*,*,#3867,.T.);
#5323=ORIENTED_EDGE('',*,*,#3868,.F.);
#5324=ORIENTED_EDGE('',*,*,#3869,.F.);
#5325=ORIENTED_EDGE('',*,*,#3868,.T.);
#5326=ORIENTED_EDGE('',*,*,#3870,.T.);
#5327=ORIENTED_EDGE('',*,*,#3871,.F.);
#5328=ORIENTED_EDGE('',*,*,#3872,.F.);
#5329=ORIENTED_EDGE('',*,*,#3871,.T.);
#5330=ORIENTED_EDGE('',*,*,#3873,.T.);
#5331=ORIENTED_EDGE('',*,*,#3874,.F.);
#5332=ORIENTED_EDGE('',*,*,#3875,.F.);
#5333=ORIENTED_EDGE('',*,*,#3874,.T.);
#5334=ORIENTED_EDGE('',*,*,#3876,.T.);
#5335=ORIENTED_EDGE('',*,*,#3877,.F.);
#5336=ORIENTED_EDGE('',*,*,#3878,.F.);
#5337=ORIENTED_EDGE('',*,*,#3877,.T.);
#5338=ORIENTED_EDGE('',*,*,#3879,.T.);
#5339=ORIENTED_EDGE('',*,*,#3880,.F.);
#5340=ORIENTED_EDGE('',*,*,#3881,.F.);
#5341=ORIENTED_EDGE('',*,*,#3880,.T.);
#5342=ORIENTED_EDGE('',*,*,#3882,.T.);
#5343=ORIENTED_EDGE('',*,*,#3883,.F.);
#5344=ORIENTED_EDGE('',*,*,#3884,.F.);
#5345=ORIENTED_EDGE('',*,*,#3883,.T.);
#5346=ORIENTED_EDGE('',*,*,#3885,.T.);
#5347=ORIENTED_EDGE('',*,*,#3886,.F.);
#5348=ORIENTED_EDGE('',*,*,#3887,.F.);
#5349=ORIENTED_EDGE('',*,*,#3886,.T.);
#5350=ORIENTED_EDGE('',*,*,#3888,.T.);
#5351=ORIENTED_EDGE('',*,*,#3889,.F.);
#5352=ORIENTED_EDGE('',*,*,#3890,.F.);
#5353=ORIENTED_EDGE('',*,*,#3889,.T.);
#5354=ORIENTED_EDGE('',*,*,#3891,.T.);
#5355=ORIENTED_EDGE('',*,*,#3892,.F.);
#5356=ORIENTED_EDGE('',*,*,#3893,.F.);
#5357=ORIENTED_EDGE('',*,*,#3892,.T.);
#5358=ORIENTED_EDGE('',*,*,#3894,.T.);
#5359=ORIENTED_EDGE('',*,*,#3895,.F.);
#5360=ORIENTED_EDGE('',*,*,#3896,.F.);
#5361=ORIENTED_EDGE('',*,*,#3895,.T.);
#5362=ORIENTED_EDGE('',*,*,#3897,.T.);
#5363=ORIENTED_EDGE('',*,*,#3898,.F.);
#5364=ORIENTED_EDGE('',*,*,#3899,.F.);
#5365=ORIENTED_EDGE('',*,*,#3900,.T.);
#5366=ORIENTED_EDGE('',*,*,#3901,.T.);
#5367=ORIENTED_EDGE('',*,*,#3844,.F.);
#5368=ORIENTED_EDGE('',*,*,#3902,.F.);
#5369=ORIENTED_EDGE('',*,*,#3903,.T.);
#5370=ORIENTED_EDGE('',*,*,#3904,.T.);
#5371=ORIENTED_EDGE('',*,*,#3900,.F.);
#5372=ORIENTED_EDGE('',*,*,#3905,.F.);
#5373=ORIENTED_EDGE('',*,*,#3906,.T.);
#5374=ORIENTED_EDGE('',*,*,#3907,.T.);
#5375=ORIENTED_EDGE('',*,*,#3903,.F.);
#5376=ORIENTED_EDGE('',*,*,#3908,.F.);
#5377=ORIENTED_EDGE('',*,*,#3909,.T.);
#5378=ORIENTED_EDGE('',*,*,#3910,.T.);
#5379=ORIENTED_EDGE('',*,*,#3906,.F.);
#5380=ORIENTED_EDGE('',*,*,#3911,.F.);
#5381=ORIENTED_EDGE('',*,*,#3858,.T.);
#5382=ORIENTED_EDGE('',*,*,#3912,.T.);
#5383=ORIENTED_EDGE('',*,*,#3909,.F.);
#5384=ORIENTED_EDGE('',*,*,#3913,.F.);
#5385=ORIENTED_EDGE('',*,*,#3898,.T.);
#5386=ORIENTED_EDGE('',*,*,#3914,.T.);
#5387=ORIENTED_EDGE('',*,*,#3915,.F.);
#5388=ORIENTED_EDGE('',*,*,#3916,.F.);
#5389=ORIENTED_EDGE('',*,*,#3917,.T.);
#5390=ORIENTED_EDGE('',*,*,#3918,.T.);
#5391=ORIENTED_EDGE('',*,*,#3860,.F.);
#5392=ORIENTED_EDGE('',*,*,#3919,.F.);
#5393=ORIENTED_EDGE('',*,*,#3920,.T.);
#5394=ORIENTED_EDGE('',*,*,#3921,.T.);
#5395=ORIENTED_EDGE('',*,*,#3917,.F.);
#5396=ORIENTED_EDGE('',*,*,#3922,.F.);
#5397=ORIENTED_EDGE('',*,*,#3923,.T.);
#5398=ORIENTED_EDGE('',*,*,#3924,.T.);
#5399=ORIENTED_EDGE('',*,*,#3920,.F.);
#5400=ORIENTED_EDGE('',*,*,#3925,.F.);
#5401=ORIENTED_EDGE('',*,*,#3926,.T.);
#5402=ORIENTED_EDGE('',*,*,#3927,.T.);
#5403=ORIENTED_EDGE('',*,*,#3923,.F.);
#5404=ORIENTED_EDGE('',*,*,#3928,.F.);
#5405=ORIENTED_EDGE('',*,*,#3929,.T.);
#5406=ORIENTED_EDGE('',*,*,#3930,.T.);
#5407=ORIENTED_EDGE('',*,*,#3926,.F.);
#5408=ORIENTED_EDGE('',*,*,#3931,.F.);
#5409=ORIENTED_EDGE('',*,*,#3932,.T.);
#5410=ORIENTED_EDGE('',*,*,#3933,.T.);
#5411=ORIENTED_EDGE('',*,*,#3929,.F.);
#5412=ORIENTED_EDGE('',*,*,#3934,.F.);
#5413=ORIENTED_EDGE('',*,*,#3935,.T.);
#5414=ORIENTED_EDGE('',*,*,#3936,.T.);
#5415=ORIENTED_EDGE('',*,*,#3932,.F.);
#5416=ORIENTED_EDGE('',*,*,#3937,.F.);
#5417=ORIENTED_EDGE('',*,*,#3938,.T.);
#5418=ORIENTED_EDGE('',*,*,#3939,.T.);
#5419=ORIENTED_EDGE('',*,*,#3935,.F.);
#5420=ORIENTED_EDGE('',*,*,#3940,.F.);
#5421=ORIENTED_EDGE('',*,*,#3941,.T.);
#5422=ORIENTED_EDGE('',*,*,#3942,.T.);
#5423=ORIENTED_EDGE('',*,*,#3938,.F.);
#5424=ORIENTED_EDGE('',*,*,#3943,.F.);
#5425=ORIENTED_EDGE('',*,*,#3944,.T.);
#5426=ORIENTED_EDGE('',*,*,#3945,.T.);
#5427=ORIENTED_EDGE('',*,*,#3941,.F.);
#5428=ORIENTED_EDGE('',*,*,#3946,.F.);
#5429=ORIENTED_EDGE('',*,*,#3947,.T.);
#5430=ORIENTED_EDGE('',*,*,#3948,.T.);
#5431=ORIENTED_EDGE('',*,*,#3944,.F.);
#5432=ORIENTED_EDGE('',*,*,#3949,.F.);
#5433=ORIENTED_EDGE('',*,*,#3950,.T.);
#5434=ORIENTED_EDGE('',*,*,#3951,.T.);
#5435=ORIENTED_EDGE('',*,*,#3947,.F.);
#5436=ORIENTED_EDGE('',*,*,#3952,.F.);
#5437=ORIENTED_EDGE('',*,*,#3915,.T.);
#5438=ORIENTED_EDGE('',*,*,#3953,.T.);
#5439=ORIENTED_EDGE('',*,*,#3950,.F.);
#5440=ORIENTED_EDGE('',*,*,#3953,.F.);
#5441=ORIENTED_EDGE('',*,*,#3914,.F.);
#5442=ORIENTED_EDGE('',*,*,#3897,.F.);
#5443=ORIENTED_EDGE('',*,*,#3894,.F.);
#5444=ORIENTED_EDGE('',*,*,#3891,.F.);
#5445=ORIENTED_EDGE('',*,*,#3888,.F.);
#5446=ORIENTED_EDGE('',*,*,#3885,.F.);
#5447=ORIENTED_EDGE('',*,*,#3882,.F.);
#5448=ORIENTED_EDGE('',*,*,#3879,.F.);
#5449=ORIENTED_EDGE('',*,*,#3876,.F.);
#5450=ORIENTED_EDGE('',*,*,#3873,.F.);
#5451=ORIENTED_EDGE('',*,*,#3870,.F.);
#5452=ORIENTED_EDGE('',*,*,#3867,.F.);
#5453=ORIENTED_EDGE('',*,*,#3864,.F.);
#5454=ORIENTED_EDGE('',*,*,#3861,.F.);
#5455=ORIENTED_EDGE('',*,*,#3918,.F.);
#5456=ORIENTED_EDGE('',*,*,#3921,.F.);
#5457=ORIENTED_EDGE('',*,*,#3924,.F.);
#5458=ORIENTED_EDGE('',*,*,#3927,.F.);
#5459=ORIENTED_EDGE('',*,*,#3930,.F.);
#5460=ORIENTED_EDGE('',*,*,#3933,.F.);
#5461=ORIENTED_EDGE('',*,*,#3936,.F.);
#5462=ORIENTED_EDGE('',*,*,#3939,.F.);
#5463=ORIENTED_EDGE('',*,*,#3942,.F.);
#5464=ORIENTED_EDGE('',*,*,#3945,.F.);
#5465=ORIENTED_EDGE('',*,*,#3948,.F.);
#5466=ORIENTED_EDGE('',*,*,#3951,.F.);
#5467=ORIENTED_EDGE('',*,*,#3857,.F.);
#5468=ORIENTED_EDGE('',*,*,#3854,.F.);
#5469=ORIENTED_EDGE('',*,*,#3851,.F.);
#5470=ORIENTED_EDGE('',*,*,#3848,.F.);
#5471=ORIENTED_EDGE('',*,*,#3845,.F.);
#5472=ORIENTED_EDGE('',*,*,#3901,.F.);
#5473=ORIENTED_EDGE('',*,*,#3904,.F.);
#5474=ORIENTED_EDGE('',*,*,#3907,.F.);
#5475=ORIENTED_EDGE('',*,*,#3910,.F.);
#5476=ORIENTED_EDGE('',*,*,#3912,.F.);
#5477=ORIENTED_EDGE('',*,*,#3954,.F.);
#5478=ORIENTED_EDGE('',*,*,#3955,.T.);
#5479=ORIENTED_EDGE('',*,*,#3956,.T.);
#5480=ORIENTED_EDGE('',*,*,#3957,.F.);
#5481=ORIENTED_EDGE('',*,*,#3958,.F.);
#5482=ORIENTED_EDGE('',*,*,#3957,.T.);
#5483=ORIENTED_EDGE('',*,*,#3959,.T.);
#5484=ORIENTED_EDGE('',*,*,#3960,.F.);
#5485=ORIENTED_EDGE('',*,*,#3961,.F.);
#5486=ORIENTED_EDGE('',*,*,#3960,.T.);
#5487=ORIENTED_EDGE('',*,*,#3962,.T.);
#5488=ORIENTED_EDGE('',*,*,#3963,.F.);
#5489=ORIENTED_EDGE('',*,*,#3964,.F.);
#5490=ORIENTED_EDGE('',*,*,#3963,.T.);
#5491=ORIENTED_EDGE('',*,*,#3965,.T.);
#5492=ORIENTED_EDGE('',*,*,#3966,.F.);
#5493=ORIENTED_EDGE('',*,*,#3967,.F.);
#5494=ORIENTED_EDGE('',*,*,#3968,.T.);
#5495=ORIENTED_EDGE('',*,*,#3969,.T.);
#5496=ORIENTED_EDGE('',*,*,#3970,.F.);
#5497=ORIENTED_EDGE('',*,*,#3971,.F.);
#5498=ORIENTED_EDGE('',*,*,#3970,.T.);
#5499=ORIENTED_EDGE('',*,*,#3972,.T.);
#5500=ORIENTED_EDGE('',*,*,#3973,.F.);
#5501=ORIENTED_EDGE('',*,*,#3974,.F.);
#5502=ORIENTED_EDGE('',*,*,#3973,.T.);
#5503=ORIENTED_EDGE('',*,*,#3975,.T.);
#5504=ORIENTED_EDGE('',*,*,#3976,.F.);
#5505=ORIENTED_EDGE('',*,*,#3977,.F.);
#5506=ORIENTED_EDGE('',*,*,#3976,.T.);
#5507=ORIENTED_EDGE('',*,*,#3978,.T.);
#5508=ORIENTED_EDGE('',*,*,#3979,.F.);
#5509=ORIENTED_EDGE('',*,*,#3980,.F.);
#5510=ORIENTED_EDGE('',*,*,#3979,.T.);
#5511=ORIENTED_EDGE('',*,*,#3981,.T.);
#5512=ORIENTED_EDGE('',*,*,#3982,.F.);
#5513=ORIENTED_EDGE('',*,*,#3983,.F.);
#5514=ORIENTED_EDGE('',*,*,#3982,.T.);
#5515=ORIENTED_EDGE('',*,*,#3984,.T.);
#5516=ORIENTED_EDGE('',*,*,#3985,.F.);
#5517=ORIENTED_EDGE('',*,*,#3986,.F.);
#5518=ORIENTED_EDGE('',*,*,#3985,.T.);
#5519=ORIENTED_EDGE('',*,*,#3987,.T.);
#5520=ORIENTED_EDGE('',*,*,#3988,.F.);
#5521=ORIENTED_EDGE('',*,*,#3989,.F.);
#5522=ORIENTED_EDGE('',*,*,#3988,.T.);
#5523=ORIENTED_EDGE('',*,*,#3990,.T.);
#5524=ORIENTED_EDGE('',*,*,#3991,.F.);
#5525=ORIENTED_EDGE('',*,*,#3992,.F.);
#5526=ORIENTED_EDGE('',*,*,#3991,.T.);
#5527=ORIENTED_EDGE('',*,*,#3993,.T.);
#5528=ORIENTED_EDGE('',*,*,#3994,.F.);
#5529=ORIENTED_EDGE('',*,*,#3995,.F.);
#5530=ORIENTED_EDGE('',*,*,#3994,.T.);
#5531=ORIENTED_EDGE('',*,*,#3996,.T.);
#5532=ORIENTED_EDGE('',*,*,#3997,.F.);
#5533=ORIENTED_EDGE('',*,*,#3998,.F.);
#5534=ORIENTED_EDGE('',*,*,#3999,.T.);
#5535=ORIENTED_EDGE('',*,*,#4000,.T.);
#5536=ORIENTED_EDGE('',*,*,#3955,.F.);
#5537=ORIENTED_EDGE('',*,*,#4001,.F.);
#5538=ORIENTED_EDGE('',*,*,#4002,.T.);
#5539=ORIENTED_EDGE('',*,*,#4003,.T.);
#5540=ORIENTED_EDGE('',*,*,#3999,.F.);
#5541=ORIENTED_EDGE('',*,*,#4004,.F.);
#5542=ORIENTED_EDGE('',*,*,#4005,.T.);
#5543=ORIENTED_EDGE('',*,*,#4006,.T.);
#5544=ORIENTED_EDGE('',*,*,#4002,.F.);
#5545=ORIENTED_EDGE('',*,*,#4007,.F.);
#5546=ORIENTED_EDGE('',*,*,#3966,.T.);
#5547=ORIENTED_EDGE('',*,*,#4008,.T.);
#5548=ORIENTED_EDGE('',*,*,#4005,.F.);
#5549=ORIENTED_EDGE('',*,*,#4009,.F.);
#5550=ORIENTED_EDGE('',*,*,#4010,.T.);
#5551=ORIENTED_EDGE('',*,*,#4011,.T.);
#5552=ORIENTED_EDGE('',*,*,#3968,.F.);
#5553=ORIENTED_EDGE('',*,*,#4012,.F.);
#5554=ORIENTED_EDGE('',*,*,#4013,.T.);
#5555=ORIENTED_EDGE('',*,*,#4014,.T.);
#5556=ORIENTED_EDGE('',*,*,#4010,.F.);
#5557=ORIENTED_EDGE('',*,*,#4015,.F.);
#5558=ORIENTED_EDGE('',*,*,#4016,.T.);
#5559=ORIENTED_EDGE('',*,*,#4017,.T.);
#5560=ORIENTED_EDGE('',*,*,#4013,.F.);
#5561=ORIENTED_EDGE('',*,*,#4018,.F.);
#5562=ORIENTED_EDGE('',*,*,#4019,.T.);
#5563=ORIENTED_EDGE('',*,*,#4020,.T.);
#5564=ORIENTED_EDGE('',*,*,#4016,.F.);
#5565=ORIENTED_EDGE('',*,*,#4021,.F.);
#5566=ORIENTED_EDGE('',*,*,#4022,.T.);
#5567=ORIENTED_EDGE('',*,*,#4023,.T.);
#5568=ORIENTED_EDGE('',*,*,#4019,.F.);
#5569=ORIENTED_EDGE('',*,*,#4024,.F.);
#5570=ORIENTED_EDGE('',*,*,#4025,.T.);
#5571=ORIENTED_EDGE('',*,*,#4026,.T.);
#5572=ORIENTED_EDGE('',*,*,#4022,.F.);
#5573=ORIENTED_EDGE('',*,*,#4027,.F.);
#5574=ORIENTED_EDGE('',*,*,#4028,.T.);
#5575=ORIENTED_EDGE('',*,*,#4029,.T.);
#5576=ORIENTED_EDGE('',*,*,#4025,.F.);
#5577=ORIENTED_EDGE('',*,*,#4030,.F.);
#5578=ORIENTED_EDGE('',*,*,#4031,.T.);
#5579=ORIENTED_EDGE('',*,*,#4032,.T.);
#5580=ORIENTED_EDGE('',*,*,#4028,.F.);
#5581=ORIENTED_EDGE('',*,*,#4033,.F.);
#5582=ORIENTED_EDGE('',*,*,#3997,.T.);
#5583=ORIENTED_EDGE('',*,*,#4034,.T.);
#5584=ORIENTED_EDGE('',*,*,#4031,.F.);
#5585=ORIENTED_EDGE('',*,*,#3996,.F.);
#5586=ORIENTED_EDGE('',*,*,#3993,.F.);
#5587=ORIENTED_EDGE('',*,*,#3990,.F.);
#5588=ORIENTED_EDGE('',*,*,#3987,.F.);
#5589=ORIENTED_EDGE('',*,*,#3984,.F.);
#5590=ORIENTED_EDGE('',*,*,#3981,.F.);
#5591=ORIENTED_EDGE('',*,*,#3978,.F.);
#5592=ORIENTED_EDGE('',*,*,#3975,.F.);
#5593=ORIENTED_EDGE('',*,*,#3972,.F.);
#5594=ORIENTED_EDGE('',*,*,#3969,.F.);
#5595=ORIENTED_EDGE('',*,*,#4011,.F.);
#5596=ORIENTED_EDGE('',*,*,#4014,.F.);
#5597=ORIENTED_EDGE('',*,*,#4017,.F.);
#5598=ORIENTED_EDGE('',*,*,#4020,.F.);
#5599=ORIENTED_EDGE('',*,*,#4023,.F.);
#5600=ORIENTED_EDGE('',*,*,#4026,.F.);
#5601=ORIENTED_EDGE('',*,*,#4029,.F.);
#5602=ORIENTED_EDGE('',*,*,#4032,.F.);
#5603=ORIENTED_EDGE('',*,*,#4034,.F.);
#5604=ORIENTED_EDGE('',*,*,#3965,.F.);
#5605=ORIENTED_EDGE('',*,*,#3962,.F.);
#5606=ORIENTED_EDGE('',*,*,#3959,.F.);
#5607=ORIENTED_EDGE('',*,*,#3956,.F.);
#5608=ORIENTED_EDGE('',*,*,#4000,.F.);
#5609=ORIENTED_EDGE('',*,*,#4003,.F.);
#5610=ORIENTED_EDGE('',*,*,#4006,.F.);
#5611=ORIENTED_EDGE('',*,*,#4008,.F.);
#5612=ORIENTED_EDGE('',*,*,#4035,.F.);
#5613=ORIENTED_EDGE('',*,*,#4036,.F.);
#5614=ORIENTED_EDGE('',*,*,#4037,.F.);
#5615=ORIENTED_EDGE('',*,*,#4038,.F.);
#5616=ORIENTED_EDGE('',*,*,#3949,.T.);
#5617=ORIENTED_EDGE('',*,*,#3946,.T.);
#5618=ORIENTED_EDGE('',*,*,#3943,.T.);
#5619=ORIENTED_EDGE('',*,*,#3940,.T.);
#5620=ORIENTED_EDGE('',*,*,#3937,.T.);
#5621=ORIENTED_EDGE('',*,*,#3934,.T.);
#5622=ORIENTED_EDGE('',*,*,#3931,.T.);
#5623=ORIENTED_EDGE('',*,*,#3928,.T.);
#5624=ORIENTED_EDGE('',*,*,#3925,.T.);
#5625=ORIENTED_EDGE('',*,*,#3922,.T.);
#5626=ORIENTED_EDGE('',*,*,#3919,.T.);
#5627=ORIENTED_EDGE('',*,*,#3916,.T.);
#5628=ORIENTED_EDGE('',*,*,#3859,.T.);
#5629=ORIENTED_EDGE('',*,*,#3863,.T.);
#5630=ORIENTED_EDGE('',*,*,#3866,.T.);
#5631=ORIENTED_EDGE('',*,*,#3869,.T.);
#5632=ORIENTED_EDGE('',*,*,#3872,.T.);
#5633=ORIENTED_EDGE('',*,*,#3875,.T.);
#5634=ORIENTED_EDGE('',*,*,#3878,.T.);
#5635=ORIENTED_EDGE('',*,*,#3881,.T.);
#5636=ORIENTED_EDGE('',*,*,#3884,.T.);
#5637=ORIENTED_EDGE('',*,*,#3887,.T.);
#5638=ORIENTED_EDGE('',*,*,#3890,.T.);
#5639=ORIENTED_EDGE('',*,*,#3893,.T.);
#5640=ORIENTED_EDGE('',*,*,#3896,.T.);
#5641=ORIENTED_EDGE('',*,*,#3913,.T.);
#5642=ORIENTED_EDGE('',*,*,#3952,.T.);
#5643=ORIENTED_EDGE('',*,*,#3463,.T.);
#5644=ORIENTED_EDGE('',*,*,#3460,.T.);
#5645=ORIENTED_EDGE('',*,*,#3457,.T.);
#5646=ORIENTED_EDGE('',*,*,#3430,.T.);
#5647=ORIENTED_EDGE('',*,*,#3434,.T.);
#5648=ORIENTED_EDGE('',*,*,#3437,.T.);
#5649=ORIENTED_EDGE('',*,*,#3440,.T.);
#5650=ORIENTED_EDGE('',*,*,#3454,.T.);
#5651=ORIENTED_EDGE('',*,*,#3466,.T.);
#5652=ORIENTED_EDGE('',*,*,#3502,.T.);
#5653=ORIENTED_EDGE('',*,*,#3499,.T.);
#5654=ORIENTED_EDGE('',*,*,#3496,.T.);
#5655=ORIENTED_EDGE('',*,*,#3493,.T.);
#5656=ORIENTED_EDGE('',*,*,#3490,.T.);
#5657=ORIENTED_EDGE('',*,*,#3468,.T.);
#5658=ORIENTED_EDGE('',*,*,#3472,.T.);
#5659=ORIENTED_EDGE('',*,*,#3475,.T.);
#5660=ORIENTED_EDGE('',*,*,#3478,.T.);
#5661=ORIENTED_EDGE('',*,*,#3481,.T.);
#5662=ORIENTED_EDGE('',*,*,#3484,.T.);
#5663=ORIENTED_EDGE('',*,*,#3487,.T.);
#5664=ORIENTED_EDGE('',*,*,#3505,.T.);
#5665=ORIENTED_EDGE('',*,*,#3568,.T.);
#5666=ORIENTED_EDGE('',*,*,#3565,.T.);
#5667=ORIENTED_EDGE('',*,*,#3562,.T.);
#5668=ORIENTED_EDGE('',*,*,#3559,.T.);
#5669=ORIENTED_EDGE('',*,*,#3556,.T.);
#5670=ORIENTED_EDGE('',*,*,#3553,.T.);
#5671=ORIENTED_EDGE('',*,*,#3520,.T.);
#5672=ORIENTED_EDGE('',*,*,#3524,.T.);
#5673=ORIENTED_EDGE('',*,*,#3527,.T.);
#5674=ORIENTED_EDGE('',*,*,#3530,.T.);
#5675=ORIENTED_EDGE('',*,*,#3533,.T.);
#5676=ORIENTED_EDGE('',*,*,#3536,.T.);
#5677=ORIENTED_EDGE('',*,*,#3550,.T.);
#5678=ORIENTED_EDGE('',*,*,#3571,.T.);
#5679=ORIENTED_EDGE('',*,*,#3304,.T.);
#5680=ORIENTED_EDGE('',*,*,#3301,.T.);
#5681=ORIENTED_EDGE('',*,*,#3298,.T.);
#5682=ORIENTED_EDGE('',*,*,#3295,.T.);
#5683=ORIENTED_EDGE('',*,*,#3292,.T.);
#5684=ORIENTED_EDGE('',*,*,#3289,.T.);
#5685=ORIENTED_EDGE('',*,*,#3259,.T.);
#5686=ORIENTED_EDGE('',*,*,#3263,.T.);
#5687=ORIENTED_EDGE('',*,*,#3266,.T.);
#5688=ORIENTED_EDGE('',*,*,#3269,.T.);
#5689=ORIENTED_EDGE('',*,*,#3272,.T.);
#5690=ORIENTED_EDGE('',*,*,#3275,.T.);
#5691=ORIENTED_EDGE('',*,*,#3278,.T.);
#5692=ORIENTED_EDGE('',*,*,#3286,.T.);
#5693=ORIENTED_EDGE('',*,*,#3307,.T.);
#5694=ORIENTED_EDGE('',*,*,#3373,.T.);
#5695=ORIENTED_EDGE('',*,*,#3370,.T.);
#5696=ORIENTED_EDGE('',*,*,#3367,.T.);
#5697=ORIENTED_EDGE('',*,*,#3364,.T.);
#5698=ORIENTED_EDGE('',*,*,#3361,.T.);
#5699=ORIENTED_EDGE('',*,*,#3358,.T.);
#5700=ORIENTED_EDGE('',*,*,#3322,.T.);
#5701=ORIENTED_EDGE('',*,*,#3326,.T.);
#5702=ORIENTED_EDGE('',*,*,#3329,.T.);
#5703=ORIENTED_EDGE('',*,*,#3332,.T.);
#5704=ORIENTED_EDGE('',*,*,#3335,.T.);
#5705=ORIENTED_EDGE('',*,*,#3338,.T.);
#5706=ORIENTED_EDGE('',*,*,#3341,.T.);
#5707=ORIENTED_EDGE('',*,*,#3355,.T.);
#5708=ORIENTED_EDGE('',*,*,#3376,.T.);
#5709=ORIENTED_EDGE('',*,*,#3778,.T.);
#5710=ORIENTED_EDGE('',*,*,#3775,.T.);
#5711=ORIENTED_EDGE('',*,*,#3772,.T.);
#5712=ORIENTED_EDGE('',*,*,#3769,.T.);
#5713=ORIENTED_EDGE('',*,*,#3766,.T.);
#5714=ORIENTED_EDGE('',*,*,#3763,.T.);
#5715=ORIENTED_EDGE('',*,*,#3716,.T.);
#5716=ORIENTED_EDGE('',*,*,#3720,.T.);
#5717=ORIENTED_EDGE('',*,*,#3723,.T.);
#5718=ORIENTED_EDGE('',*,*,#3726,.T.);
#5719=ORIENTED_EDGE('',*,*,#3729,.T.);
#5720=ORIENTED_EDGE('',*,*,#3732,.T.);
#5721=ORIENTED_EDGE('',*,*,#3760,.T.);
#5722=ORIENTED_EDGE('',*,*,#3781,.T.);
#5723=ORIENTED_EDGE('',*,*,#3679,.T.);
#5724=ORIENTED_EDGE('',*,*,#3676,.T.);
#5725=ORIENTED_EDGE('',*,*,#3673,.T.);
#5726=ORIENTED_EDGE('',*,*,#3670,.T.);
#5727=ORIENTED_EDGE('',*,*,#3667,.T.);
#5728=ORIENTED_EDGE('',*,*,#3664,.T.);
#5729=ORIENTED_EDGE('',*,*,#3661,.T.);
#5730=ORIENTED_EDGE('',*,*,#3658,.T.);
#5731=ORIENTED_EDGE('',*,*,#3655,.T.);
#5732=ORIENTED_EDGE('',*,*,#3652,.T.);
#5733=ORIENTED_EDGE('',*,*,#3649,.T.);
#5734=ORIENTED_EDGE('',*,*,#3646,.T.);
#5735=ORIENTED_EDGE('',*,*,#3589,.T.);
#5736=ORIENTED_EDGE('',*,*,#3593,.T.);
#5737=ORIENTED_EDGE('',*,*,#3596,.T.);
#5738=ORIENTED_EDGE('',*,*,#3599,.T.);
#5739=ORIENTED_EDGE('',*,*,#3602,.T.);
#5740=ORIENTED_EDGE('',*,*,#3605,.T.);
#5741=ORIENTED_EDGE('',*,*,#3608,.T.);
#5742=ORIENTED_EDGE('',*,*,#3611,.T.);
#5743=ORIENTED_EDGE('',*,*,#3614,.T.);
#5744=ORIENTED_EDGE('',*,*,#3617,.T.);
#5745=ORIENTED_EDGE('',*,*,#3620,.T.);
#5746=ORIENTED_EDGE('',*,*,#3623,.T.);
#5747=ORIENTED_EDGE('',*,*,#3626,.T.);
#5748=ORIENTED_EDGE('',*,*,#3643,.T.);
#5749=ORIENTED_EDGE('',*,*,#3682,.T.);
#5750=ORIENTED_EDGE('',*,*,#3412,.T.);
#5751=ORIENTED_EDGE('',*,*,#3409,.T.);
#5752=ORIENTED_EDGE('',*,*,#3406,.T.);
#5753=ORIENTED_EDGE('',*,*,#3403,.T.);
#5754=ORIENTED_EDGE('',*,*,#3400,.T.);
#5755=ORIENTED_EDGE('',*,*,#3378,.T.);
#5756=ORIENTED_EDGE('',*,*,#3382,.T.);
#5757=ORIENTED_EDGE('',*,*,#3385,.T.);
#5758=ORIENTED_EDGE('',*,*,#3388,.T.);
#5759=ORIENTED_EDGE('',*,*,#3391,.T.);
#5760=ORIENTED_EDGE('',*,*,#3394,.T.);
#5761=ORIENTED_EDGE('',*,*,#3397,.T.);
#5762=ORIENTED_EDGE('',*,*,#3415,.T.);
#5763=ORIENTED_EDGE('',*,*,#3838,.T.);
#5764=ORIENTED_EDGE('',*,*,#3835,.T.);
#5765=ORIENTED_EDGE('',*,*,#3832,.T.);
#5766=ORIENTED_EDGE('',*,*,#3829,.T.);
#5767=ORIENTED_EDGE('',*,*,#3826,.T.);
#5768=ORIENTED_EDGE('',*,*,#3823,.T.);
#5769=ORIENTED_EDGE('',*,*,#3793,.T.);
#5770=ORIENTED_EDGE('',*,*,#3797,.T.);
#5771=ORIENTED_EDGE('',*,*,#3800,.T.);
#5772=ORIENTED_EDGE('',*,*,#3803,.T.);
#5773=ORIENTED_EDGE('',*,*,#3806,.T.);
#5774=ORIENTED_EDGE('',*,*,#3809,.T.);
#5775=ORIENTED_EDGE('',*,*,#3812,.T.);
#5776=ORIENTED_EDGE('',*,*,#3820,.T.);
#5777=ORIENTED_EDGE('',*,*,#3841,.T.);
#5778=ORIENTED_EDGE('',*,*,#4033,.T.);
#5779=ORIENTED_EDGE('',*,*,#4030,.T.);
#5780=ORIENTED_EDGE('',*,*,#4027,.T.);
#5781=ORIENTED_EDGE('',*,*,#4024,.T.);
#5782=ORIENTED_EDGE('',*,*,#4021,.T.);
#5783=ORIENTED_EDGE('',*,*,#4018,.T.);
#5784=ORIENTED_EDGE('',*,*,#4015,.T.);
#5785=ORIENTED_EDGE('',*,*,#4012,.T.);
#5786=ORIENTED_EDGE('',*,*,#4009,.T.);
#5787=ORIENTED_EDGE('',*,*,#3967,.T.);
#5788=ORIENTED_EDGE('',*,*,#3971,.T.);
#5789=ORIENTED_EDGE('',*,*,#3974,.T.);
#5790=ORIENTED_EDGE('',*,*,#3977,.T.);
#5791=ORIENTED_EDGE('',*,*,#3980,.T.);
#5792=ORIENTED_EDGE('',*,*,#3983,.T.);
#5793=ORIENTED_EDGE('',*,*,#3986,.T.);
#5794=ORIENTED_EDGE('',*,*,#3989,.T.);
#5795=ORIENTED_EDGE('',*,*,#3992,.T.);
#5796=ORIENTED_EDGE('',*,*,#3995,.T.);
#5797=ORIENTED_EDGE('',*,*,#4007,.T.);
#5798=ORIENTED_EDGE('',*,*,#4004,.T.);
#5799=ORIENTED_EDGE('',*,*,#4001,.T.);
#5800=ORIENTED_EDGE('',*,*,#3998,.T.);
#5801=ORIENTED_EDGE('',*,*,#3954,.T.);
#5802=ORIENTED_EDGE('',*,*,#3958,.T.);
#5803=ORIENTED_EDGE('',*,*,#3961,.T.);
#5804=ORIENTED_EDGE('',*,*,#3964,.T.);
#5805=ORIENTED_EDGE('',*,*,#3911,.T.);
#5806=ORIENTED_EDGE('',*,*,#3908,.T.);
#5807=ORIENTED_EDGE('',*,*,#3905,.T.);
#5808=ORIENTED_EDGE('',*,*,#3902,.T.);
#5809=ORIENTED_EDGE('',*,*,#3899,.T.);
#5810=ORIENTED_EDGE('',*,*,#3843,.T.);
#5811=ORIENTED_EDGE('',*,*,#3847,.T.);
#5812=ORIENTED_EDGE('',*,*,#3850,.T.);
#5813=ORIENTED_EDGE('',*,*,#3853,.T.);
#5814=ORIENTED_EDGE('',*,*,#3856,.T.);
#5815=ORIENTED_EDGE('',*,*,#3818,.T.);
#5816=ORIENTED_EDGE('',*,*,#3815,.T.);
#5817=ORIENTED_EDGE('',*,*,#3783,.T.);
#5818=ORIENTED_EDGE('',*,*,#3787,.T.);
#5819=ORIENTED_EDGE('',*,*,#3790,.T.);
#5820=ORIENTED_EDGE('',*,*,#3452,.T.);
#5821=ORIENTED_EDGE('',*,*,#3449,.T.);
#5822=ORIENTED_EDGE('',*,*,#3446,.T.);
#5823=ORIENTED_EDGE('',*,*,#3443,.T.);
#5824=ORIENTED_EDGE('',*,*,#3417,.T.);
#5825=ORIENTED_EDGE('',*,*,#3421,.T.);
#5826=ORIENTED_EDGE('',*,*,#3424,.T.);
#5827=ORIENTED_EDGE('',*,*,#3427,.T.);
#5828=ORIENTED_EDGE('',*,*,#3641,.T.);
#5829=ORIENTED_EDGE('',*,*,#3638,.T.);
#5830=ORIENTED_EDGE('',*,*,#3635,.T.);
#5831=ORIENTED_EDGE('',*,*,#3632,.T.);
#5832=ORIENTED_EDGE('',*,*,#3629,.T.);
#5833=ORIENTED_EDGE('',*,*,#3573,.T.);
#5834=ORIENTED_EDGE('',*,*,#3577,.T.);
#5835=ORIENTED_EDGE('',*,*,#3580,.T.);
#5836=ORIENTED_EDGE('',*,*,#3583,.T.);
#5837=ORIENTED_EDGE('',*,*,#3586,.T.);
#5838=ORIENTED_EDGE('',*,*,#3758,.T.);
#5839=ORIENTED_EDGE('',*,*,#3755,.T.);
#5840=ORIENTED_EDGE('',*,*,#3752,.T.);
#5841=ORIENTED_EDGE('',*,*,#3749,.T.);
#5842=ORIENTED_EDGE('',*,*,#3746,.T.);
#5843=ORIENTED_EDGE('',*,*,#3700,.T.);
#5844=ORIENTED_EDGE('',*,*,#3704,.T.);
#5845=ORIENTED_EDGE('',*,*,#3707,.T.);
#5846=ORIENTED_EDGE('',*,*,#3710,.T.);
#5847=ORIENTED_EDGE('',*,*,#3713,.T.);
#5848=ORIENTED_EDGE('',*,*,#3744,.T.);
#5849=ORIENTED_EDGE('',*,*,#3741,.T.);
#5850=ORIENTED_EDGE('',*,*,#3738,.T.);
#5851=ORIENTED_EDGE('',*,*,#3735,.T.);
#5852=ORIENTED_EDGE('',*,*,#3684,.T.);
#5853=ORIENTED_EDGE('',*,*,#3688,.T.);
#5854=ORIENTED_EDGE('',*,*,#3691,.T.);
#5855=ORIENTED_EDGE('',*,*,#3694,.T.);
#5856=ORIENTED_EDGE('',*,*,#3697,.T.);
#5857=ORIENTED_EDGE('',*,*,#3548,.T.);
#5858=ORIENTED_EDGE('',*,*,#3545,.T.);
#5859=ORIENTED_EDGE('',*,*,#3542,.T.);
#5860=ORIENTED_EDGE('',*,*,#3539,.T.);
#5861=ORIENTED_EDGE('',*,*,#3507,.T.);
#5862=ORIENTED_EDGE('',*,*,#3511,.T.);
#5863=ORIENTED_EDGE('',*,*,#3514,.T.);
#5864=ORIENTED_EDGE('',*,*,#3517,.T.);
#5865=ORIENTED_EDGE('',*,*,#3353,.T.);
#5866=ORIENTED_EDGE('',*,*,#3350,.T.);
#5867=ORIENTED_EDGE('',*,*,#3347,.T.);
#5868=ORIENTED_EDGE('',*,*,#3344,.T.);
#5869=ORIENTED_EDGE('',*,*,#3309,.T.);
#5870=ORIENTED_EDGE('',*,*,#3313,.T.);
#5871=ORIENTED_EDGE('',*,*,#3316,.T.);
#5872=ORIENTED_EDGE('',*,*,#3319,.T.);
#5873=ORIENTED_EDGE('',*,*,#3284,.T.);
#5874=ORIENTED_EDGE('',*,*,#3281,.T.);
#5875=ORIENTED_EDGE('',*,*,#3249,.T.);
#5876=ORIENTED_EDGE('',*,*,#3253,.T.);
#5877=ORIENTED_EDGE('',*,*,#3256,.T.);
#5878=ORIENTED_EDGE('',*,*,#4037,.T.);
#5879=ORIENTED_EDGE('',*,*,#4039,.T.);
#5880=ORIENTED_EDGE('',*,*,#3201,.F.);
#5881=ORIENTED_EDGE('',*,*,#4040,.F.);
#5882=ORIENTED_EDGE('',*,*,#3229,.T.);
#5883=ORIENTED_EDGE('',*,*,#3202,.F.);
#5884=ORIENTED_EDGE('',*,*,#4039,.F.);
#5885=ORIENTED_EDGE('',*,*,#4036,.T.);
#5886=ORIENTED_EDGE('',*,*,#4041,.T.);
#5887=ORIENTED_EDGE('',*,*,#3198,.F.);
#5888=ORIENTED_EDGE('',*,*,#3235,.T.);
#5889=ORIENTED_EDGE('',*,*,#3236,.T.);
#5890=ORIENTED_EDGE('',*,*,#3246,.T.);
#5891=ORIENTED_EDGE('',*,*,#4042,.T.);
#5892=ORIENTED_EDGE('',*,*,#4043,.T.);
#5893=ORIENTED_EDGE('',*,*,#4042,.F.);
#5894=ORIENTED_EDGE('',*,*,#3175,.F.);
#5895=ORIENTED_EDGE('',*,*,#3162,.T.);
#5896=ORIENTED_EDGE('',*,*,#4044,.T.);
#5897=ORIENTED_EDGE('',*,*,#4045,.T.);
#5898=ORIENTED_EDGE('',*,*,#4044,.F.);
#5899=ORIENTED_EDGE('',*,*,#3161,.T.);
#5900=ORIENTED_EDGE('',*,*,#3248,.T.);
#5901=ORIENTED_EDGE('',*,*,#4046,.T.);
#5902=ORIENTED_EDGE('',*,*,#4047,.T.);
#5903=ORIENTED_EDGE('',*,*,#4046,.F.);
#5904=ORIENTED_EDGE('',*,*,#3247,.T.);
#5905=ORIENTED_EDGE('',*,*,#4038,.T.);
#5906=ORIENTED_EDGE('',*,*,#4040,.T.);
#5907=ORIENTED_EDGE('',*,*,#3200,.F.);
#5908=ORIENTED_EDGE('',*,*,#4048,.F.);
#5909=ORIENTED_EDGE('',*,*,#4035,.T.);
#5910=ORIENTED_EDGE('',*,*,#4048,.T.);
#5911=ORIENTED_EDGE('',*,*,#3199,.F.);
#5912=ORIENTED_EDGE('',*,*,#4041,.F.);
#5913=ORIENTED_EDGE('',*,*,#4049,.T.);
#5914=ORIENTED_EDGE('',*,*,#4050,.T.);
#5915=ORIENTED_EDGE('',*,*,#3209,.F.);
#5916=ORIENTED_EDGE('',*,*,#4050,.F.);
#5917=ORIENTED_EDGE('',*,*,#4047,.F.);
#5918=ORIENTED_EDGE('',*,*,#4049,.F.);
#5919=ORIENTED_EDGE('',*,*,#4051,.T.);
#5920=ORIENTED_EDGE('',*,*,#4052,.T.);
#5921=ORIENTED_EDGE('',*,*,#3210,.F.);
#5922=ORIENTED_EDGE('',*,*,#4052,.F.);
#5923=ORIENTED_EDGE('',*,*,#4045,.F.);
#5924=ORIENTED_EDGE('',*,*,#4051,.F.);
#5925=ORIENTED_EDGE('',*,*,#4053,.T.);
#5926=ORIENTED_EDGE('',*,*,#4054,.T.);
#5927=ORIENTED_EDGE('',*,*,#3208,.F.);
#5928=ORIENTED_EDGE('',*,*,#4054,.F.);
#5929=ORIENTED_EDGE('',*,*,#3243,.F.);
#5930=ORIENTED_EDGE('',*,*,#4053,.F.);
#5931=ORIENTED_EDGE('',*,*,#4055,.T.);
#5932=ORIENTED_EDGE('',*,*,#4056,.T.);
#5933=ORIENTED_EDGE('',*,*,#3211,.F.);
#5934=ORIENTED_EDGE('',*,*,#4056,.F.);
#5935=ORIENTED_EDGE('',*,*,#4043,.F.);
#5936=ORIENTED_EDGE('',*,*,#4055,.F.);
#5937=ORIENTED_EDGE('',*,*,#4057,.T.);
#5938=ORIENTED_EDGE('',*,*,#4058,.T.);
#5939=ORIENTED_EDGE('',*,*,#3207,.F.);
#5940=ORIENTED_EDGE('',*,*,#4058,.F.);
#5941=ORIENTED_EDGE('',*,*,#3240,.F.);
#5942=ORIENTED_EDGE('',*,*,#4057,.F.);
#5943=ORIENTED_EDGE('',*,*,#4059,.T.);
#5944=ORIENTED_EDGE('',*,*,#4060,.T.);
#5945=ORIENTED_EDGE('',*,*,#3212,.F.);
#5946=ORIENTED_EDGE('',*,*,#4060,.F.);
#5947=ORIENTED_EDGE('',*,*,#3245,.F.);
#5948=ORIENTED_EDGE('',*,*,#4059,.F.);
#5949=CYLINDRICAL_SURFACE('',#6343,2.);
#5950=CYLINDRICAL_SURFACE('',#6346,2.);
#5951=CYLINDRICAL_SURFACE('',#6349,2.);
#5952=CYLINDRICAL_SURFACE('',#6356,2.);
#5953=CYLINDRICAL_SURFACE('',#6358,2.);
#5954=CYLINDRICAL_SURFACE('',#6361,2.);
#5955=CYLINDRICAL_SURFACE('',#6372,2.);
#5956=CYLINDRICAL_SURFACE('',#6375,2.);
#5957=CYLINDRICAL_SURFACE('',#6378,2.);
#5958=CYLINDRICAL_SURFACE('',#6388,2.);
#5959=CYLINDRICAL_SURFACE('',#6391,2.);
#5960=CYLINDRICAL_SURFACE('',#6394,2.);
#5961=CYLINDRICAL_SURFACE('',#6398,2.);
#5962=CYLINDRICAL_SURFACE('',#6404,2.);
#5963=CYLINDRICAL_SURFACE('',#6421,2.);
#5964=CYLINDRICAL_SURFACE('',#6423,2.);
#5965=CYLINDRICAL_SURFACE('',#6427,2.);
#5966=CYLINDRICAL_SURFACE('',#6429,1.);
#5967=CYLINDRICAL_SURFACE('',#6432,1.);
#5968=CYLINDRICAL_SURFACE('',#6437,3.00000000000001);
#5969=CYLINDRICAL_SURFACE('',#6442,3.00000000000001);
#5970=CYLINDRICAL_SURFACE('',#6444,2.99999999999997);
#5971=CYLINDRICAL_SURFACE('',#6530,3.);
#5972=CYLINDRICAL_SURFACE('',#6532,3.);
#5973=CYLINDRICAL_SURFACE('',#6534,2.99999999999997);
#5974=CYLINDRICAL_SURFACE('',#6538,1.70000000000002);
#5975=CYLINDRICAL_SURFACE('',#6541,1.7);
#5976=CYLINDRICAL_SURFACE('',#6544,1.70000000000002);
#5977=CYLINDRICAL_SURFACE('',#6547,1.7);
#5978=CYLINDRICAL_SURFACE('',#6550,1.70000000000002);
#5979=CYLINDRICAL_SURFACE('',#6553,1.70000000000002);
#5980=ADVANCED_FACE('',(#794),#5949,.T.);
#5981=ADVANCED_FACE('',(#795),#5950,.T.);
#5982=ADVANCED_FACE('',(#796),#5951,.T.);
#5983=ADVANCED_FACE('',(#797),#792,.T.);
#5984=ADVANCED_FACE('',(#798),#5952,.T.);
#5985=ADVANCED_FACE('',(#799),#5953,.T.);
#5986=ADVANCED_FACE('',(#800),#5954,.T.);
#5987=ADVANCED_FACE('',(#801),#784,.T.);
#5988=ADVANCED_FACE('',(#802),#785,.T.);
#5989=ADVANCED_FACE('',(#803),#786,.T.);
#5990=ADVANCED_FACE('',(#804),#787,.T.);
#5991=ADVANCED_FACE('',(#805),#5955,.T.);
#5992=ADVANCED_FACE('',(#806),#682,.F.);
#5993=ADVANCED_FACE('',(#807),#5956,.F.);
#5994=ADVANCED_FACE('',(#808),#683,.T.);
#5995=ADVANCED_FACE('',(#809),#5957,.T.);
#5996=ADVANCED_FACE('',(#810),#684,.F.);
#5997=ADVANCED_FACE('',(#811),#685,.F.);
#5998=ADVANCED_FACE('',(#812),#5958,.T.);
#5999=ADVANCED_FACE('',(#813),#686,.T.);
#6000=ADVANCED_FACE('',(#814),#5959,.T.);
#6001=ADVANCED_FACE('',(#815),#5960,.T.);
#6002=ADVANCED_FACE('',(#816),#788,.T.);
#6003=ADVANCED_FACE('',(#817),#5961,.T.);
#6004=ADVANCED_FACE('',(#818),#793,.T.);
#6005=ADVANCED_FACE('',(#819),#5962,.T.);
#6006=ADVANCED_FACE('',(#820),#789,.T.);
#6007=ADVANCED_FACE('',(#821),#790,.T.);
#6008=ADVANCED_FACE('',(#822,#221,#222,#223,#224,#225,#226),#687,.T.);
#6009=ADVANCED_FACE('',(#823),#688,.F.);
#6010=ADVANCED_FACE('',(#824),#5963,.T.);
#6011=ADVANCED_FACE('',(#825),#5964,.T.);
#6012=ADVANCED_FACE('',(#826),#791,.T.);
#6013=ADVANCED_FACE('',(#827),#5965,.T.);
#6014=ADVANCED_FACE('',(#828),#689,.T.);
#6015=ADVANCED_FACE('',(#829),#5966,.T.);
#6016=ADVANCED_FACE('',(#830),#690,.F.);
#6017=ADVANCED_FACE('',(#831),#5967,.T.);
#6018=ADVANCED_FACE('',(#832),#691,.F.);
#6019=ADVANCED_FACE('',(#833),#692,.F.);
#6020=ADVANCED_FACE('',(#834),#693,.T.);
#6021=ADVANCED_FACE('',(#835),#5968,.F.);
#6022=ADVANCED_FACE('',(#836),#694,.T.);
#6023=ADVANCED_FACE('',(#837),#5969,.F.);
#6024=ADVANCED_FACE('',(#838),#5970,.F.);
#6025=ADVANCED_FACE('',(#839),#695,.F.);
#6026=ADVANCED_FACE('',(#840),#15,.F.);
#6027=ADVANCED_FACE('',(#841),#16,.F.);
#6028=ADVANCED_FACE('',(#842),#17,.F.);
#6029=ADVANCED_FACE('',(#843),#18,.F.);
#6030=ADVANCED_FACE('',(#844),#19,.F.);
#6031=ADVANCED_FACE('',(#845),#20,.F.);
#6032=ADVANCED_FACE('',(#846),#21,.F.);
#6033=ADVANCED_FACE('',(#847),#696,.F.);
#6034=ADVANCED_FACE('',(#848),#22,.F.);
#6035=ADVANCED_FACE('',(#849),#23,.F.);
#6036=ADVANCED_FACE('',(#850),#24,.F.);
#6037=ADVANCED_FACE('',(#851),#697,.F.);
#6038=ADVANCED_FACE('',(#852),#25,.F.);
#6039=ADVANCED_FACE('',(#853),#26,.F.);
#6040=ADVANCED_FACE('',(#854),#27,.F.);
#6041=ADVANCED_FACE('',(#855),#28,.F.);
#6042=ADVANCED_FACE('',(#856),#29,.F.);
#6043=ADVANCED_FACE('',(#857),#30,.F.);
#6044=ADVANCED_FACE('',(#858),#698,.F.);
#6045=ADVANCED_FACE('',(#859),#31,.F.);
#6046=ADVANCED_FACE('',(#860,#227),#699,.T.);
#6047=ADVANCED_FACE('',(#861),#32,.F.);
#6048=ADVANCED_FACE('',(#862),#33,.F.);
#6049=ADVANCED_FACE('',(#863),#34,.F.);
#6050=ADVANCED_FACE('',(#864),#35,.F.);
#6051=ADVANCED_FACE('',(#865),#36,.F.);
#6052=ADVANCED_FACE('',(#866),#37,.F.);
#6053=ADVANCED_FACE('',(#867),#38,.F.);
#6054=ADVANCED_FACE('',(#868),#39,.F.);
#6055=ADVANCED_FACE('',(#869),#40,.F.);
#6056=ADVANCED_FACE('',(#870),#41,.F.);
#6057=ADVANCED_FACE('',(#871),#42,.F.);
#6058=ADVANCED_FACE('',(#872),#43,.F.);
#6059=ADVANCED_FACE('',(#873),#44,.F.);
#6060=ADVANCED_FACE('',(#874),#45,.F.);
#6061=ADVANCED_FACE('',(#875),#46,.F.);
#6062=ADVANCED_FACE('',(#876),#700,.F.);
#6063=ADVANCED_FACE('',(#877),#47,.F.);
#6064=ADVANCED_FACE('',(#878),#48,.F.);
#6065=ADVANCED_FACE('',(#879),#49,.F.);
#6066=ADVANCED_FACE('',(#880),#701,.F.);
#6067=ADVANCED_FACE('',(#881),#702,.F.);
#6068=ADVANCED_FACE('',(#882),#703,.F.);
#6069=ADVANCED_FACE('',(#883),#704,.F.);
#6070=ADVANCED_FACE('',(#884,#228),#705,.T.);
#6071=ADVANCED_FACE('',(#885),#50,.F.);
#6072=ADVANCED_FACE('',(#886),#706,.F.);
#6073=ADVANCED_FACE('',(#887),#51,.F.);
#6074=ADVANCED_FACE('',(#888),#52,.F.);
#6075=ADVANCED_FACE('',(#889),#53,.F.);
#6076=ADVANCED_FACE('',(#890),#54,.F.);
#6077=ADVANCED_FACE('',(#891),#707,.F.);
#6078=ADVANCED_FACE('',(#892),#55,.F.);
#6079=ADVANCED_FACE('',(#893),#56,.F.);
#6080=ADVANCED_FACE('',(#894),#708,.F.);
#6081=ADVANCED_FACE('',(#895),#709,.F.);
#6082=ADVANCED_FACE('',(#896),#710,.F.);
#6083=ADVANCED_FACE('',(#897),#711,.F.);
#6084=ADVANCED_FACE('',(#898),#712,.T.);
#6085=ADVANCED_FACE('',(#899),#57,.F.);
#6086=ADVANCED_FACE('',(#900),#58,.F.);
#6087=ADVANCED_FACE('',(#901),#59,.F.);
#6088=ADVANCED_FACE('',(#902),#60,.F.);
#6089=ADVANCED_FACE('',(#903),#61,.F.);
#6090=ADVANCED_FACE('',(#904),#62,.F.);
#6091=ADVANCED_FACE('',(#905),#63,.F.);
#6092=ADVANCED_FACE('',(#906),#64,.F.);
#6093=ADVANCED_FACE('',(#907),#65,.F.);
#6094=ADVANCED_FACE('',(#908),#66,.F.);
#6095=ADVANCED_FACE('',(#909),#67,.F.);
#6096=ADVANCED_FACE('',(#910),#68,.F.);
#6097=ADVANCED_FACE('',(#911),#69,.F.);
#6098=ADVANCED_FACE('',(#912),#70,.F.);
#6099=ADVANCED_FACE('',(#913),#71,.F.);
#6100=ADVANCED_FACE('',(#914),#72,.F.);
#6101=ADVANCED_FACE('',(#915),#73,.F.);
#6102=ADVANCED_FACE('',(#916,#229),#713,.T.);
#6103=ADVANCED_FACE('',(#917),#74,.F.);
#6104=ADVANCED_FACE('',(#918),#714,.F.);
#6105=ADVANCED_FACE('',(#919),#75,.F.);
#6106=ADVANCED_FACE('',(#920),#76,.F.);
#6107=ADVANCED_FACE('',(#921),#77,.F.);
#6108=ADVANCED_FACE('',(#922),#78,.F.);
#6109=ADVANCED_FACE('',(#923),#715,.F.);
#6110=ADVANCED_FACE('',(#924),#79,.F.);
#6111=ADVANCED_FACE('',(#925),#80,.F.);
#6112=ADVANCED_FACE('',(#926),#716,.F.);
#6113=ADVANCED_FACE('',(#927),#717,.F.);
#6114=ADVANCED_FACE('',(#928),#718,.F.);
#6115=ADVANCED_FACE('',(#929),#719,.F.);
#6116=ADVANCED_FACE('',(#930),#720,.T.);
#6117=ADVANCED_FACE('',(#931),#81,.F.);
#6118=ADVANCED_FACE('',(#932),#82,.F.);
#6119=ADVANCED_FACE('',(#933),#83,.F.);
#6120=ADVANCED_FACE('',(#934),#84,.F.);
#6121=ADVANCED_FACE('',(#935),#85,.F.);
#6122=ADVANCED_FACE('',(#936),#86,.F.);
#6123=ADVANCED_FACE('',(#937),#87,.F.);
#6124=ADVANCED_FACE('',(#938),#88,.F.);
#6125=ADVANCED_FACE('',(#939),#721,.F.);
#6126=ADVANCED_FACE('',(#940),#722,.F.);
#6127=ADVANCED_FACE('',(#941),#89,.F.);
#6128=ADVANCED_FACE('',(#942),#90,.F.);
#6129=ADVANCED_FACE('',(#943),#91,.F.);
#6130=ADVANCED_FACE('',(#944),#92,.F.);
#6131=ADVANCED_FACE('',(#945),#723,.F.);
#6132=ADVANCED_FACE('',(#946),#93,.F.);
#6133=ADVANCED_FACE('',(#947),#94,.F.);
#6134=ADVANCED_FACE('',(#948),#95,.F.);
#6135=ADVANCED_FACE('',(#949),#96,.F.);
#6136=ADVANCED_FACE('',(#950),#97,.F.);
#6137=ADVANCED_FACE('',(#951),#724,.F.);
#6138=ADVANCED_FACE('',(#952),#725,.F.);
#6139=ADVANCED_FACE('',(#953,#230),#726,.T.);
#6140=ADVANCED_FACE('',(#954),#98,.F.);
#6141=ADVANCED_FACE('',(#955),#99,.F.);
#6142=ADVANCED_FACE('',(#956),#100,.F.);
#6143=ADVANCED_FACE('',(#957),#101,.F.);
#6144=ADVANCED_FACE('',(#958),#727,.F.);
#6145=ADVANCED_FACE('',(#959),#102,.F.);
#6146=ADVANCED_FACE('',(#960),#103,.F.);
#6147=ADVANCED_FACE('',(#961),#728,.F.);
#6148=ADVANCED_FACE('',(#962),#104,.F.);
#6149=ADVANCED_FACE('',(#963),#105,.F.);
#6150=ADVANCED_FACE('',(#964),#106,.F.);
#6151=ADVANCED_FACE('',(#965),#107,.F.);
#6152=ADVANCED_FACE('',(#966),#108,.F.);
#6153=ADVANCED_FACE('',(#967),#109,.F.);
#6154=ADVANCED_FACE('',(#968),#110,.F.);
#6155=ADVANCED_FACE('',(#969),#729,.F.);
#6156=ADVANCED_FACE('',(#970),#111,.F.);
#6157=ADVANCED_FACE('',(#971),#112,.F.);
#6158=ADVANCED_FACE('',(#972),#113,.F.);
#6159=ADVANCED_FACE('',(#973),#114,.F.);
#6160=ADVANCED_FACE('',(#974),#115,.F.);
#6161=ADVANCED_FACE('',(#975),#116,.F.);
#6162=ADVANCED_FACE('',(#976),#117,.F.);
#6163=ADVANCED_FACE('',(#977),#730,.F.);
#6164=ADVANCED_FACE('',(#978),#118,.F.);
#6165=ADVANCED_FACE('',(#979),#119,.F.);
#6166=ADVANCED_FACE('',(#980),#120,.F.);
#6167=ADVANCED_FACE('',(#981),#121,.F.);
#6168=ADVANCED_FACE('',(#982),#122,.F.);
#6169=ADVANCED_FACE('',(#983),#123,.F.);
#6170=ADVANCED_FACE('',(#984),#124,.F.);
#6171=ADVANCED_FACE('',(#985),#125,.F.);
#6172=ADVANCED_FACE('',(#986),#126,.F.);
#6173=ADVANCED_FACE('',(#987),#127,.F.);
#6174=ADVANCED_FACE('',(#988),#128,.F.);
#6175=ADVANCED_FACE('',(#989),#129,.F.);
#6176=ADVANCED_FACE('',(#990),#130,.F.);
#6177=ADVANCED_FACE('',(#991,#231),#731,.T.);
#6178=ADVANCED_FACE('',(#992),#131,.F.);
#6179=ADVANCED_FACE('',(#993),#132,.F.);
#6180=ADVANCED_FACE('',(#994),#133,.F.);
#6181=ADVANCED_FACE('',(#995),#732,.F.);
#6182=ADVANCED_FACE('',(#996),#733,.F.);
#6183=ADVANCED_FACE('',(#997),#134,.F.);
#6184=ADVANCED_FACE('',(#998),#135,.F.);
#6185=ADVANCED_FACE('',(#999),#136,.F.);
#6186=ADVANCED_FACE('',(#1000),#734,.F.);
#6187=ADVANCED_FACE('',(#1001),#735,.F.);
#6188=ADVANCED_FACE('',(#1002),#137,.F.);
#6189=ADVANCED_FACE('',(#1003),#138,.F.);
#6190=ADVANCED_FACE('',(#1004),#139,.F.);
#6191=ADVANCED_FACE('',(#1005),#140,.F.);
#6192=ADVANCED_FACE('',(#1006),#141,.F.);
#6193=ADVANCED_FACE('',(#1007),#142,.F.);
#6194=ADVANCED_FACE('',(#1008),#143,.F.);
#6195=ADVANCED_FACE('',(#1009),#144,.F.);
#6196=ADVANCED_FACE('',(#1010),#145,.F.);
#6197=ADVANCED_FACE('',(#1011),#736,.F.);
#6198=ADVANCED_FACE('',(#1012),#146,.F.);
#6199=ADVANCED_FACE('',(#1013),#147,.F.);
#6200=ADVANCED_FACE('',(#1014),#148,.F.);
#6201=ADVANCED_FACE('',(#1015),#149,.F.);
#6202=ADVANCED_FACE('',(#1016),#737,.F.);
#6203=ADVANCED_FACE('',(#1017),#150,.F.);
#6204=ADVANCED_FACE('',(#1018),#151,.F.);
#6205=ADVANCED_FACE('',(#1019),#152,.F.);
#6206=ADVANCED_FACE('',(#1020),#153,.F.);
#6207=ADVANCED_FACE('',(#1021),#154,.F.);
#6208=ADVANCED_FACE('',(#1022),#738,.F.);
#6209=ADVANCED_FACE('',(#1023),#739,.F.);
#6210=ADVANCED_FACE('',(#1024),#740,.F.);
#6211=ADVANCED_FACE('',(#1025,#232,#233),#741,.T.);
#6212=ADVANCED_FACE('',(#1026),#155,.F.);
#6213=ADVANCED_FACE('',(#1027),#156,.F.);
#6214=ADVANCED_FACE('',(#1028),#157,.F.);
#6215=ADVANCED_FACE('',(#1029),#158,.F.);
#6216=ADVANCED_FACE('',(#1030),#159,.F.);
#6217=ADVANCED_FACE('',(#1031),#160,.F.);
#6218=ADVANCED_FACE('',(#1032),#161,.F.);
#6219=ADVANCED_FACE('',(#1033),#742,.F.);
#6220=ADVANCED_FACE('',(#1034),#162,.F.);
#6221=ADVANCED_FACE('',(#1035),#163,.F.);
#6222=ADVANCED_FACE('',(#1036),#164,.F.);
#6223=ADVANCED_FACE('',(#1037),#743,.F.);
#6224=ADVANCED_FACE('',(#1038),#165,.F.);
#6225=ADVANCED_FACE('',(#1039),#166,.F.);
#6226=ADVANCED_FACE('',(#1040),#167,.F.);
#6227=ADVANCED_FACE('',(#1041),#168,.F.);
#6228=ADVANCED_FACE('',(#1042),#169,.F.);
#6229=ADVANCED_FACE('',(#1043),#170,.F.);
#6230=ADVANCED_FACE('',(#1044),#744,.F.);
#6231=ADVANCED_FACE('',(#1045),#171,.F.);
#6232=ADVANCED_FACE('',(#1046,#234),#745,.T.);
#6233=ADVANCED_FACE('',(#1047),#172,.F.);
#6234=ADVANCED_FACE('',(#1048),#173,.F.);
#6235=ADVANCED_FACE('',(#1049),#174,.F.);
#6236=ADVANCED_FACE('',(#1050),#175,.F.);
#6237=ADVANCED_FACE('',(#1051),#746,.F.);
#6238=ADVANCED_FACE('',(#1052),#176,.F.);
#6239=ADVANCED_FACE('',(#1053),#177,.F.);
#6240=ADVANCED_FACE('',(#1054),#747,.F.);
#6241=ADVANCED_FACE('',(#1055),#178,.F.);
#6242=ADVANCED_FACE('',(#1056),#179,.F.);
#6243=ADVANCED_FACE('',(#1057),#180,.F.);
#6244=ADVANCED_FACE('',(#1058),#181,.F.);
#6245=ADVANCED_FACE('',(#1059),#182,.F.);
#6246=ADVANCED_FACE('',(#1060),#183,.F.);
#6247=ADVANCED_FACE('',(#1061),#184,.F.);
#6248=ADVANCED_FACE('',(#1062),#748,.F.);
#6249=ADVANCED_FACE('',(#1063),#185,.F.);
#6250=ADVANCED_FACE('',(#1064),#186,.F.);
#6251=ADVANCED_FACE('',(#1065),#187,.F.);
#6252=ADVANCED_FACE('',(#1066),#188,.F.);
#6253=ADVANCED_FACE('',(#1067),#189,.F.);
#6254=ADVANCED_FACE('',(#1068),#190,.F.);
#6255=ADVANCED_FACE('',(#1069),#191,.F.);
#6256=ADVANCED_FACE('',(#1070),#749,.F.);
#6257=ADVANCED_FACE('',(#1071),#192,.F.);
#6258=ADVANCED_FACE('',(#1072),#193,.F.);
#6259=ADVANCED_FACE('',(#1073),#194,.F.);
#6260=ADVANCED_FACE('',(#1074),#195,.F.);
#6261=ADVANCED_FACE('',(#1075),#196,.F.);
#6262=ADVANCED_FACE('',(#1076),#197,.F.);
#6263=ADVANCED_FACE('',(#1077),#198,.F.);
#6264=ADVANCED_FACE('',(#1078),#199,.F.);
#6265=ADVANCED_FACE('',(#1079),#200,.F.);
#6266=ADVANCED_FACE('',(#1080),#201,.F.);
#6267=ADVANCED_FACE('',(#1081),#202,.F.);
#6268=ADVANCED_FACE('',(#1082),#203,.F.);
#6269=ADVANCED_FACE('',(#1083),#204,.F.);
#6270=ADVANCED_FACE('',(#1084,#235),#750,.T.);
#6271=ADVANCED_FACE('',(#1085),#205,.F.);
#6272=ADVANCED_FACE('',(#1086),#206,.F.);
#6273=ADVANCED_FACE('',(#1087),#751,.F.);
#6274=ADVANCED_FACE('',(#1088),#752,.F.);
#6275=ADVANCED_FACE('',(#1089),#753,.F.);
#6276=ADVANCED_FACE('',(#1090),#754,.F.);
#6277=ADVANCED_FACE('',(#1091),#755,.F.);
#6278=ADVANCED_FACE('',(#1092),#207,.F.);
#6279=ADVANCED_FACE('',(#1093),#208,.F.);
#6280=ADVANCED_FACE('',(#1094),#209,.F.);
#6281=ADVANCED_FACE('',(#1095),#210,.F.);
#6282=ADVANCED_FACE('',(#1096),#756,.F.);
#6283=ADVANCED_FACE('',(#1097),#757,.F.);
#6284=ADVANCED_FACE('',(#1098),#758,.F.);
#6285=ADVANCED_FACE('',(#1099),#211,.F.);
#6286=ADVANCED_FACE('',(#1100),#212,.F.);
#6287=ADVANCED_FACE('',(#1101),#213,.F.);
#6288=ADVANCED_FACE('',(#1102),#759,.F.);
#6289=ADVANCED_FACE('',(#1103),#214,.F.);
#6290=ADVANCED_FACE('',(#1104),#215,.F.);
#6291=ADVANCED_FACE('',(#1105),#216,.F.);
#6292=ADVANCED_FACE('',(#1106),#217,.F.);
#6293=ADVANCED_FACE('',(#1107),#218,.F.);
#6294=ADVANCED_FACE('',(#1108),#219,.F.);
#6295=ADVANCED_FACE('',(#1109),#220,.F.);
#6296=ADVANCED_FACE('',(#1110),#760,.F.);
#6297=ADVANCED_FACE('',(#1111),#761,.F.);
#6298=ADVANCED_FACE('',(#1112,#236),#762,.T.);
#6299=ADVANCED_FACE('',(#1113,#237,#238,#239,#240,#241,#242,#243,#244,#245,
#246,#247),#763,.T.);
#6300=ADVANCED_FACE('',(#1114),#764,.T.);
#6301=ADVANCED_FACE('',(#1115),#765,.T.);
#6302=ADVANCED_FACE('',(#1116),#766,.T.);
#6303=ADVANCED_FACE('',(#1117),#767,.T.);
#6304=ADVANCED_FACE('',(#1118),#768,.T.);
#6305=ADVANCED_FACE('',(#1119),#769,.T.);
#6306=ADVANCED_FACE('',(#1120),#770,.T.);
#6307=ADVANCED_FACE('',(#1121),#771,.T.);
#6308=ADVANCED_FACE('',(#1122),#772,.T.);
#6309=ADVANCED_FACE('',(#1123),#773,.T.);
#6310=ADVANCED_FACE('',(#1124),#774,.T.);
#6311=ADVANCED_FACE('',(#1125),#775,.T.);
#6312=ADVANCED_FACE('',(#1126),#5971,.F.);
#6313=ADVANCED_FACE('',(#1127),#5972,.F.);
#6314=ADVANCED_FACE('',(#1128),#5973,.F.);
#6315=ADVANCED_FACE('',(#1129),#776,.T.);
#6316=ADVANCED_FACE('',(#1130),#777,.T.);
#6317=ADVANCED_FACE('',(#1131),#5974,.F.);
#6318=ADVANCED_FACE('',(#1132,#248),#778,.F.);
#6319=ADVANCED_FACE('',(#1133),#5975,.F.);
#6320=ADVANCED_FACE('',(#1134,#249),#779,.F.);
#6321=ADVANCED_FACE('',(#1135),#5976,.F.);
#6322=ADVANCED_FACE('',(#1136,#250),#780,.F.);
#6323=ADVANCED_FACE('',(#1137),#5977,.F.);
#6324=ADVANCED_FACE('',(#1138,#251),#781,.F.);
#6325=ADVANCED_FACE('',(#1139),#5978,.F.);
#6326=ADVANCED_FACE('',(#1140,#252),#782,.F.);
#6327=ADVANCED_FACE('',(#1141),#5979,.F.);
#6328=ADVANCED_FACE('',(#1142,#253),#783,.F.);
#6329=CLOSED_SHELL('',(#5980,#5981,#5982,#5983,#5984,#5985,#5986,#5987,
#5988,#5989,#5990,#5991,#5992,#5993,#5994,#5995,#5996,#5997,#5998,#5999,
#6000,#6001,#6002,#6003,#6004,#6005,#6006,#6007,#6008,#6009,#6010,#6011,
#6012,#6013,#6014,#6015,#6016,#6017,#6018,#6019,#6020,#6021,#6022,#6023,
#6024,#6025,#6026,#6027,#6028,#6029,#6030,#6031,#6032,#6033,#6034,#6035,
#6036,#6037,#6038,#6039,#6040,#6041,#6042,#6043,#6044,#6045,#6046,#6047,
#6048,#6049,#6050,#6051,#6052,#6053,#6054,#6055,#6056,#6057,#6058,#6059,
#6060,#6061,#6062,#6063,#6064,#6065,#6066,#6067,#6068,#6069,#6070,#6071,
#6072,#6073,#6074,#6075,#6076,#6077,#6078,#6079,#6080,#6081,#6082,#6083,
#6084,#6085,#6086,#6087,#6088,#6089,#6090,#6091,#6092,#6093,#6094,#6095,
#6096,#6097,#6098,#6099,#6100,#6101,#6102,#6103,#6104,#6105,#6106,#6107,
#6108,#6109,#6110,#6111,#6112,#6113,#6114,#6115,#6116,#6117,#6118,#6119,
#6120,#6121,#6122,#6123,#6124,#6125,#6126,#6127,#6128,#6129,#6130,#6131,
#6132,#6133,#6134,#6135,#6136,#6137,#6138,#6139,#6140,#6141,#6142,#6143,
#6144,#6145,#6146,#6147,#6148,#6149,#6150,#6151,#6152,#6153,#6154,#6155,
#6156,#6157,#6158,#6159,#6160,#6161,#6162,#6163,#6164,#6165,#6166,#6167,
#6168,#6169,#6170,#6171,#6172,#6173,#6174,#6175,#6176,#6177,#6178,#6179,
#6180,#6181,#6182,#6183,#6184,#6185,#6186,#6187,#6188,#6189,#6190,#6191,
#6192,#6193,#6194,#6195,#6196,#6197,#6198,#6199,#6200,#6201,#6202,#6203,
#6204,#6205,#6206,#6207,#6208,#6209,#6210,#6211,#6212,#6213,#6214,#6215,
#6216,#6217,#6218,#6219,#6220,#6221,#6222,#6223,#6224,#6225,#6226,#6227,
#6228,#6229,#6230,#6231,#6232,#6233,#6234,#6235,#6236,#6237,#6238,#6239,
#6240,#6241,#6242,#6243,#6244,#6245,#6246,#6247,#6248,#6249,#6250,#6251,
#6252,#6253,#6254,#6255,#6256,#6257,#6258,#6259,#6260,#6261,#6262,#6263,
#6264,#6265,#6266,#6267,#6268,#6269,#6270,#6271,#6272,#6273,#6274,#6275,
#6276,#6277,#6278,#6279,#6280,#6281,#6282,#6283,#6284,#6285,#6286,#6287,
#6288,#6289,#6290,#6291,#6292,#6293,#6294,#6295,#6296,#6297,#6298,#6299,
#6300,#6301,#6302,#6303,#6304,#6305,#6306,#6307,#6308,#6309,#6310,#6311,
#6312,#6313,#6314,#6315,#6316,#6317,#6318,#6319,#6320,#6321,#6322,#6323,
#6324,#6325,#6326,#6327,#6328));
#6330=DERIVED_UNIT_ELEMENT(#6332,1.);
#6331=DERIVED_UNIT_ELEMENT(#12893,-3.);
#6332=(
MASS_UNIT()
NAMED_UNIT(*)
SI_UNIT(.KILO.,.GRAM.)
);
#6333=DERIVED_UNIT((#6330,#6331));
#6334=MEASURE_REPRESENTATION_ITEM('density measure',
POSITIVE_RATIO_MEASURE(7850.),#6333);
#6335=PROPERTY_DEFINITION_REPRESENTATION(#6340,#6337);
#6336=PROPERTY_DEFINITION_REPRESENTATION(#6341,#6338);
#6337=REPRESENTATION('material name',(#6339),#12890);
#6338=REPRESENTATION('density',(#6334),#12890);
#6339=DESCRIPTIVE_REPRESENTATION_ITEM('Steel','Steel');
#6340=PROPERTY_DEFINITION('material property','material name',#12900);
#6341=PROPERTY_DEFINITION('material property','density of part',#12900);
#6342=AXIS2_PLACEMENT_3D('',#7442,#6556,#6557);
#6343=AXIS2_PLACEMENT_3D('',#7443,#6558,#6559);
#6344=AXIS2_PLACEMENT_3D('',#7446,#6560,#6561);
#6345=AXIS2_PLACEMENT_3D('',#7450,#6563,#6564);
#6346=AXIS2_PLACEMENT_3D('',#7452,#6566,#6567);
#6347=AXIS2_PLACEMENT_3D('',#7455,#6568,#6569);
#6348=AXIS2_PLACEMENT_3D('',#7460,#6572,#6573);
#6349=AXIS2_PLACEMENT_3D('',#7462,#6575,#6576);
#6350=AXIS2_PLACEMENT_3D('',#7465,#6577,#6578);
#6351=AXIS2_PLACEMENT_3D('',#7469,#6580,#6581);
#6352=AXIS2_PLACEMENT_3D('',#7471,#6583,#6584);
#6353=AXIS2_PLACEMENT_3D('',#7474,#6585,#6586);
#6354=AXIS2_PLACEMENT_3D('',#7475,#6587,#6588);
#6355=AXIS2_PLACEMENT_3D('',#7476,#6589,#6590);
#6356=AXIS2_PLACEMENT_3D('',#7477,#6591,#6592);
#6357=AXIS2_PLACEMENT_3D('',#7479,#6593,#6594);
#6358=AXIS2_PLACEMENT_3D('',#7482,#6597,#6598);
#6359=AXIS2_PLACEMENT_3D('',#7485,#6599,#6600);
#6360=AXIS2_PLACEMENT_3D('',#7490,#6603,#6604);
#6361=AXIS2_PLACEMENT_3D('',#7492,#6606,#6607);
#6362=AXIS2_PLACEMENT_3D('',#7495,#6608,#6609);
#6363=AXIS2_PLACEMENT_3D('',#7498,#6611,#6612);
#6364=AXIS2_PLACEMENT_3D('',#7500,#6614,#6615);
#6365=AXIS2_PLACEMENT_3D('',#7501,#6616,#6617);
#6366=AXIS2_PLACEMENT_3D('',#7502,#6618,#6619);
#6367=AXIS2_PLACEMENT_3D('',#7503,#6620,#6621);
#6368=AXIS2_PLACEMENT_3D('',#7504,#6622,#6623);
#6369=AXIS2_PLACEMENT_3D('',#7505,#6624,#6625);
#6370=AXIS2_PLACEMENT_3D('',#7506,#6626,#6627);
#6371=AXIS2_PLACEMENT_3D('',#7507,#6628,#6629);
#6372=AXIS2_PLACEMENT_3D('',#7508,#6630,#6631);
#6373=AXIS2_PLACEMENT_3D('',#7512,#6633,#6634);
#6374=AXIS2_PLACEMENT_3D('',#7514,#6636,#6637);
#6375=AXIS2_PLACEMENT_3D('',#7518,#6640,#6641);
#6376=AXIS2_PLACEMENT_3D('',#7521,#6643,#6644);
#6377=AXIS2_PLACEMENT_3D('',#7522,#6645,#6646);
#6378=AXIS2_PLACEMENT_3D('',#7526,#6649,#6650);
#6379=AXIS2_PLACEMENT_3D('',#7529,#6652,#6653);
#6380=AXIS2_PLACEMENT_3D('',#7530,#6654,#6655);
#6381=AXIS2_PLACEMENT_3D('',#7533,#6657,#6658);
#6382=AXIS2_PLACEMENT_3D('',#7534,#6659,#6660);
#6383=AXIS2_PLACEMENT_3D('',#7536,#6661,#6662);
#6384=AXIS2_PLACEMENT_3D('',#7540,#6664,#6665);
#6385=AXIS2_PLACEMENT_3D('',#7542,#6666,#6667);
#6386=AXIS2_PLACEMENT_3D('',#7546,#6669,#6670);
#6387=AXIS2_PLACEMENT_3D('',#7548,#6671,#6672);
#6388=AXIS2_PLACEMENT_3D('',#7550,#6674,#6675);
#6389=AXIS2_PLACEMENT_3D('',#7554,#6677,#6678);
#6390=AXIS2_PLACEMENT_3D('',#7583,#6680,#6681);
#6391=AXIS2_PLACEMENT_3D('',#7587,#6684,#6685);
#6392=AXIS2_PLACEMENT_3D('',#7589,#6686,#6687);
#6393=AXIS2_PLACEMENT_3D('',#7592,#6689,#6690);
#6394=AXIS2_PLACEMENT_3D('',#7593,#6691,#6692);
#6395=AXIS2_PLACEMENT_3D('',#7595,#6693,#6694);
#6396=AXIS2_PLACEMENT_3D('',#7597,#6696,#6697);
#6397=AXIS2_PLACEMENT_3D('',#7599,#6699,#6700);
#6398=AXIS2_PLACEMENT_3D('',#7600,#6701,#6702);
#6399=AXIS2_PLACEMENT_3D('',#7602,#6703,#6704);
#6400=AXIS2_PLACEMENT_3D('',#7603,#6705,#6706);
#6401=AXIS2_PLACEMENT_3D('',#7605,#6708,#6709);
#6402=AXIS2_PLACEMENT_3D('',#7607,#6710,#6711);
#6403=AXIS2_PLACEMENT_3D('',#7608,#6712,#6713);
#6404=AXIS2_PLACEMENT_3D('',#7609,#6714,#6715);
#6405=AXIS2_PLACEMENT_3D('',#7611,#6716,#6717);
#6406=AXIS2_PLACEMENT_3D('',#7613,#6719,#6720);
#6407=AXIS2_PLACEMENT_3D('',#7614,#6721,#6722);
#6408=AXIS2_PLACEMENT_3D('',#7615,#6723,#6724);
#6409=AXIS2_PLACEMENT_3D('',#7616,#6725,#6726);
#6410=AXIS2_PLACEMENT_3D('',#7620,#6728,#6729);
#6411=AXIS2_PLACEMENT_3D('',#7624,#6731,#6732);
#6412=AXIS2_PLACEMENT_3D('',#7640,#6740,#6741);
#6413=AXIS2_PLACEMENT_3D('',#7644,#6744,#6745);
#6414=AXIS2_PLACEMENT_3D('',#7646,#6746,#6747);
#6415=AXIS2_PLACEMENT_3D('',#7648,#6748,#6749);
#6416=AXIS2_PLACEMENT_3D('',#7650,#6750,#6751);
#6417=AXIS2_PLACEMENT_3D('',#7652,#6752,#6753);
#6418=AXIS2_PLACEMENT_3D('',#7654,#6754,#6755);
#6419=AXIS2_PLACEMENT_3D('',#7655,#6756,#6757);
#6420=AXIS2_PLACEMENT_3D('',#7656,#6758,#6759);
#6421=AXIS2_PLACEMENT_3D('',#7657,#6760,#6761);
#6422=AXIS2_PLACEMENT_3D('',#7661,#6763,#6764);
#6423=AXIS2_PLACEMENT_3D('',#7665,#6767,#6768);
#6424=AXIS2_PLACEMENT_3D('',#7668,#6770,#6771);
#6425=AXIS2_PLACEMENT_3D('',#7670,#6773,#6774);
#6426=AXIS2_PLACEMENT_3D('',#7671,#6775,#6776);
#6427=AXIS2_PLACEMENT_3D('',#7672,#6777,#6778);
#6428=AXIS2_PLACEMENT_3D('',#7688,#6782,#6783);
#6429=AXIS2_PLACEMENT_3D('',#7689,#6784,#6785);
#6430=AXIS2_PLACEMENT_3D('',#7693,#6787,#6788);
#6431=AXIS2_PLACEMENT_3D('',#7695,#6790,#6791);
#6432=AXIS2_PLACEMENT_3D('',#7699,#6794,#6795);
#6433=AXIS2_PLACEMENT_3D('',#7703,#6797,#6798);
#6434=AXIS2_PLACEMENT_3D('',#7705,#6800,#6801);
#6435=AXIS2_PLACEMENT_3D('',#7709,#6804,#6805);
#6436=AXIS2_PLACEMENT_3D('',#7712,#6808,#6809);
#6437=AXIS2_PLACEMENT_3D('',#7713,#6810,#6811);
#6438=AXIS2_PLACEMENT_3D('',#7715,#6812,#6813);
#6439=AXIS2_PLACEMENT_3D('',#7718,#6815,#6816);
#6440=AXIS2_PLACEMENT_3D('',#7719,#6817,#6818);
#6441=AXIS2_PLACEMENT_3D('',#7720,#6819,#6820);
#6442=AXIS2_PLACEMENT_3D('',#7721,#6821,#6822);
#6443=AXIS2_PLACEMENT_3D('',#7724,#6824,#6825);
#6444=AXIS2_PLACEMENT_3D('',#7725,#6826,#6827);
#6445=AXIS2_PLACEMENT_3D('',#7728,#6829,#6830);
#6446=AXIS2_PLACEMENT_3D('',#7729,#6831,#6832);
#6447=AXIS2_PLACEMENT_3D('',#7730,#6833,#6834);
#6448=AXIS2_PLACEMENT_3D('',#7732,#6835,#6836);
#6449=AXIS2_PLACEMENT_3D('',#7733,#6837,#6838);
#6450=AXIS2_PLACEMENT_3D('',#7901,#6848,#6849);
#6451=AXIS2_PLACEMENT_3D('',#7976,#6856,#6857);
#6452=AXIS2_PLACEMENT_3D('',#8117,#6866,#6867);
#6453=AXIS2_PLACEMENT_3D('',#8143,#6871,#6872);
#6454=AXIS2_PLACEMENT_3D('',#8492,#6889,#6890);
#6455=AXIS2_PLACEMENT_3D('',#8567,#6897,#6898);
#6456=AXIS2_PLACEMENT_3D('',#8573,#6902,#6903);
#6457=AXIS2_PLACEMENT_3D('',#8579,#6907,#6908);
#6458=AXIS2_PLACEMENT_3D('',#8585,#6912,#6913);
#6459=AXIS2_PLACEMENT_3D('',#8588,#6916,#6917);
#6460=AXIS2_PLACEMENT_3D('',#8615,#6920,#6921);
#6461=AXIS2_PLACEMENT_3D('',#8713,#6929,#6930);
#6462=AXIS2_PLACEMENT_3D('',#8765,#6936,#6937);
#6463=AXIS2_PLACEMENT_3D('',#8771,#6941,#6942);
#6464=AXIS2_PLACEMENT_3D('',#8777,#6946,#6947);
#6465=AXIS2_PLACEMENT_3D('',#8783,#6951,#6952);
#6466=AXIS2_PLACEMENT_3D('',#8786,#6955,#6956);
#6467=AXIS2_PLACEMENT_3D('',#9178,#6974,#6975);
#6468=AXIS2_PLACEMENT_3D('',#9205,#6978,#6979);
#6469=AXIS2_PLACEMENT_3D('',#9303,#6987,#6988);
#6470=AXIS2_PLACEMENT_3D('',#9355,#6994,#6995);
#6471=AXIS2_PLACEMENT_3D('',#9361,#6999,#7000);
#6472=AXIS2_PLACEMENT_3D('',#9367,#7004,#7005);
#6473=AXIS2_PLACEMENT_3D('',#9373,#7009,#7010);
#6474=AXIS2_PLACEMENT_3D('',#9376,#7013,#7014);
#6475=AXIS2_PLACEMENT_3D('',#9567,#7025,#7026);
#6476=AXIS2_PLACEMENT_3D('',#9573,#7030,#7031);
#6477=AXIS2_PLACEMENT_3D('',#9668,#7038,#7039);
#6478=AXIS2_PLACEMENT_3D('',#9789,#7048,#7049);
#6479=AXIS2_PLACEMENT_3D('',#9795,#7053,#7054);
#6480=AXIS2_PLACEMENT_3D('',#9798,#7057,#7058);
#6481=AXIS2_PLACEMENT_3D('',#9894,#7064,#7065);
#6482=AXIS2_PLACEMENT_3D('',#9949,#7072,#7073);
#6483=AXIS2_PLACEMENT_3D('',#10116,#7084,#7085);
#6484=AXIS2_PLACEMENT_3D('',#10280,#7095,#7096);
#6485=AXIS2_PLACEMENT_3D('',#10582,#7112,#7113);
#6486=AXIS2_PLACEMENT_3D('',#10655,#7118,#7119);
#6487=AXIS2_PLACEMENT_3D('',#10661,#7123,#7124);
#6488=AXIS2_PLACEMENT_3D('',#10739,#7132,#7133);
#6489=AXIS2_PLACEMENT_3D('',#10745,#7137,#7138);
#6490=AXIS2_PLACEMENT_3D('',#10961,#7152,#7153);
#6491=AXIS2_PLACEMENT_3D('',#11056,#7160,#7161);
#6492=AXIS2_PLACEMENT_3D('',#11174,#7169,#7170);
#6493=AXIS2_PLACEMENT_3D('',#11180,#7174,#7175);
#6494=AXIS2_PLACEMENT_3D('',#11186,#7179,#7180);
#6495=AXIS2_PLACEMENT_3D('',#11189,#7183,#7184);
#6496=AXIS2_PLACEMENT_3D('',#11357,#7194,#7195);
#6497=AXIS2_PLACEMENT_3D('',#11432,#7202,#7203);
#6498=AXIS2_PLACEMENT_3D('',#11573,#7212,#7213);
#6499=AXIS2_PLACEMENT_3D('',#11599,#7217,#7218);
#6500=AXIS2_PLACEMENT_3D('',#11695,#7224,#7225);
#6501=AXIS2_PLACEMENT_3D('',#11750,#7232,#7233);
#6502=AXIS2_PLACEMENT_3D('',#11917,#7244,#7245);
#6503=AXIS2_PLACEMENT_3D('',#12081,#7255,#7256);
#6504=AXIS2_PLACEMENT_3D('',#12383,#7272,#7273);
#6505=AXIS2_PLACEMENT_3D('',#12433,#7277,#7278);
#6506=AXIS2_PLACEMENT_3D('',#12439,#7282,#7283);
#6507=AXIS2_PLACEMENT_3D('',#12445,#7287,#7288);
#6508=AXIS2_PLACEMENT_3D('',#12454,#7293,#7294);
#6509=AXIS2_PLACEMENT_3D('',#12460,#7298,#7299);
#6510=AXIS2_PLACEMENT_3D('',#12558,#7307,#7308);
#6511=AXIS2_PLACEMENT_3D('',#12564,#7312,#7313);
#6512=AXIS2_PLACEMENT_3D('',#12570,#7317,#7318);
#6513=AXIS2_PLACEMENT_3D('',#12645,#7325,#7326);
#6514=AXIS2_PLACEMENT_3D('',#12809,#7336,#7337);
#6515=AXIS2_PLACEMENT_3D('',#12815,#7341,#7342);
#6516=AXIS2_PLACEMENT_3D('',#12818,#7345,#7346);
#6517=AXIS2_PLACEMENT_3D('',#12819,#7347,#7348);
#6518=AXIS2_PLACEMENT_3D('',#12828,#7353,#7354);
#6519=AXIS2_PLACEMENT_3D('',#12829,#7355,#7356);
#6520=AXIS2_PLACEMENT_3D('',#12830,#7357,#7358);
#6521=AXIS2_PLACEMENT_3D('',#12831,#7359,#7360);
#6522=AXIS2_PLACEMENT_3D('',#12832,#7361,#7362);
#6523=AXIS2_PLACEMENT_3D('',#12833,#7363,#7364);
#6524=AXIS2_PLACEMENT_3D('',#12834,#7365,#7366);
#6525=AXIS2_PLACEMENT_3D('',#12835,#7367,#7368);
#6526=AXIS2_PLACEMENT_3D('',#12836,#7369,#7370);
#6527=AXIS2_PLACEMENT_3D('',#12837,#7371,#7372);
#6528=AXIS2_PLACEMENT_3D('',#12838,#7373,#7374);
#6529=AXIS2_PLACEMENT_3D('',#12841,#7377,#7378);
#6530=AXIS2_PLACEMENT_3D('',#12843,#7380,#7381);
#6531=AXIS2_PLACEMENT_3D('',#12846,#7383,#7384);
#6532=AXIS2_PLACEMENT_3D('',#12847,#7385,#7386);
#6533=AXIS2_PLACEMENT_3D('',#12850,#7388,#7389);
#6534=AXIS2_PLACEMENT_3D('',#12851,#7390,#7391);
#6535=AXIS2_PLACEMENT_3D('',#12854,#7393,#7394);
#6536=AXIS2_PLACEMENT_3D('',#12855,#7395,#7396);
#6537=AXIS2_PLACEMENT_3D('',#12857,#7398,#7399);
#6538=AXIS2_PLACEMENT_3D('',#12858,#7400,#7401);
#6539=AXIS2_PLACEMENT_3D('',#12860,#7402,#7403);
#6540=AXIS2_PLACEMENT_3D('',#12862,#7405,#7406);
#6541=AXIS2_PLACEMENT_3D('',#12863,#7407,#7408);
#6542=AXIS2_PLACEMENT_3D('',#12865,#7409,#7410);
#6543=AXIS2_PLACEMENT_3D('',#12867,#7412,#7413);
#6544=AXIS2_PLACEMENT_3D('',#12868,#7414,#7415);
#6545=AXIS2_PLACEMENT_3D('',#12870,#7416,#7417);
#6546=AXIS2_PLACEMENT_3D('',#12872,#7419,#7420);
#6547=AXIS2_PLACEMENT_3D('',#12873,#7421,#7422);
#6548=AXIS2_PLACEMENT_3D('',#12875,#7423,#7424);
#6549=AXIS2_PLACEMENT_3D('',#12877,#7426,#7427);
#6550=AXIS2_PLACEMENT_3D('',#12878,#7428,#7429);
#6551=AXIS2_PLACEMENT_3D('',#12880,#7430,#7431);
#6552=AXIS2_PLACEMENT_3D('',#12882,#7433,#7434);
#6553=AXIS2_PLACEMENT_3D('',#12883,#7435,#7436);
#6554=AXIS2_PLACEMENT_3D('',#12885,#7437,#7438);
#6555=AXIS2_PLACEMENT_3D('',#12887,#7440,#7441);
#6556=DIRECTION('axis',(0.,0.,1.));
#6557=DIRECTION('refdir',(1.,0.,0.));
#6558=DIRECTION('center_axis',(1.22464679914735E-16,-0.0523359562429436,
0.998629534754574));
#6559=DIRECTION('ref_axis',(-0.707106781186546,-0.706137715918128,-0.0370071095592676));
#6560=DIRECTION('center_axis',(-1.22464679914735E-16,0.0523359562429436,
-0.998629534754574));
#6561=DIRECTION('ref_axis',(-0.707106781186546,-0.706137715918128,-0.0370071095592676));
#6562=DIRECTION('',(-1.22464679914735E-16,0.0523359562429436,-0.998629534754574));
#6563=DIRECTION('center_axis',(1.38587687819404E-16,-0.0523359562429436,
0.998629534754574));
#6564=DIRECTION('ref_axis',(-1.,0.,1.38777878078144E-16));
#6565=DIRECTION('',(1.22464679914735E-16,-0.0523359562429436,0.998629534754574));
#6566=DIRECTION('center_axis',(-1.15887540197796E-16,-1.,0.));
#6567=DIRECTION('ref_axis',(-0.707106781186546,0.,-0.707106781186549));
#6568=DIRECTION('center_axis',(0.,-1.,0.));
#6569=DIRECTION('ref_axis',(-1.,0.,1.38777878078146E-16));
#6570=DIRECTION('',(-1.15887540197796E-16,-1.,0.));
#6571=DIRECTION('',(-1.15887540197796E-16,-1.,0.));
#6572=DIRECTION('center_axis',(0.,1.,0.));
#6573=DIRECTION('ref_axis',(4.44089209850063E-15,0.,-1.));
#6574=DIRECTION('',(1.15887540197796E-16,1.,0.));
#6575=DIRECTION('center_axis',(-1.22464679914735E-16,0.0523359562429438,
-0.998629534754574));
#6576=DIRECTION('ref_axis',(-0.707106781186543,-0.706137715918131,-0.0370071095592682));
#6577=DIRECTION('center_axis',(0.,0.0523359562429438,-0.998629534754574));
#6578=DIRECTION('ref_axis',(0.,-0.998629534754574,-0.0523359562429438));
#6579=DIRECTION('',(-1.22464679914735E-16,0.0523359562429438,-0.998629534754574));
#6580=DIRECTION('center_axis',(0.,-0.0523359562429438,0.998629534754574));
#6581=DIRECTION('ref_axis',(-1.,0.,0.));
#6582=DIRECTION('',(1.22464679914735E-16,-0.0523359562429438,0.998629534754574));
#6583=DIRECTION('center_axis',(-1.,1.15887540197796E-16,1.28706152456444E-16));
#6584=DIRECTION('ref_axis',(0.,0.,1.));
#6585=DIRECTION('center_axis',(0.,0.998629534754574,0.0523359562429438));
#6586=DIRECTION('ref_axis',(0.,0.0523359562429438,-0.998629534754574));
#6587=DIRECTION('center_axis',(-1.,1.15887540197796E-16,1.28706152456444E-16));
#6588=DIRECTION('ref_axis',(1.73191211247099E-16,0.669130606358857,0.743144825477395));
#6589=DIRECTION('center_axis',(1.,-1.15887540197796E-16,-1.28706152456444E-16));
#6590=DIRECTION('ref_axis',(2.77555756156289E-16,0.669130606358857,0.743144825477395));
#6591=DIRECTION('center_axis',(1.22464679914735E-16,0.998629534754574,0.0523359562429436));
#6592=DIRECTION('ref_axis',(-0.707106781186546,0.037007109559268,-0.706137715918128));
#6593=DIRECTION('center_axis',(0.,0.998629534754574,0.0523359562429438));
#6594=DIRECTION('ref_axis',(-4.44089209850063E-15,0.0523359562429438,-0.998629534754574));
#6595=DIRECTION('',(1.22464679914735E-16,0.998629534754574,0.0523359562429436));
#6596=DIRECTION('',(-1.22464679914735E-16,-0.998629534754574,-0.0523359562429436));
#6597=DIRECTION('center_axis',(-1.15887540197796E-16,-1.,0.));
#6598=DIRECTION('ref_axis',(-0.707106781186543,0.,-0.707106781186552));
#6599=DIRECTION('center_axis',(-1.92592994438726E-32,-1.,-1.38777878078145E-16));
#6600=DIRECTION('ref_axis',(-1.,0.,1.38777878078146E-16));
#6601=DIRECTION('',(-1.15887540197796E-16,-1.,0.));
#6602=DIRECTION('',(-1.15887540197796E-16,-1.,0.));
#6603=DIRECTION('center_axis',(0.,1.,0.));
#6604=DIRECTION('ref_axis',(0.,0.,-1.));
#6605=DIRECTION('',(1.15887540197796E-16,1.,0.));
#6606=DIRECTION('center_axis',(-1.22464679914735E-16,0.0523359562429436,
-0.998629534754574));
#6607=DIRECTION('ref_axis',(-0.707106781186543,0.706137715918131,0.0370071095592682));
#6608=DIRECTION('center_axis',(-1.22464679914735E-16,0.0523359562429436,
-0.998629534754574));
#6609=DIRECTION('ref_axis',(-0.707106781186543,0.706137715918131,0.0370071095592682));
#6610=DIRECTION('',(-1.22464679914735E-16,0.0523359562429436,-0.998629534754574));
#6611=DIRECTION('center_axis',(-7.26307295458646E-18,-0.0523359562429439,
0.998629534754574));
#6612=DIRECTION('ref_axis',(0.,0.998629534754574,0.0523359562429439));
#6613=DIRECTION('',(1.22464679914735E-16,-0.0523359562429436,0.998629534754574));
#6614=DIRECTION('center_axis',(0.394083367888005,-0.393543290328517,-0.830555222601997));
#6615=DIRECTION('ref_axis',(-0.587693798946408,0.586888385020007,-0.556936282000507));
#6616=DIRECTION('center_axis',(-1.,1.22632743828103E-16,0.));
#6617=DIRECTION('ref_axis',(0.,0.725374371012287,-0.688354575693754));
#6618=DIRECTION('center_axis',(0.390410898126422,-0.823885313678333,0.410843425807539));
#6619=DIRECTION('ref_axis',(-0.567534338678019,-0.566756552591281,-0.597236790993447));
#6620=DIRECTION('center_axis',(-1.,-1.17957202625974E-16,0.));
#6621=DIRECTION('ref_axis',(0.,-0.688354575693754,-0.725374371012288));
#6622=DIRECTION('center_axis',(-0.0104758037092835,-0.999725906971524,-0.0209372506936635));
#6623=DIRECTION('ref_axis',(-0.447336224057694,0.0234117690481668,-0.894059389367306));
#6624=DIRECTION('center_axis',(-1.,-2.3399721473752E-15,0.));
#6625=DIRECTION('ref_axis',(0.,0.0261769483078655,-0.999657324975557));
#6626=DIRECTION('center_axis',(0.390410898126423,-0.823885313678334,0.410843425807536));
#6627=DIRECTION('ref_axis',(-0.567534338678025,-0.566756552591274,-0.597236790993448));
#6628=DIRECTION('center_axis',(-1.,1.22632743828103E-16,0.));
#6629=DIRECTION('ref_axis',(0.,-0.68835457569376,-0.725374371012282));
#6630=DIRECTION('center_axis',(-1.,-2.3399721473752E-15,0.));
#6631=DIRECTION('ref_axis',(0.,0.0261769483078687,-0.999657324975557));
#6632=DIRECTION('',(1.,2.3399721473752E-15,0.));
#6633=DIRECTION('center_axis',(-1.,0.,0.));
#6634=DIRECTION('ref_axis',(0.,0.0523359562429437,-0.998629534754574));
#6635=DIRECTION('',(-1.,-2.3399721473752E-15,0.));
#6636=DIRECTION('center_axis',(1.22464679914735E-16,-0.0523359562429436,
0.998629534754574));
#6637=DIRECTION('ref_axis',(1.,-1.15887540197796E-16,-1.28706152456444E-16));
#6638=DIRECTION('',(-1.,-1.24043417806272E-16,1.16131903766198E-16));
#6639=DIRECTION('',(1.22464679914735E-16,0.998629534754574,0.0523359562429436));
#6640=DIRECTION('center_axis',(1.,1.24043417806272E-16,-1.16131903766198E-16));
#6641=DIRECTION('ref_axis',(0.,0.669130606358857,0.743144825477395));
#6642=DIRECTION('',(1.,1.24043417806272E-16,-1.16131903766198E-16));
#6643=DIRECTION('center_axis',(-1.,1.15887540197796E-16,1.28706152456444E-16));
#6644=DIRECTION('ref_axis',(2.77555756156289E-16,0.669130606358857,0.743144825477395));
#6645=DIRECTION('center_axis',(1.17795546379327E-16,-0.998629534754574,
-0.0523359562429438));
#6646=DIRECTION('ref_axis',(-1.,-1.17634111676948E-16,-6.16494256092212E-18));
#6647=DIRECTION('',(-1.,-1.17957202625974E-16,0.));
#6648=DIRECTION('',(-1.22464679914735E-16,0.0523359562429438,-0.998629534754574));
#6649=DIRECTION('center_axis',(1.,1.17957202625974E-16,0.));
#6650=DIRECTION('ref_axis',(0.,-0.688354575693754,-0.725374371012288));
#6651=DIRECTION('',(1.,1.17957202625974E-16,0.));
#6652=DIRECTION('center_axis',(1.,1.17957202625974E-16,0.));
#6653=DIRECTION('ref_axis',(0.,-0.688354575693754,-0.725374371012288));
#6654=DIRECTION('center_axis',(0.,0.,1.));
#6655=DIRECTION('ref_axis',(0.,1.,0.));
#6656=DIRECTION('',(-1.,1.22632743828103E-16,0.));
#6657=DIRECTION('center_axis',(0.,0.,-1.));
#6658=DIRECTION('ref_axis',(1.15887540197796E-16,1.,0.));
#6659=DIRECTION('center_axis',(0.,0.,1.));
#6660=DIRECTION('ref_axis',(0.,1.,0.));
#6661=DIRECTION('center_axis',(0.,0.,-1.));
#6662=DIRECTION('ref_axis',(1.15887540197796E-16,1.,0.));
#6663=DIRECTION('',(-1.,1.22632743828103E-16,0.));
#6664=DIRECTION('center_axis',(0.,0.,-1.));
#6665=DIRECTION('ref_axis',(1.15887540197796E-16,1.,0.));
#6666=DIRECTION('center_axis',(0.,0.,-1.));
#6667=DIRECTION('ref_axis',(1.15887540197796E-16,1.,0.));
#6668=DIRECTION('',(-1.,1.22632743828103E-16,0.));
#6669=DIRECTION('center_axis',(0.,0.,-1.));
#6670=DIRECTION('ref_axis',(1.15887540197796E-16,1.,0.));
#6671=DIRECTION('center_axis',(0.,0.,-1.));
#6672=DIRECTION('ref_axis',(1.15887540197796E-16,1.,0.));
#6673=DIRECTION('',(1.15887540197796E-16,1.,0.));
#6674=DIRECTION('center_axis',(-1.,1.22632743828103E-16,0.));
#6675=DIRECTION('ref_axis',(0.,0.725374371012287,-0.688354575693754));
#6676=DIRECTION('',(1.,-1.22632743828103E-16,0.));
#6677=DIRECTION('center_axis',(1.,-1.22632743828103E-16,0.));
#6678=DIRECTION('ref_axis',(0.,0.725374371012287,-0.688354575693754));
#6679=DIRECTION('',(-1.,1.22632743828103E-16,0.));
#6680=DIRECTION('center_axis',(1.22464679914735E-16,0.998629534754574,0.0523359562429436));
#6681=DIRECTION('ref_axis',(-1.,1.15887540197796E-16,1.28706152456444E-16));
#6682=DIRECTION('',(-1.,1.15887540197796E-16,1.28706152456444E-16));
#6683=DIRECTION('',(1.22464679914735E-16,-0.0523359562429436,0.998629534754574));
#6684=DIRECTION('center_axis',(1.22464679914735E-16,-0.0523359562429436,
0.998629534754574));
#6685=DIRECTION('ref_axis',(0.707106781186554,0.70613771591812,0.0370071095592677));
#6686=DIRECTION('center_axis',(-1.22464679914735E-16,0.0523359562429436,
-0.998629534754574));
#6687=DIRECTION('ref_axis',(0.707106781186554,0.70613771591812,0.0370071095592677));
#6688=DIRECTION('',(-1.22464679914735E-16,0.0523359562429436,-0.998629534754574));
#6689=DIRECTION('center_axis',(-7.26307295458633E-18,-0.0523359562429443,
0.998629534754574));
#6690=DIRECTION('ref_axis',(1.,-1.38777878078143E-16,0.));
#6691=DIRECTION('center_axis',(1.15887540197796E-16,1.,0.));
#6692=DIRECTION('ref_axis',(0.707106781186553,0.,-0.707106781186543));
#6693=DIRECTION('center_axis',(1.54074395550977E-31,1.,1.11022302462516E-15));
#6694=DIRECTION('ref_axis',(1.,0.,-1.38777878078143E-16));
#6695=DIRECTION('',(1.15887540197796E-16,1.,0.));
#6696=DIRECTION('center_axis',(-7.70371977754883E-32,-1.,-5.55111512312578E-16));
#6697=DIRECTION('ref_axis',(0.,5.55111512312578E-16,-1.));
#6698=DIRECTION('',(-1.15887540197796E-16,-1.,0.));
#6699=DIRECTION('center_axis',(-0.394083367888014,-0.393543290328507,-0.830555222601997));
#6700=DIRECTION('ref_axis',(0.587693798946418,0.586888385020002,-0.556936282000501));
#6701=DIRECTION('center_axis',(-1.22464679914735E-16,0.0523359562429438,
-0.998629534754574));
#6702=DIRECTION('ref_axis',(0.707106781186552,-0.706137715918122,-0.0370071095592676));
#6703=DIRECTION('center_axis',(0.,0.0523359562429437,-0.998629534754574));
#6704=DIRECTION('ref_axis',(1.,0.,0.));
#6705=DIRECTION('center_axis',(0.,-0.052335956242944,0.998629534754574));
#6706=DIRECTION('ref_axis',(0.,-0.998629534754574,-0.052335956242944));
#6707=DIRECTION('',(1.22464679914735E-16,-0.0523359562429438,0.998629534754574));
#6708=DIRECTION('center_axis',(1.,-1.15887540197796E-16,-1.28706152456444E-16));
#6709=DIRECTION('ref_axis',(0.,0.669130606358857,0.743144825477395));
#6710=DIRECTION('center_axis',(0.,0.998629534754574,0.0523359562429438));
#6711=DIRECTION('ref_axis',(1.,0.,0.));
#6712=DIRECTION('center_axis',(1.,-1.15887540197796E-16,-1.28706152456444E-16));
#6713=DIRECTION('ref_axis',(1.73191211247099E-16,0.669130606358857,0.743144825477395));
#6714=DIRECTION('center_axis',(-1.22464679914735E-16,-0.998629534754574,
-0.0523359562429436));
#6715=DIRECTION('ref_axis',(0.707106781186552,0.0370071095592739,-0.706137715918121));
#6716=DIRECTION('center_axis',(7.26307295458625E-18,0.998629534754574,0.0523359562429437));
#6717=DIRECTION('ref_axis',(1.,0.,-1.38777878078143E-16));
#6718=DIRECTION('',(-1.22464679914735E-16,-0.998629534754574,-0.0523359562429436));
#6719=DIRECTION('center_axis',(-0.39041089812642,-0.823885313678338,0.410843425807532));
#6720=DIRECTION('ref_axis',(0.567534338678029,-0.566756552591277,-0.597236790993441));
#6721=DIRECTION('center_axis',(0.0104758037092835,-0.999725906971524,-0.0209372506936633));
#6722=DIRECTION('ref_axis',(0.447336224057695,0.0234117690481669,-0.894059389367305));
#6723=DIRECTION('center_axis',(1.15887540197796E-16,1.,0.));
#6724=DIRECTION('ref_axis',(0.707106781186549,0.,-0.707106781186546));
#6725=DIRECTION('center_axis',(1.22464679914735E-16,-0.0523359562429436,
0.998629534754574));
#6726=DIRECTION('ref_axis',(1.,-1.15887540197796E-16,-1.28706152456444E-16));
#6727=DIRECTION('',(1.,-1.15887540197796E-16,-1.28706152456444E-16));
#6728=DIRECTION('center_axis',(-1.22464679914735E-16,0.0523359562429436,
-0.998629534754574));
#6729=DIRECTION('ref_axis',(0.707106781186549,-0.706137715918125,-0.0370071095592675));
#6730=DIRECTION('',(1.22464679914735E-16,0.998629534754574,0.0523359562429436));
#6731=DIRECTION('center_axis',(-1.22464679914735E-16,0.0523359562429436,
-0.998629534754574));
#6732=DIRECTION('ref_axis',(0.793353340291232,0.607927142627512,0.0318601115109887));
#6733=DIRECTION('',(-0.965925826289068,0.258464342596355,0.0135455422193262));
#6734=DIRECTION('',(-1.22464679914735E-16,-0.998629534754574,-0.0523359562429436));
#6735=DIRECTION('',(-1.,1.15887540197796E-16,1.28706152456444E-16));
#6736=DIRECTION('',(1.22464679914735E-16,0.998629534754574,0.0523359562429436));
#6737=DIRECTION('',(1.,-1.15887540197796E-16,-1.28706152456444E-16));
#6738=DIRECTION('',(-1.22464679914735E-16,-0.998629534754574,-0.0523359562429436));
#6739=DIRECTION('',(0.965925826289068,0.258464342596355,0.0135455422193259));
#6740=DIRECTION('center_axis',(-1.22464679914735E-16,0.0523359562429436,
-0.998629534754574));
#6741=DIRECTION('ref_axis',(0.793353340291234,-0.60792714262751,-0.0318601115109944));
#6742=DIRECTION('',(1.22464679914735E-16,0.998629534754574,0.0523359562429436));
#6743=DIRECTION('',(-1.22464679914735E-16,-0.998629534754574,-0.0523359562429436));
#6744=DIRECTION('center_axis',(-1.22464679914735E-16,0.0523359562429436,
-0.998629534754574));
#6745=DIRECTION('ref_axis',(1.,-1.15887540197796E-16,-1.28706152456444E-16));
#6746=DIRECTION('center_axis',(-1.22464679914735E-16,0.0523359562429436,
-0.998629534754574));
#6747=DIRECTION('ref_axis',(1.,-1.15887540197796E-16,-1.28706152456444E-16));
#6748=DIRECTION('center_axis',(-1.22464679914735E-16,0.0523359562429436,
-0.998629534754574));
#6749=DIRECTION('ref_axis',(1.,-1.15887540197796E-16,-1.28706152456444E-16));
#6750=DIRECTION('center_axis',(-1.22464679914735E-16,0.0523359562429436,
-0.998629534754574));
#6751=DIRECTION('ref_axis',(1.,-1.15887540197796E-16,-1.28706152456444E-16));
#6752=DIRECTION('center_axis',(-1.22464679914735E-16,0.0523359562429436,
-0.998629534754574));
#6753=DIRECTION('ref_axis',(1.,-1.15887540197796E-16,-1.28706152456444E-16));
#6754=DIRECTION('center_axis',(-1.22464679914735E-16,0.0523359562429436,
-0.998629534754574));
#6755=DIRECTION('ref_axis',(1.,-1.15887540197796E-16,-1.28706152456444E-16));
#6756=DIRECTION('center_axis',(0.,0.,1.));
#6757=DIRECTION('ref_axis',(0.,1.,0.));
#6758=DIRECTION('center_axis',(0.,0.,-1.));
#6759=DIRECTION('ref_axis',(1.15887540197796E-16,1.,0.));
#6760=DIRECTION('center_axis',(1.15887540197796E-16,1.,0.));
#6761=DIRECTION('ref_axis',(0.707106781186553,0.,-0.707106781186543));
#6762=DIRECTION('',(-1.15887540197796E-16,-1.,0.));
#6763=DIRECTION('center_axis',(0.,1.,0.));
#6764=DIRECTION('ref_axis',(1.,0.,-1.38777878078143E-16));
#6765=DIRECTION('',(1.15887540197796E-16,1.,0.));
#6766=DIRECTION('',(1.15887540197796E-16,1.,0.));
#6767=DIRECTION('center_axis',(1.22464679914735E-16,-0.0523359562429436,
0.998629534754574));
#6768=DIRECTION('ref_axis',(0.707106781186549,-0.706137715918125,-0.0370071095592675));
#6769=DIRECTION('',(-1.22464679914735E-16,0.0523359562429436,-0.998629534754574));
#6770=DIRECTION('center_axis',(1.38587687819403E-16,-0.052335956242944,
0.998629534754574));
#6771=DIRECTION('ref_axis',(0.,-0.998629534754574,-0.052335956242944));
#6772=DIRECTION('',(1.22464679914735E-16,-0.0523359562429436,0.998629534754574));
#6773=DIRECTION('center_axis',(-0.390410898126421,-0.823885313678337,0.410843425807533));
#6774=DIRECTION('ref_axis',(0.567534338678031,-0.566756552591273,-0.597236790993443));
#6775=DIRECTION('center_axis',(1.,-1.22632743828103E-16,0.));
#6776=DIRECTION('ref_axis',(0.,-0.68835457569376,-0.725374371012282));
#6777=DIRECTION('center_axis',(1.,-1.22632743828103E-16,0.));
#6778=DIRECTION('ref_axis',(0.,-0.688354575693758,-0.725374371012284));
#6779=DIRECTION('',(1.,-1.22632743828103E-16,0.));
#6780=DIRECTION('',(1.,-1.22632743828103E-16,0.));
#6781=DIRECTION('',(-1.,1.22632743828103E-16,0.));
#6782=DIRECTION('center_axis',(-1.22464679914735E-16,-0.998629534754574,
-0.0523359562429436));
#6783=DIRECTION('ref_axis',(1.,-1.15887540197796E-16,-1.28706152456444E-16));
#6784=DIRECTION('center_axis',(-1.22464679914735E-16,0.0523359562429462,
-0.998629534754574));
#6785=DIRECTION('ref_axis',(0.793353340291234,-0.60792714262751,-0.0318601115109944));
#6786=DIRECTION('',(-1.24260597809012E-16,0.0523359562429462,-0.998629534754574));
#6787=DIRECTION('center_axis',(-9.473903143468E-15,0.0523359562429437,-0.998629534754574));
#6788=DIRECTION('ref_axis',(0.793353340291234,-0.60792714262751,-0.0318601115109944));
#6789=DIRECTION('',(1.22464679914735E-16,-0.0523359562429462,0.998629534754574));
#6790=DIRECTION('center_axis',(-0.258819045102522,0.964602058514479,0.0505526517785964));
#6791=DIRECTION('ref_axis',(0.965925826289068,0.258464342596355,0.0135455422193174));
#6792=DIRECTION('',(1.22464679914735E-16,-0.0523359562429462,0.998629534754574));
#6793=DIRECTION('',(0.965925826289068,0.258464342596355,0.0135455422193174));
#6794=DIRECTION('center_axis',(1.22464679914736E-16,-0.0523359562429412,
0.998629534754574));
#6795=DIRECTION('ref_axis',(0.793353340291232,0.607927142627512,0.0318601115109887));
#6796=DIRECTION('',(-1.22464679914736E-16,0.0523359562429413,-0.998629534754574));
#6797=DIRECTION('center_axis',(-9.473903143468E-15,0.0523359562429437,-0.998629534754574));
#6798=DIRECTION('ref_axis',(0.793353340291232,0.607927142627512,0.0318601115109887));
#6799=DIRECTION('',(1.20668762020459E-16,-0.0523359562429413,0.998629534754574));
#6800=DIRECTION('center_axis',(-0.258819045102522,-0.964602058514479,-0.0505526517785915));
#6801=DIRECTION('ref_axis',(-0.965925826289068,0.258464342596354,0.0135455422193317));
#6802=DIRECTION('',(-0.965925826289068,0.258464342596354,0.0135455422193317));
#6803=DIRECTION('',(-1.22464679914736E-16,0.0523359562429413,-0.998629534754574));
#6804=DIRECTION('center_axis',(-9.473903143468E-15,0.0523359562429437,-0.998629534754574));
#6805=DIRECTION('ref_axis',(-1.,0.,9.48690461653163E-15));
#6806=DIRECTION('',(1.22464679914735E-16,0.998629534754574,0.0523359562429438));
#6807=DIRECTION('',(-1.22464679914735E-16,-0.998629534754574,-0.0523359562429438));
#6808=DIRECTION('center_axis',(1.,-1.15887540197796E-16,-1.28706152456444E-16));
#6809=DIRECTION('ref_axis',(1.22464679914735E-16,0.998629534754574,0.0523359562429436));
#6810=DIRECTION('center_axis',(1.22464679914735E-16,-0.0523359562429436,
0.998629534754574));
#6811=DIRECTION('ref_axis',(1.,-1.15887540197796E-16,-1.28706152456444E-16));
#6812=DIRECTION('center_axis',(0.,0.,-1.));
#6813=DIRECTION('ref_axis',(1.15887540197796E-16,1.,0.));
#6814=DIRECTION('',(1.22464679914735E-16,-0.0523359562429436,0.998629534754574));
#6815=DIRECTION('center_axis',(1.22464679914735E-16,-0.0523359562429436,
0.998629534754574));
#6816=DIRECTION('ref_axis',(1.,-1.15887540197796E-16,-1.28706152456444E-16));
#6817=DIRECTION('center_axis',(0.,0.,-1.));
#6818=DIRECTION('ref_axis',(1.15887540197796E-16,1.,0.));
#6819=DIRECTION('center_axis',(-1.,1.15887540197796E-16,1.28706152456444E-16));
#6820=DIRECTION('ref_axis',(-1.22464679914735E-16,-0.998629534754574,-0.0523359562429436));
#6821=DIRECTION('center_axis',(1.22464679914735E-16,-0.0523359562429436,
0.998629534754574));
#6822=DIRECTION('ref_axis',(1.,-1.15887540197796E-16,-1.28706152456444E-16));
#6823=DIRECTION('',(1.22464679914735E-16,-0.0523359562429436,0.998629534754574));
#6824=DIRECTION('center_axis',(1.22464679914735E-16,-0.0523359562429436,
0.998629534754574));
#6825=DIRECTION('ref_axis',(1.,-1.15887540197796E-16,-1.28706152456444E-16));
#6826=DIRECTION('center_axis',(1.22464679914735E-16,-0.0523359562429436,
0.998629534754574));
#6827=DIRECTION('ref_axis',(1.,-1.15887540197796E-16,-1.28706152456444E-16));
#6828=DIRECTION('',(1.22464679914735E-16,-0.0523359562429436,0.998629534754574));
#6829=DIRECTION('center_axis',(1.22464679914735E-16,-0.0523359562429436,
0.998629534754574));
#6830=DIRECTION('ref_axis',(1.,-1.15887540197796E-16,-1.28706152456444E-16));
#6831=DIRECTION('center_axis',(0.,0.,1.));
#6832=DIRECTION('ref_axis',(0.,1.,0.));
#6833=DIRECTION('center_axis',(0.,0.,-1.));
#6834=DIRECTION('ref_axis',(1.15887540197796E-16,1.,0.));
#6835=DIRECTION('center_axis',(0.,0.,-1.));
#6836=DIRECTION('ref_axis',(1.15887540197796E-16,1.,0.));
#6837=DIRECTION('center_axis',(0.,0.,-1.));
#6838=DIRECTION('ref_axis',(1.15887540197796E-16,1.,0.));
#6839=DIRECTION('',(-1.22464679914735E-16,0.0523359562429436,-0.998629534754574));
#6840=DIRECTION('',(-1.22464679914735E-16,0.0523359562429436,-0.998629534754574));
#6841=DIRECTION('',(-1.22464679914735E-16,0.0523359562429436,-0.998629534754574));
#6842=DIRECTION('',(-1.22464679914735E-16,0.0523359562429436,-0.998629534754574));
#6843=DIRECTION('',(-1.22464679914735E-16,0.0523359562429436,-0.998629534754574));
#6844=DIRECTION('',(-1.22464679914735E-16,0.0523359562429436,-0.998629534754574));
#6845=DIRECTION('',(-1.22464679914735E-16,0.0523359562429436,-0.998629534754574));
#6846=DIRECTION('',(-1.22464679914735E-16,0.0523359562429436,-0.998629534754574));
#6847=DIRECTION('',(-1.22464679914735E-16,0.0523359562429436,-0.998629534754574));
#6848=DIRECTION('center_axis',(-1.22464679914735E-16,-0.998629534754574,
-0.0523359562429436));
#6849=DIRECTION('ref_axis',(-1.,1.15887540197796E-16,1.28706152456444E-16));
#6850=DIRECTION('',(-1.,1.15887540197796E-16,1.28706152456444E-16));
#6851=DIRECTION('',(-1.,1.15887540197796E-16,1.28706152456444E-16));
#6852=DIRECTION('',(-1.22464679914735E-16,0.0523359562429436,-0.998629534754574));
#6853=DIRECTION('',(-1.22464679914735E-16,0.0523359562429436,-0.998629534754574));
#6854=DIRECTION('',(-1.22464679914735E-16,0.0523359562429436,-0.998629534754574));
#6855=DIRECTION('',(-1.22464679914735E-16,0.0523359562429436,-0.998629534754574));
#6856=DIRECTION('center_axis',(1.22464679914735E-16,0.998629534754574,0.0523359562429436));
#6857=DIRECTION('ref_axis',(1.,-1.15887540197796E-16,-1.28706152456444E-16));
#6858=DIRECTION('',(1.,-1.15887540197796E-16,-1.28706152456444E-16));
#6859=DIRECTION('',(1.,-1.15887540197796E-16,-1.28706152456444E-16));
#6860=DIRECTION('',(-1.22464679914735E-16,0.0523359562429436,-0.998629534754574));
#6861=DIRECTION('',(-1.22464679914735E-16,0.0523359562429436,-0.998629534754574));
#6862=DIRECTION('',(-1.22464679914735E-16,0.0523359562429436,-0.998629534754574));
#6863=DIRECTION('',(-1.22464679914735E-16,0.0523359562429436,-0.998629534754574));
#6864=DIRECTION('',(-1.22464679914735E-16,0.0523359562429436,-0.998629534754574));
#6865=DIRECTION('',(-1.22464679914735E-16,0.0523359562429436,-0.998629534754574));
#6866=DIRECTION('center_axis',(0.122721399318166,0.99108105493222,0.0519403571784912));
#6867=DIRECTION('ref_axis',(0.992441161051572,-0.12255321390553,-0.00642274178478847));
#6868=DIRECTION('',(0.992441161051572,-0.12255321390553,-0.00642274178478847));
#6869=DIRECTION('',(-1.22464679914735E-16,0.0523359562429436,-0.998629534754574));
#6870=DIRECTION('',(0.992441161051572,-0.12255321390553,-0.00642274178478847));
#6871=DIRECTION('center_axis',(1.22464679914735E-16,-0.0523359562429436,
0.998629534754574));
#6872=DIRECTION('ref_axis',(-1.,1.15887540197796E-16,1.28706152456444E-16));
#6873=DIRECTION('',(-1.22464679914735E-16,0.0523359562429436,-0.998629534754574));
#6874=DIRECTION('',(-1.22464679914735E-16,0.0523359562429436,-0.998629534754574));
#6875=DIRECTION('',(-1.22464679914735E-16,0.0523359562429436,-0.998629534754574));
#6876=DIRECTION('',(-1.22464679914735E-16,0.0523359562429436,-0.998629534754574));
#6877=DIRECTION('',(-1.22464679914735E-16,0.0523359562429436,-0.998629534754574));
#6878=DIRECTION('',(-1.22464679914735E-16,0.0523359562429436,-0.998629534754574));
#6879=DIRECTION('',(-1.22464679914735E-16,0.0523359562429436,-0.998629534754574));
#6880=DIRECTION('',(-1.22464679914735E-16,0.0523359562429436,-0.998629534754574));
#6881=DIRECTION('',(-1.22464679914735E-16,0.0523359562429436,-0.998629534754574));
#6882=DIRECTION('',(-1.22464679914735E-16,0.0523359562429436,-0.998629534754574));
#6883=DIRECTION('',(-1.22464679914735E-16,0.0523359562429436,-0.998629534754574));
#6884=DIRECTION('',(-1.22464679914735E-16,0.0523359562429436,-0.998629534754574));
#6885=DIRECTION('',(-1.22464679914735E-16,0.0523359562429436,-0.998629534754574));
#6886=DIRECTION('',(-1.22464679914735E-16,0.0523359562429436,-0.998629534754574));
#6887=DIRECTION('',(-1.22464679914735E-16,0.0523359562429436,-0.998629534754574));
#6888=DIRECTION('',(-1.22464679914735E-16,0.0523359562429436,-0.998629534754574));
#6889=DIRECTION('center_axis',(1.,-1.15887540197796E-16,-1.28706152456444E-16));
#6890=DIRECTION('ref_axis',(-1.22464679914735E-16,-0.998629534754574,-0.0523359562429436));
#6891=DIRECTION('',(-1.22464679914735E-16,-0.998629534754574,-0.0523359562429436));
#6892=DIRECTION('',(-1.22464679914735E-16,-0.998629534754574,-0.0523359562429436));
#6893=DIRECTION('',(-1.22464679914735E-16,0.0523359562429436,-0.998629534754574));
#6894=DIRECTION('',(-1.22464679914735E-16,0.0523359562429436,-0.998629534754574));
#6895=DIRECTION('',(-1.22464679914735E-16,0.0523359562429436,-0.998629534754574));
#6896=DIRECTION('',(-1.22464679914735E-16,0.0523359562429436,-0.998629534754574));
#6897=DIRECTION('center_axis',(1.,-1.15887540197796E-16,-1.28706152456444E-16));
#6898=DIRECTION('ref_axis',(-1.22464679914735E-16,-0.998629534754574,-0.0523359562429436));
#6899=DIRECTION('',(-1.22464679914735E-16,-0.998629534754574,-0.0523359562429436));
#6900=DIRECTION('',(-1.22464679914735E-16,0.0523359562429436,-0.998629534754574));
#6901=DIRECTION('',(-1.22464679914735E-16,-0.998629534754574,-0.0523359562429436));
#6902=DIRECTION('center_axis',(1.22464679914735E-16,0.998629534754574,0.0523359562429436));
#6903=DIRECTION('ref_axis',(1.,-1.15887540197796E-16,-1.28706152456444E-16));
#6904=DIRECTION('',(1.,-1.15887540197796E-16,-1.28706152456444E-16));
#6905=DIRECTION('',(-1.22464679914735E-16,0.0523359562429436,-0.998629534754574));
#6906=DIRECTION('',(1.,-1.15887540197796E-16,-1.28706152456444E-16));
#6907=DIRECTION('center_axis',(-1.,1.15887540197796E-16,1.28706152456444E-16));
#6908=DIRECTION('ref_axis',(1.22464679914735E-16,0.998629534754574,0.0523359562429436));
#6909=DIRECTION('',(1.22464679914735E-16,0.998629534754574,0.0523359562429436));
#6910=DIRECTION('',(-1.22464679914735E-16,0.0523359562429436,-0.998629534754574));
#6911=DIRECTION('',(1.22464679914735E-16,0.998629534754574,0.0523359562429436));
#6912=DIRECTION('center_axis',(-1.22464679914735E-16,-0.998629534754574,
-0.0523359562429436));
#6913=DIRECTION('ref_axis',(-1.,1.15887540197796E-16,1.28706152456444E-16));
#6914=DIRECTION('',(-1.,1.15887540197796E-16,1.28706152456444E-16));
#6915=DIRECTION('',(-1.,1.15887540197796E-16,1.28706152456444E-16));
#6916=DIRECTION('center_axis',(1.22464679914735E-16,-0.0523359562429436,
0.998629534754574));
#6917=DIRECTION('ref_axis',(-1.,1.15887540197796E-16,1.28706152456444E-16));
#6918=DIRECTION('',(-1.22464679914735E-16,0.0523359562429436,-0.998629534754574));
#6919=DIRECTION('',(-1.22464679914735E-16,0.0523359562429436,-0.998629534754574));
#6920=DIRECTION('center_axis',(0.937477617529073,-0.347568582537085,-0.0182152975593231));
#6921=DIRECTION('ref_axis',(-0.348045566890333,-0.936192837035885,-0.0490637875697406));
#6922=DIRECTION('',(-0.348045566890333,-0.936192837035884,-0.0490637875697405));
#6923=DIRECTION('',(-0.348045566890333,-0.936192837035884,-0.0490637875697405));
#6924=DIRECTION('',(-1.22464679914735E-16,0.0523359562429436,-0.998629534754574));
#6925=DIRECTION('',(-1.22464679914735E-16,0.0523359562429436,-0.998629534754574));
#6926=DIRECTION('',(-1.22464679914735E-16,0.0523359562429436,-0.998629534754574));
#6927=DIRECTION('',(-1.22464679914735E-16,0.0523359562429436,-0.998629534754574));
#6928=DIRECTION('',(-1.22464679914735E-16,0.0523359562429436,-0.998629534754574));
#6929=DIRECTION('center_axis',(1.,-1.15887540197796E-16,-1.28706152456444E-16));
#6930=DIRECTION('ref_axis',(-1.22464679914735E-16,-0.998629534754574,-0.0523359562429436));
#6931=DIRECTION('',(-1.22464679914735E-16,-0.998629534754574,-0.0523359562429436));
#6932=DIRECTION('',(-1.22464679914735E-16,-0.998629534754574,-0.0523359562429436));
#6933=DIRECTION('',(-1.22464679914735E-16,0.0523359562429436,-0.998629534754574));
#6934=DIRECTION('',(-1.22464679914735E-16,0.0523359562429436,-0.998629534754574));
#6935=DIRECTION('',(-1.22464679914735E-16,0.0523359562429436,-0.998629534754574));
#6936=DIRECTION('center_axis',(1.,-1.15887540197796E-16,-1.28706152456444E-16));
#6937=DIRECTION('ref_axis',(-1.22464679914735E-16,-0.998629534754574,-0.0523359562429436));
#6938=DIRECTION('',(-1.22464679914735E-16,-0.998629534754574,-0.0523359562429436));
#6939=DIRECTION('',(-1.22464679914735E-16,0.0523359562429436,-0.998629534754574));
#6940=DIRECTION('',(-1.22464679914735E-16,-0.998629534754574,-0.0523359562429436));
#6941=DIRECTION('center_axis',(1.22464679914735E-16,0.998629534754574,0.0523359562429436));
#6942=DIRECTION('ref_axis',(1.,-1.15887540197796E-16,-1.28706152456444E-16));
#6943=DIRECTION('',(1.,-1.15887540197796E-16,-1.28706152456444E-16));
#6944=DIRECTION('',(-1.22464679914735E-16,0.0523359562429436,-0.998629534754574));
#6945=DIRECTION('',(1.,-1.15887540197796E-16,-1.28706152456444E-16));
#6946=DIRECTION('center_axis',(-1.,1.15887540197796E-16,1.28706152456444E-16));
#6947=DIRECTION('ref_axis',(1.22464679914735E-16,0.998629534754574,0.0523359562429436));
#6948=DIRECTION('',(1.22464679914735E-16,0.998629534754574,0.0523359562429436));
#6949=DIRECTION('',(-1.22464679914735E-16,0.0523359562429436,-0.998629534754574));
#6950=DIRECTION('',(1.22464679914735E-16,0.998629534754574,0.0523359562429436));
#6951=DIRECTION('center_axis',(-1.22464679914735E-16,-0.998629534754574,
-0.0523359562429436));
#6952=DIRECTION('ref_axis',(-1.,1.15887540197796E-16,1.28706152456444E-16));
#6953=DIRECTION('',(-1.,1.15887540197796E-16,1.28706152456444E-16));
#6954=DIRECTION('',(-1.,1.15887540197796E-16,1.28706152456444E-16));
#6955=DIRECTION('center_axis',(1.22464679914735E-16,-0.0523359562429436,
0.998629534754574));
#6956=DIRECTION('ref_axis',(-1.,1.15887540197796E-16,1.28706152456444E-16));
#6957=DIRECTION('',(-1.22464679914735E-16,0.0523359562429436,-0.998629534754574));
#6958=DIRECTION('',(-1.22464679914735E-16,0.0523359562429436,-0.998629534754574));
#6959=DIRECTION('',(-1.22464679914735E-16,0.0523359562429436,-0.998629534754574));
#6960=DIRECTION('',(-1.22464679914735E-16,0.0523359562429436,-0.998629534754574));
#6961=DIRECTION('',(-1.22464679914735E-16,0.0523359562429436,-0.998629534754574));
#6962=DIRECTION('',(-1.22464679914735E-16,0.0523359562429436,-0.998629534754574));
#6963=DIRECTION('',(-1.22464679914735E-16,0.0523359562429436,-0.998629534754574));
#6964=DIRECTION('',(-1.22464679914735E-16,0.0523359562429436,-0.998629534754574));
#6965=DIRECTION('',(-1.22464679914735E-16,0.0523359562429436,-0.998629534754574));
#6966=DIRECTION('',(-1.22464679914735E-16,0.0523359562429436,-0.998629534754574));
#6967=DIRECTION('',(-1.22464679914735E-16,0.0523359562429436,-0.998629534754574));
#6968=DIRECTION('',(-1.22464679914735E-16,0.0523359562429436,-0.998629534754574));
#6969=DIRECTION('',(-1.22464679914735E-16,0.0523359562429436,-0.998629534754574));
#6970=DIRECTION('',(-1.22464679914735E-16,0.0523359562429436,-0.998629534754574));
#6971=DIRECTION('',(-1.22464679914735E-16,0.0523359562429436,-0.998629534754574));
#6972=DIRECTION('',(-1.22464679914735E-16,0.0523359562429436,-0.998629534754574));
#6973=DIRECTION('',(-1.22464679914735E-16,0.0523359562429436,-0.998629534754574));
#6974=DIRECTION('center_axis',(1.22464679914735E-16,-0.0523359562429436,
0.998629534754574));
#6975=DIRECTION('ref_axis',(-1.,1.15887540197796E-16,1.28706152456444E-16));
#6976=DIRECTION('',(-1.22464679914735E-16,0.0523359562429436,-0.998629534754574));
#6977=DIRECTION('',(-1.22464679914735E-16,0.0523359562429436,-0.998629534754574));
#6978=DIRECTION('center_axis',(0.937478471126524,-0.347566286473297,-0.0182151772277189));
#6979=DIRECTION('ref_axis',(-0.348043267675551,-0.93619368946351,-0.0490638322435794));
#6980=DIRECTION('',(-0.348043267675551,-0.93619368946351,-0.0490638322435794));
#6981=DIRECTION('',(-0.348043267675551,-0.93619368946351,-0.0490638322435794));
#6982=DIRECTION('',(-1.22464679914735E-16,0.0523359562429436,-0.998629534754574));
#6983=DIRECTION('',(-1.22464679914735E-16,0.0523359562429436,-0.998629534754574));
#6984=DIRECTION('',(-1.22464679914735E-16,0.0523359562429436,-0.998629534754574));
#6985=DIRECTION('',(-1.22464679914735E-16,0.0523359562429436,-0.998629534754574));
#6986=DIRECTION('',(-1.22464679914735E-16,0.0523359562429436,-0.998629534754574));
#6987=DIRECTION('center_axis',(1.,-1.15887540197796E-16,-1.28706152456444E-16));
#6988=DIRECTION('ref_axis',(-1.22464679914735E-16,-0.998629534754574,-0.0523359562429436));
#6989=DIRECTION('',(-1.22464679914735E-16,-0.998629534754574,-0.0523359562429436));
#6990=DIRECTION('',(-1.22464679914735E-16,-0.998629534754574,-0.0523359562429436));
#6991=DIRECTION('',(-1.22464679914735E-16,0.0523359562429436,-0.998629534754574));
#6992=DIRECTION('',(-1.22464679914735E-16,0.0523359562429436,-0.998629534754574));
#6993=DIRECTION('',(-1.22464679914735E-16,0.0523359562429436,-0.998629534754574));
#6994=DIRECTION('center_axis',(1.,-1.15887540197796E-16,-1.28706152456444E-16));
#6995=DIRECTION('ref_axis',(-1.22464679914735E-16,-0.998629534754574,-0.0523359562429436));
#6996=DIRECTION('',(-1.22464679914735E-16,-0.998629534754574,-0.0523359562429436));
#6997=DIRECTION('',(-1.22464679914735E-16,0.0523359562429436,-0.998629534754574));
#6998=DIRECTION('',(-1.22464679914735E-16,-0.998629534754574,-0.0523359562429436));
#6999=DIRECTION('center_axis',(1.22464679914735E-16,0.998629534754574,0.0523359562429436));
#7000=DIRECTION('ref_axis',(1.,-1.15887540197796E-16,-1.28706152456444E-16));
#7001=DIRECTION('',(1.,-1.15887540197796E-16,-1.28706152456444E-16));
#7002=DIRECTION('',(-1.22464679914735E-16,0.0523359562429436,-0.998629534754574));
#7003=DIRECTION('',(1.,-1.15887540197796E-16,-1.28706152456444E-16));
#7004=DIRECTION('center_axis',(-1.,1.15887540197796E-16,1.28706152456444E-16));
#7005=DIRECTION('ref_axis',(1.22464679914735E-16,0.998629534754574,0.0523359562429436));
#7006=DIRECTION('',(1.22464679914735E-16,0.998629534754574,0.0523359562429436));
#7007=DIRECTION('',(-1.22464679914735E-16,0.0523359562429436,-0.998629534754574));
#7008=DIRECTION('',(1.22464679914735E-16,0.998629534754574,0.0523359562429436));
#7009=DIRECTION('center_axis',(-1.22464679914735E-16,-0.998629534754574,
-0.0523359562429436));
#7010=DIRECTION('ref_axis',(-1.,1.15887540197796E-16,1.28706152456444E-16));
#7011=DIRECTION('',(-1.,1.15887540197796E-16,1.28706152456444E-16));
#7012=DIRECTION('',(-1.,1.15887540197796E-16,1.28706152456444E-16));
#7013=DIRECTION('center_axis',(1.22464679914735E-16,-0.0523359562429436,
0.998629534754574));
#7014=DIRECTION('ref_axis',(-1.,1.15887540197796E-16,1.28706152456444E-16));
#7015=DIRECTION('',(-1.22464679914735E-16,0.0523359562429436,-0.998629534754574));
#7016=DIRECTION('',(-1.22464679914735E-16,0.0523359562429436,-0.998629534754574));
#7017=DIRECTION('',(-1.22464679914735E-16,0.0523359562429436,-0.998629534754574));
#7018=DIRECTION('',(-1.22464679914735E-16,0.0523359562429436,-0.998629534754574));
#7019=DIRECTION('',(-1.22464679914735E-16,0.0523359562429436,-0.998629534754574));
#7020=DIRECTION('',(-1.22464679914735E-16,0.0523359562429436,-0.998629534754574));
#7021=DIRECTION('',(-1.22464679914735E-16,0.0523359562429436,-0.998629534754574));
#7022=DIRECTION('',(-1.22464679914735E-16,0.0523359562429436,-0.998629534754574));
#7023=DIRECTION('',(-1.22464679914735E-16,0.0523359562429436,-0.998629534754574));
#7024=DIRECTION('',(-1.22464679914735E-16,0.0523359562429436,-0.998629534754574));
#7025=DIRECTION('center_axis',(-1.,1.15887540197796E-16,1.28706152456444E-16));
#7026=DIRECTION('ref_axis',(1.22464679914735E-16,0.998629534754574,0.0523359562429436));
#7027=DIRECTION('',(1.22464679914735E-16,0.998629534754574,0.0523359562429436));
#7028=DIRECTION('',(1.22464679914735E-16,0.998629534754574,0.0523359562429436));
#7029=DIRECTION('',(-1.22464679914735E-16,0.0523359562429436,-0.998629534754574));
#7030=DIRECTION('center_axis',(1.22464679914735E-16,0.998629534754574,0.0523359562429436));
#7031=DIRECTION('ref_axis',(1.,-1.15887540197796E-16,-1.28706152456444E-16));
#7032=DIRECTION('',(1.,-1.15887540197796E-16,-1.28706152456444E-16));
#7033=DIRECTION('',(1.,-1.15887540197796E-16,-1.28706152456444E-16));
#7034=DIRECTION('',(-1.22464679914735E-16,0.0523359562429436,-0.998629534754574));
#7035=DIRECTION('',(-1.22464679914735E-16,0.0523359562429436,-0.998629534754574));
#7036=DIRECTION('',(-1.22464679914735E-16,0.0523359562429436,-0.998629534754574));
#7037=DIRECTION('',(-1.22464679914735E-16,0.0523359562429436,-0.998629534754574));
#7038=DIRECTION('center_axis',(1.,-1.15887540197796E-16,-1.28706152456444E-16));
#7039=DIRECTION('ref_axis',(-1.22464679914735E-16,-0.998629534754574,-0.0523359562429436));
#7040=DIRECTION('',(-1.22464679914735E-16,-0.998629534754574,-0.0523359562429436));
#7041=DIRECTION('',(-1.22464679914735E-16,-0.998629534754574,-0.0523359562429436));
#7042=DIRECTION('',(-1.22464679914735E-16,0.0523359562429436,-0.998629534754574));
#7043=DIRECTION('',(-1.22464679914735E-16,0.0523359562429436,-0.998629534754574));
#7044=DIRECTION('',(-1.22464679914735E-16,0.0523359562429436,-0.998629534754574));
#7045=DIRECTION('',(-1.22464679914735E-16,0.0523359562429436,-0.998629534754574));
#7046=DIRECTION('',(-1.22464679914735E-16,0.0523359562429436,-0.998629534754574));
#7047=DIRECTION('',(-1.22464679914735E-16,0.0523359562429436,-0.998629534754574));
#7048=DIRECTION('center_axis',(-1.,1.15887540197796E-16,1.28706152456444E-16));
#7049=DIRECTION('ref_axis',(1.22464679914735E-16,0.998629534754574,0.0523359562429436));
#7050=DIRECTION('',(1.22464679914735E-16,0.998629534754574,0.0523359562429436));
#7051=DIRECTION('',(-1.22464679914735E-16,0.0523359562429436,-0.998629534754574));
#7052=DIRECTION('',(1.22464679914735E-16,0.998629534754574,0.0523359562429436));
#7053=DIRECTION('center_axis',(-1.22464679914735E-16,-0.998629534754574,
-0.0523359562429436));
#7054=DIRECTION('ref_axis',(-1.,1.15887540197796E-16,1.28706152456444E-16));
#7055=DIRECTION('',(-1.,1.15887540197796E-16,1.28706152456444E-16));
#7056=DIRECTION('',(-1.,1.15887540197796E-16,1.28706152456444E-16));
#7057=DIRECTION('center_axis',(1.22464679914735E-16,-0.0523359562429436,
0.998629534754574));
#7058=DIRECTION('ref_axis',(-1.,1.15887540197796E-16,1.28706152456444E-16));
#7059=DIRECTION('',(-1.22464679914735E-16,0.0523359562429436,-0.998629534754574));
#7060=DIRECTION('',(-1.22464679914735E-16,0.0523359562429436,-0.998629534754574));
#7061=DIRECTION('',(-1.22464679914735E-16,0.0523359562429436,-0.998629534754574));
#7062=DIRECTION('',(-1.22464679914735E-16,0.0523359562429436,-0.998629534754574));
#7063=DIRECTION('',(-1.22464679914735E-16,0.0523359562429436,-0.998629534754574));
#7064=DIRECTION('center_axis',(-1.,1.15887540197796E-16,1.28706152456444E-16));
#7065=DIRECTION('ref_axis',(1.22464679914735E-16,0.998629534754574,0.0523359562429436));
#7066=DIRECTION('',(1.22464679914735E-16,0.998629534754574,0.0523359562429436));
#7067=DIRECTION('',(1.22464679914735E-16,0.998629534754574,0.0523359562429436));
#7068=DIRECTION('',(-1.22464679914735E-16,0.0523359562429436,-0.998629534754574));
#7069=DIRECTION('',(-1.22464679914735E-16,0.0523359562429436,-0.998629534754574));
#7070=DIRECTION('',(-1.22464679914735E-16,0.0523359562429436,-0.998629534754574));
#7071=DIRECTION('',(-1.22464679914735E-16,0.0523359562429436,-0.998629534754574));
#7072=DIRECTION('center_axis',(-0.135113673046345,-0.989472205961413,-0.0518560409767294));
#7073=DIRECTION('ref_axis',(-0.990830104183318,0.134928504453253,0.00707130328037703));
#7074=DIRECTION('',(-0.990830104183318,0.134928504453253,0.00707130328037703));
#7075=DIRECTION('',(-0.990830104183318,0.134928504453253,0.00707130328037703));
#7076=DIRECTION('',(-1.22464679914735E-16,0.0523359562429436,-0.998629534754574));
#7077=DIRECTION('',(-1.22464679914735E-16,0.0523359562429436,-0.998629534754574));
#7078=DIRECTION('',(-1.22464679914735E-16,0.0523359562429436,-0.998629534754574));
#7079=DIRECTION('',(-1.22464679914735E-16,0.0523359562429436,-0.998629534754574));
#7080=DIRECTION('',(-1.22464679914735E-16,0.0523359562429436,-0.998629534754574));
#7081=DIRECTION('',(-1.22464679914735E-16,0.0523359562429436,-0.998629534754574));
#7082=DIRECTION('',(-1.22464679914735E-16,0.0523359562429436,-0.998629534754574));
#7083=DIRECTION('',(-1.22464679914735E-16,0.0523359562429436,-0.998629534754574));
#7084=DIRECTION('center_axis',(1.,-1.15887540197796E-16,-1.28706152456444E-16));
#7085=DIRECTION('ref_axis',(-1.22464679914735E-16,-0.998629534754574,-0.0523359562429436));
#7086=DIRECTION('',(-1.22464679914735E-16,-0.998629534754574,-0.0523359562429436));
#7087=DIRECTION('',(-1.22464679914735E-16,-0.998629534754574,-0.0523359562429436));
#7088=DIRECTION('',(-1.22464679914735E-16,0.0523359562429436,-0.998629534754574));
#7089=DIRECTION('',(-1.22464679914735E-16,0.0523359562429436,-0.998629534754574));
#7090=DIRECTION('',(-1.22464679914735E-16,0.0523359562429436,-0.998629534754574));
#7091=DIRECTION('',(-1.22464679914735E-16,0.0523359562429436,-0.998629534754574));
#7092=DIRECTION('',(-1.22464679914735E-16,0.0523359562429436,-0.998629534754574));
#7093=DIRECTION('',(-1.22464679914735E-16,0.0523359562429436,-0.998629534754574));
#7094=DIRECTION('',(-1.22464679914735E-16,0.0523359562429436,-0.998629534754574));
#7095=DIRECTION('center_axis',(-1.22464679914735E-16,-0.998629534754574,
-0.0523359562429436));
#7096=DIRECTION('ref_axis',(-1.,1.15887540197796E-16,1.28706152456444E-16));
#7097=DIRECTION('',(-1.,1.15887540197796E-16,1.28706152456444E-16));
#7098=DIRECTION('',(-1.,1.15887540197796E-16,1.28706152456444E-16));
#7099=DIRECTION('',(-1.22464679914735E-16,0.0523359562429436,-0.998629534754574));
#7100=DIRECTION('',(-1.22464679914735E-16,0.0523359562429436,-0.998629534754574));
#7101=DIRECTION('',(-1.22464679914735E-16,0.0523359562429436,-0.998629534754574));
#7102=DIRECTION('',(-1.22464679914735E-16,0.0523359562429436,-0.998629534754574));
#7103=DIRECTION('',(-1.22464679914735E-16,0.0523359562429436,-0.998629534754574));
#7104=DIRECTION('',(-1.22464679914735E-16,0.0523359562429436,-0.998629534754574));
#7105=DIRECTION('',(-1.22464679914735E-16,0.0523359562429436,-0.998629534754574));
#7106=DIRECTION('',(-1.22464679914735E-16,0.0523359562429436,-0.998629534754574));
#7107=DIRECTION('',(-1.22464679914735E-16,0.0523359562429436,-0.998629534754574));
#7108=DIRECTION('',(-1.22464679914735E-16,0.0523359562429436,-0.998629534754574));
#7109=DIRECTION('',(-1.22464679914735E-16,0.0523359562429436,-0.998629534754574));
#7110=DIRECTION('',(-1.22464679914735E-16,0.0523359562429436,-0.998629534754574));
#7111=DIRECTION('',(-1.22464679914735E-16,0.0523359562429436,-0.998629534754574));
#7112=DIRECTION('center_axis',(1.22464679914735E-16,-0.0523359562429436,
0.998629534754574));
#7113=DIRECTION('ref_axis',(-1.,1.15887540197796E-16,1.28706152456444E-16));
#7114=DIRECTION('',(-1.22464679914735E-16,0.0523359562429436,-0.998629534754574));
#7115=DIRECTION('',(-1.22464679914735E-16,0.0523359562429436,-0.998629534754574));
#7116=DIRECTION('',(-1.22464679914735E-16,0.0523359562429436,-0.998629534754574));
#7117=DIRECTION('',(-1.22464679914735E-16,0.0523359562429436,-0.998629534754574));
#7118=DIRECTION('center_axis',(-1.22464679914735E-16,-0.998629534754574,
-0.0523359562429436));
#7119=DIRECTION('ref_axis',(-1.,1.15887540197796E-16,1.28706152456444E-16));
#7120=DIRECTION('',(-1.,1.15887540197796E-16,1.28706152456444E-16));
#7121=DIRECTION('',(-1.,1.15887540197796E-16,1.28706152456444E-16));
#7122=DIRECTION('',(-1.22464679914735E-16,0.0523359562429436,-0.998629534754574));
#7123=DIRECTION('center_axis',(1.,-1.15887540197796E-16,-1.28706152456444E-16));
#7124=DIRECTION('ref_axis',(-1.22464679914735E-16,-0.998629534754574,-0.0523359562429436));
#7125=DIRECTION('',(-1.22464679914735E-16,-0.998629534754574,-0.0523359562429436));
#7126=DIRECTION('',(-1.22464679914735E-16,-0.998629534754574,-0.0523359562429436));
#7127=DIRECTION('',(-1.22464679914735E-16,0.0523359562429436,-0.998629534754574));
#7128=DIRECTION('',(-1.22464679914735E-16,0.0523359562429436,-0.998629534754574));
#7129=DIRECTION('',(-1.22464679914735E-16,0.0523359562429436,-0.998629534754574));
#7130=DIRECTION('',(-1.22464679914735E-16,0.0523359562429436,-0.998629534754574));
#7131=DIRECTION('',(-1.22464679914735E-16,0.0523359562429436,-0.998629534754574));
#7132=DIRECTION('center_axis',(-1.22464679914735E-16,-0.998629534754574,
-0.0523359562429436));
#7133=DIRECTION('ref_axis',(-1.,1.15887540197796E-16,1.28706152456444E-16));
#7134=DIRECTION('',(-1.,1.15887540197796E-16,1.28706152456444E-16));
#7135=DIRECTION('',(-1.,1.15887540197796E-16,1.28706152456444E-16));
#7136=DIRECTION('',(-1.22464679914735E-16,0.0523359562429436,-0.998629534754574));
#7137=DIRECTION('center_axis',(1.,-1.15887540197796E-16,-1.28706152456444E-16));
#7138=DIRECTION('ref_axis',(-1.22464679914735E-16,-0.998629534754574,-0.0523359562429436));
#7139=DIRECTION('',(-1.22464679914735E-16,-0.998629534754574,-0.0523359562429436));
#7140=DIRECTION('',(-1.22464679914735E-16,-0.998629534754574,-0.0523359562429436));
#7141=DIRECTION('',(-1.22464679914735E-16,0.0523359562429436,-0.998629534754574));
#7142=DIRECTION('',(-1.22464679914735E-16,0.0523359562429436,-0.998629534754574));
#7143=DIRECTION('',(-1.22464679914735E-16,0.0523359562429436,-0.998629534754574));
#7144=DIRECTION('',(-1.22464679914735E-16,0.0523359562429436,-0.998629534754574));
#7145=DIRECTION('',(-1.22464679914735E-16,0.0523359562429436,-0.998629534754574));
#7146=DIRECTION('',(-1.22464679914735E-16,0.0523359562429436,-0.998629534754574));
#7147=DIRECTION('',(-1.22464679914735E-16,0.0523359562429436,-0.998629534754574));
#7148=DIRECTION('',(-1.22464679914735E-16,0.0523359562429436,-0.998629534754574));
#7149=DIRECTION('',(-1.22464679914735E-16,0.0523359562429436,-0.998629534754574));
#7150=DIRECTION('',(-1.22464679914735E-16,0.0523359562429436,-0.998629534754574));
#7151=DIRECTION('',(-1.22464679914735E-16,0.0523359562429436,-0.998629534754574));
#7152=DIRECTION('center_axis',(1.22464679914735E-16,0.998629534754574,0.0523359562429436));
#7153=DIRECTION('ref_axis',(1.,-1.15887540197796E-16,-1.28706152456444E-16));
#7154=DIRECTION('',(1.,-1.15887540197796E-16,-1.28706152456444E-16));
#7155=DIRECTION('',(1.,-1.15887540197796E-16,-1.28706152456444E-16));
#7156=DIRECTION('',(-1.22464679914735E-16,0.0523359562429436,-0.998629534754574));
#7157=DIRECTION('',(-1.22464679914735E-16,0.0523359562429436,-0.998629534754574));
#7158=DIRECTION('',(-1.22464679914735E-16,0.0523359562429436,-0.998629534754574));
#7159=DIRECTION('',(-1.22464679914735E-16,0.0523359562429436,-0.998629534754574));
#7160=DIRECTION('center_axis',(1.22464679914735E-16,0.998629534754574,0.0523359562429436));
#7161=DIRECTION('ref_axis',(1.,-1.15887540197796E-16,-1.28706152456444E-16));
#7162=DIRECTION('',(1.,-1.15887540197796E-16,-1.28706152456444E-16));
#7163=DIRECTION('',(1.,-1.15887540197796E-16,-1.28706152456444E-16));
#7164=DIRECTION('',(-1.22464679914735E-16,0.0523359562429436,-0.998629534754574));
#7165=DIRECTION('',(-1.22464679914735E-16,0.0523359562429436,-0.998629534754574));
#7166=DIRECTION('',(-1.22464679914735E-16,0.0523359562429436,-0.998629534754574));
#7167=DIRECTION('',(-1.22464679914735E-16,0.0523359562429436,-0.998629534754574));
#7168=DIRECTION('',(-1.22464679914735E-16,0.0523359562429436,-0.998629534754574));
#7169=DIRECTION('center_axis',(1.22464679914735E-16,0.998629534754574,0.0523359562429436));
#7170=DIRECTION('ref_axis',(1.,-1.15887540197796E-16,-1.28706152456444E-16));
#7171=DIRECTION('',(1.,-1.15887540197796E-16,-1.28706152456444E-16));
#7172=DIRECTION('',(-1.22464679914735E-16,0.0523359562429436,-0.998629534754574));
#7173=DIRECTION('',(1.,-1.15887540197796E-16,-1.28706152456444E-16));
#7174=DIRECTION('center_axis',(-1.,1.15887540197796E-16,1.28706152456444E-16));
#7175=DIRECTION('ref_axis',(1.22464679914735E-16,0.998629534754574,0.0523359562429436));
#7176=DIRECTION('',(1.22464679914735E-16,0.998629534754574,0.0523359562429436));
#7177=DIRECTION('',(-1.22464679914735E-16,0.0523359562429436,-0.998629534754574));
#7178=DIRECTION('',(1.22464679914735E-16,0.998629534754574,0.0523359562429436));
#7179=DIRECTION('center_axis',(-1.22464679914735E-16,-0.998629534754574,
-0.0523359562429436));
#7180=DIRECTION('ref_axis',(-1.,1.15887540197796E-16,1.28706152456444E-16));
#7181=DIRECTION('',(-1.,1.15887540197796E-16,1.28706152456444E-16));
#7182=DIRECTION('',(-1.,1.15887540197796E-16,1.28706152456444E-16));
#7183=DIRECTION('center_axis',(1.22464679914735E-16,-0.0523359562429436,
0.998629534754574));
#7184=DIRECTION('ref_axis',(-1.,1.15887540197796E-16,1.28706152456444E-16));
#7185=DIRECTION('',(-1.22464679914735E-16,0.0523359562429436,-0.998629534754574));
#7186=DIRECTION('',(-1.22464679914735E-16,0.0523359562429436,-0.998629534754574));
#7187=DIRECTION('',(-1.22464679914735E-16,0.0523359562429436,-0.998629534754574));
#7188=DIRECTION('',(-1.22464679914735E-16,0.0523359562429436,-0.998629534754574));
#7189=DIRECTION('',(-1.22464679914735E-16,0.0523359562429436,-0.998629534754574));
#7190=DIRECTION('',(-1.22464679914735E-16,0.0523359562429436,-0.998629534754574));
#7191=DIRECTION('',(-1.22464679914735E-16,0.0523359562429436,-0.998629534754574));
#7192=DIRECTION('',(-1.22464679914735E-16,0.0523359562429436,-0.998629534754574));
#7193=DIRECTION('',(-1.22464679914735E-16,0.0523359562429436,-0.998629534754574));
#7194=DIRECTION('center_axis',(-1.22464679914735E-16,-0.998629534754574,
-0.0523359562429436));
#7195=DIRECTION('ref_axis',(-1.,1.15887540197796E-16,1.28706152456444E-16));
#7196=DIRECTION('',(-1.,1.15887540197796E-16,1.28706152456444E-16));
#7197=DIRECTION('',(-1.,1.15887540197796E-16,1.28706152456444E-16));
#7198=DIRECTION('',(-1.22464679914735E-16,0.0523359562429436,-0.998629534754574));
#7199=DIRECTION('',(-1.22464679914735E-16,0.0523359562429436,-0.998629534754574));
#7200=DIRECTION('',(-1.22464679914735E-16,0.0523359562429436,-0.998629534754574));
#7201=DIRECTION('',(-1.22464679914735E-16,0.0523359562429436,-0.998629534754574));
#7202=DIRECTION('center_axis',(1.22464679914735E-16,0.998629534754574,0.0523359562429436));
#7203=DIRECTION('ref_axis',(1.,-1.15887540197796E-16,-1.28706152456444E-16));
#7204=DIRECTION('',(1.,-1.15887540197796E-16,-1.28706152456444E-16));
#7205=DIRECTION('',(1.,-1.15887540197796E-16,-1.28706152456444E-16));
#7206=DIRECTION('',(-1.22464679914735E-16,0.0523359562429436,-0.998629534754574));
#7207=DIRECTION('',(-1.22464679914735E-16,0.0523359562429436,-0.998629534754574));
#7208=DIRECTION('',(-1.22464679914735E-16,0.0523359562429436,-0.998629534754574));
#7209=DIRECTION('',(-1.22464679914735E-16,0.0523359562429436,-0.998629534754574));
#7210=DIRECTION('',(-1.22464679914735E-16,0.0523359562429436,-0.998629534754574));
#7211=DIRECTION('',(-1.22464679914735E-16,0.0523359562429436,-0.998629534754574));
#7212=DIRECTION('center_axis',(0.122721399318166,0.99108105493222,0.0519403571784912));
#7213=DIRECTION('ref_axis',(0.992441161051572,-0.12255321390553,-0.00642274178478847));
#7214=DIRECTION('',(0.992441161051572,-0.12255321390553,-0.00642274178478847));
#7215=DIRECTION('',(-1.22464679914735E-16,0.0523359562429436,-0.998629534754574));
#7216=DIRECTION('',(0.992441161051572,-0.12255321390553,-0.00642274178478847));
#7217=DIRECTION('center_axis',(1.22464679914735E-16,-0.0523359562429436,
0.998629534754574));
#7218=DIRECTION('ref_axis',(-1.,1.15887540197796E-16,1.28706152456444E-16));
#7219=DIRECTION('',(-1.22464679914735E-16,0.0523359562429436,-0.998629534754574));
#7220=DIRECTION('',(-1.22464679914735E-16,0.0523359562429436,-0.998629534754574));
#7221=DIRECTION('',(-1.22464679914735E-16,0.0523359562429436,-0.998629534754574));
#7222=DIRECTION('',(-1.22464679914735E-16,0.0523359562429436,-0.998629534754574));
#7223=DIRECTION('',(-1.22464679914735E-16,0.0523359562429436,-0.998629534754574));
#7224=DIRECTION('center_axis',(-1.,1.15887540197796E-16,1.28706152456444E-16));
#7225=DIRECTION('ref_axis',(1.22464679914735E-16,0.998629534754574,0.0523359562429436));
#7226=DIRECTION('',(1.22464679914735E-16,0.998629534754574,0.0523359562429436));
#7227=DIRECTION('',(1.22464679914735E-16,0.998629534754574,0.0523359562429436));
#7228=DIRECTION('',(-1.22464679914735E-16,0.0523359562429436,-0.998629534754574));
#7229=DIRECTION('',(-1.22464679914735E-16,0.0523359562429436,-0.998629534754574));
#7230=DIRECTION('',(-1.22464679914735E-16,0.0523359562429436,-0.998629534754574));
#7231=DIRECTION('',(-1.22464679914735E-16,0.0523359562429436,-0.998629534754574));
#7232=DIRECTION('center_axis',(-0.13511332181127,-0.989472253791571,-0.0518560434834018));
#7233=DIRECTION('ref_axis',(-0.990830152079116,0.134928153699534,0.00707128489815351));
#7234=DIRECTION('',(-0.990830152079116,0.134928153699534,0.00707128489815352));
#7235=DIRECTION('',(-0.990830152079116,0.134928153699534,0.00707128489815352));
#7236=DIRECTION('',(-1.22464679914735E-16,0.0523359562429436,-0.998629534754574));
#7237=DIRECTION('',(-1.22464679914735E-16,0.0523359562429436,-0.998629534754574));
#7238=DIRECTION('',(-1.22464679914735E-16,0.0523359562429436,-0.998629534754574));
#7239=DIRECTION('',(-1.22464679914735E-16,0.0523359562429436,-0.998629534754574));
#7240=DIRECTION('',(-1.22464679914735E-16,0.0523359562429436,-0.998629534754574));
#7241=DIRECTION('',(-1.22464679914735E-16,0.0523359562429436,-0.998629534754574));
#7242=DIRECTION('',(-1.22464679914735E-16,0.0523359562429436,-0.998629534754574));
#7243=DIRECTION('',(-1.22464679914735E-16,0.0523359562429436,-0.998629534754574));
#7244=DIRECTION('center_axis',(1.,-1.15887540197796E-16,-1.28706152456444E-16));
#7245=DIRECTION('ref_axis',(-1.22464679914735E-16,-0.998629534754574,-0.0523359562429436));
#7246=DIRECTION('',(-1.22464679914735E-16,-0.998629534754574,-0.0523359562429436));
#7247=DIRECTION('',(-1.22464679914735E-16,-0.998629534754574,-0.0523359562429436));
#7248=DIRECTION('',(-1.22464679914735E-16,0.0523359562429436,-0.998629534754574));
#7249=DIRECTION('',(-1.22464679914735E-16,0.0523359562429436,-0.998629534754574));
#7250=DIRECTION('',(-1.22464679914735E-16,0.0523359562429436,-0.998629534754574));
#7251=DIRECTION('',(-1.22464679914735E-16,0.0523359562429436,-0.998629534754574));
#7252=DIRECTION('',(-1.22464679914735E-16,0.0523359562429436,-0.998629534754574));
#7253=DIRECTION('',(-1.22464679914735E-16,0.0523359562429436,-0.998629534754574));
#7254=DIRECTION('',(-1.22464679914735E-16,0.0523359562429436,-0.998629534754574));
#7255=DIRECTION('center_axis',(-1.22464679914735E-16,-0.998629534754574,
-0.0523359562429436));
#7256=DIRECTION('ref_axis',(-1.,1.15887540197796E-16,1.28706152456444E-16));
#7257=DIRECTION('',(-1.,1.15887540197796E-16,1.28706152456444E-16));
#7258=DIRECTION('',(-1.,1.15887540197796E-16,1.28706152456444E-16));
#7259=DIRECTION('',(-1.22464679914735E-16,0.0523359562429436,-0.998629534754574));
#7260=DIRECTION('',(-1.22464679914735E-16,0.0523359562429436,-0.998629534754574));
#7261=DIRECTION('',(-1.22464679914735E-16,0.0523359562429436,-0.998629534754574));
#7262=DIRECTION('',(-1.22464679914735E-16,0.0523359562429436,-0.998629534754574));
#7263=DIRECTION('',(-1.22464679914735E-16,0.0523359562429436,-0.998629534754574));
#7264=DIRECTION('',(-1.22464679914735E-16,0.0523359562429436,-0.998629534754574));
#7265=DIRECTION('',(-1.22464679914735E-16,0.0523359562429436,-0.998629534754574));
#7266=DIRECTION('',(-1.22464679914735E-16,0.0523359562429436,-0.998629534754574));
#7267=DIRECTION('',(-1.22464679914735E-16,0.0523359562429436,-0.998629534754574));
#7268=DIRECTION('',(-1.22464679914735E-16,0.0523359562429436,-0.998629534754574));
#7269=DIRECTION('',(-1.22464679914735E-16,0.0523359562429436,-0.998629534754574));
#7270=DIRECTION('',(-1.22464679914735E-16,0.0523359562429436,-0.998629534754574));
#7271=DIRECTION('',(-1.22464679914735E-16,0.0523359562429436,-0.998629534754574));
#7272=DIRECTION('center_axis',(1.22464679914735E-16,-0.0523359562429436,
0.998629534754574));
#7273=DIRECTION('ref_axis',(-1.,1.15887540197796E-16,1.28706152456444E-16));
#7274=DIRECTION('',(-1.22464679914735E-16,0.0523359562429436,-0.998629534754574));
#7275=DIRECTION('',(-1.22464679914735E-16,0.0523359562429436,-0.998629534754574));
#7276=DIRECTION('',(-1.22464679914735E-16,0.0523359562429436,-0.998629534754574));
#7277=DIRECTION('center_axis',(-1.22464679914735E-16,-0.998629534754574,
-0.0523359562429436));
#7278=DIRECTION('ref_axis',(-1.,1.15887540197796E-16,1.28706152456444E-16));
#7279=DIRECTION('',(-1.,1.15887540197796E-16,1.28706152456444E-16));
#7280=DIRECTION('',(-1.,1.15887540197796E-16,1.28706152456444E-16));
#7281=DIRECTION('',(-1.22464679914735E-16,0.0523359562429436,-0.998629534754574));
#7282=DIRECTION('center_axis',(1.,-1.15887540197796E-16,-1.28706152456444E-16));
#7283=DIRECTION('ref_axis',(-1.22464679914735E-16,-0.998629534754574,-0.0523359562429436));
#7284=DIRECTION('',(-1.22464679914735E-16,-0.998629534754574,-0.0523359562429436));
#7285=DIRECTION('',(-1.22464679914735E-16,-0.998629534754574,-0.0523359562429436));
#7286=DIRECTION('',(-1.22464679914735E-16,0.0523359562429436,-0.998629534754574));
#7287=DIRECTION('center_axis',(0.84261639545775,0.537776246667918,0.0281836588390344));
#7288=DIRECTION('ref_axis',(0.53851426174781,-0.841461618972549,-0.0440991348022637));
#7289=DIRECTION('',(0.53851426174781,-0.841461618972549,-0.0440991348022637));
#7290=DIRECTION('',(-1.22464679914735E-16,0.0523359562429436,-0.998629534754574));
#7291=DIRECTION('',(0.53851426174781,-0.841461618972549,-0.0440991348022637));
#7292=DIRECTION('',(-1.22464679914735E-16,0.0523359562429436,-0.998629534754574));
#7293=DIRECTION('center_axis',(-1.22464679914735E-16,-0.998629534754574,
-0.0523359562429436));
#7294=DIRECTION('ref_axis',(-1.,1.15887540197796E-16,1.28706152456444E-16));
#7295=DIRECTION('',(-1.,1.15887540197796E-16,1.28706152456444E-16));
#7296=DIRECTION('',(-1.,1.15887540197796E-16,1.28706152456444E-16));
#7297=DIRECTION('',(-1.22464679914735E-16,0.0523359562429436,-0.998629534754574));
#7298=DIRECTION('center_axis',(-0.843775406892799,-0.535960910612772,-0.0280885211077317));
#7299=DIRECTION('ref_axis',(-0.536696434423494,0.842619042022707,0.0441597927740135));
#7300=DIRECTION('',(-0.536696434423494,0.842619042022707,0.0441597927740135));
#7301=DIRECTION('',(-0.536696434423494,0.842619042022707,0.0441597927740135));
#7302=DIRECTION('',(-1.22464679914735E-16,0.0523359562429436,-0.998629534754574));
#7303=DIRECTION('',(-1.22464679914735E-16,0.0523359562429436,-0.998629534754574));
#7304=DIRECTION('',(-1.22464679914735E-16,0.0523359562429436,-0.998629534754574));
#7305=DIRECTION('',(-1.22464679914735E-16,0.0523359562429436,-0.998629534754574));
#7306=DIRECTION('',(-1.22464679914735E-16,0.0523359562429436,-0.998629534754574));
#7307=DIRECTION('center_axis',(-1.22464679914735E-16,-0.998629534754574,
-0.0523359562429436));
#7308=DIRECTION('ref_axis',(-1.,1.15887540197796E-16,1.28706152456444E-16));
#7309=DIRECTION('',(-1.,1.15887540197796E-16,1.28706152456444E-16));
#7310=DIRECTION('',(-1.,1.15887540197796E-16,1.28706152456444E-16));
#7311=DIRECTION('',(-1.22464679914735E-16,0.0523359562429436,-0.998629534754574));
#7312=DIRECTION('center_axis',(1.,-1.15887540197796E-16,-1.28706152456444E-16));
#7313=DIRECTION('ref_axis',(-1.22464679914735E-16,-0.998629534754574,-0.0523359562429436));
#7314=DIRECTION('',(-1.22464679914735E-16,-0.998629534754574,-0.0523359562429436));
#7315=DIRECTION('',(-1.22464679914735E-16,-0.998629534754574,-0.0523359562429436));
#7316=DIRECTION('',(-1.22464679914735E-16,0.0523359562429436,-0.998629534754574));
#7317=DIRECTION('center_axis',(-1.22464679914735E-16,-0.998629534754574,
-0.0523359562429436));
#7318=DIRECTION('ref_axis',(-1.,1.15887540197796E-16,1.28706152456444E-16));
#7319=DIRECTION('',(-1.,1.15887540197796E-16,1.28706152456444E-16));
#7320=DIRECTION('',(-1.,1.15887540197796E-16,1.28706152456444E-16));
#7321=DIRECTION('',(-1.22464679914735E-16,0.0523359562429436,-0.998629534754574));
#7322=DIRECTION('',(-1.22464679914735E-16,0.0523359562429436,-0.998629534754574));
#7323=DIRECTION('',(-1.22464679914735E-16,0.0523359562429436,-0.998629534754574));
#7324=DIRECTION('',(-1.22464679914735E-16,0.0523359562429436,-0.998629534754574));
#7325=DIRECTION('center_axis',(1.22464679914735E-16,0.998629534754574,0.0523359562429436));
#7326=DIRECTION('ref_axis',(1.,-1.15887540197796E-16,-1.28706152456444E-16));
#7327=DIRECTION('',(1.,-1.15887540197796E-16,-1.28706152456444E-16));
#7328=DIRECTION('',(1.,-1.15887540197796E-16,-1.28706152456444E-16));
#7329=DIRECTION('',(-1.22464679914735E-16,0.0523359562429436,-0.998629534754574));
#7330=DIRECTION('',(-1.22464679914735E-16,0.0523359562429436,-0.998629534754574));
#7331=DIRECTION('',(-1.22464679914735E-16,0.0523359562429436,-0.998629534754574));
#7332=DIRECTION('',(-1.22464679914735E-16,0.0523359562429436,-0.998629534754574));
#7333=DIRECTION('',(-1.22464679914735E-16,0.0523359562429436,-0.998629534754574));
#7334=DIRECTION('',(-1.22464679914735E-16,0.0523359562429436,-0.998629534754574));
#7335=DIRECTION('',(-1.22464679914735E-16,0.0523359562429436,-0.998629534754574));
#7336=DIRECTION('center_axis',(1.22464679914735E-16,0.998629534754574,0.0523359562429436));
#7337=DIRECTION('ref_axis',(1.,-1.15887540197796E-16,-1.28706152456444E-16));
#7338=DIRECTION('',(1.,-1.15887540197796E-16,-1.28706152456444E-16));
#7339=DIRECTION('',(-1.22464679914735E-16,0.0523359562429436,-0.998629534754574));
#7340=DIRECTION('',(1.,-1.15887540197796E-16,-1.28706152456444E-16));
#7341=DIRECTION('center_axis',(-1.,1.15887540197796E-16,1.28706152456444E-16));
#7342=DIRECTION('ref_axis',(1.22464679914735E-16,0.998629534754574,0.0523359562429436));
#7343=DIRECTION('',(1.22464679914735E-16,0.998629534754574,0.0523359562429436));
#7344=DIRECTION('',(1.22464679914735E-16,0.998629534754574,0.0523359562429436));
#7345=DIRECTION('center_axis',(1.22464679914735E-16,-0.0523359562429436,
0.998629534754574));
#7346=DIRECTION('ref_axis',(-1.,1.15887540197796E-16,1.28706152456444E-16));
#7347=DIRECTION('center_axis',(1.22464679914735E-16,-0.0523359562429436,
0.998629534754574));
#7348=DIRECTION('ref_axis',(-1.22464679914735E-16,-0.998629534754574,-0.0523359562429436));
#7349=DIRECTION('',(-1.,1.15887540197796E-16,1.28706152456444E-16));
#7350=DIRECTION('',(-1.22464679914735E-16,-0.998629534754574,-0.0523359562429436));
#7351=DIRECTION('',(1.,-1.15887540197796E-16,-1.28706152456444E-16));
#7352=DIRECTION('',(1.22464679914735E-16,0.998629534754574,0.0523359562429436));
#7353=DIRECTION('center_axis',(1.22464679914735E-16,-0.0523359562429436,
0.998629534754574));
#7354=DIRECTION('ref_axis',(-1.22464679914735E-16,-0.998629534754574,-0.0523359562429436));
#7355=DIRECTION('center_axis',(1.22464679914735E-16,-0.0523359562429436,
0.998629534754574));
#7356=DIRECTION('ref_axis',(-1.22464679914735E-16,-0.998629534754574,-0.0523359562429436));
#7357=DIRECTION('center_axis',(1.22464679914735E-16,-0.0523359562429436,
0.998629534754574));
#7358=DIRECTION('ref_axis',(-1.22464679914735E-16,-0.998629534754574,-0.0523359562429436));
#7359=DIRECTION('center_axis',(1.22464679914735E-16,-0.0523359562429436,
0.998629534754574));
#7360=DIRECTION('ref_axis',(-1.22464679914735E-16,-0.998629534754574,-0.0523359562429436));
#7361=DIRECTION('center_axis',(1.22464679914735E-16,-0.0523359562429436,
0.998629534754574));
#7362=DIRECTION('ref_axis',(-1.22464679914735E-16,-0.998629534754574,-0.0523359562429436));
#7363=DIRECTION('center_axis',(1.22464679914735E-16,-0.0523359562429436,
0.998629534754574));
#7364=DIRECTION('ref_axis',(-1.22464679914735E-16,-0.998629534754574,-0.0523359562429436));
#7365=DIRECTION('center_axis',(1.22464679914735E-16,-0.0523359562429436,
0.998629534754574));
#7366=DIRECTION('ref_axis',(-1.22464679914735E-16,-0.998629534754574,-0.0523359562429436));
#7367=DIRECTION('center_axis',(1.22464679914735E-16,-0.0523359562429436,
0.998629534754574));
#7368=DIRECTION('ref_axis',(-1.22464679914735E-16,-0.998629534754574,-0.0523359562429436));
#7369=DIRECTION('center_axis',(1.22464679914735E-16,-0.0523359562429436,
0.998629534754574));
#7370=DIRECTION('ref_axis',(-1.22464679914735E-16,-0.998629534754574,-0.0523359562429436));
#7371=DIRECTION('center_axis',(1.22464679914735E-16,-0.0523359562429436,
0.998629534754574));
#7372=DIRECTION('ref_axis',(-1.22464679914735E-16,-0.998629534754574,-0.0523359562429436));
#7373=DIRECTION('center_axis',(-1.22464679914735E-16,-0.998629534754574,
-0.0523359562429436));
#7374=DIRECTION('ref_axis',(1.,-1.15887540197796E-16,-1.28706152456444E-16));
#7375=DIRECTION('',(1.22464679914735E-16,-0.0523359562429436,0.998629534754574));
#7376=DIRECTION('',(1.22464679914735E-16,-0.0523359562429436,0.998629534754574));
#7377=DIRECTION('center_axis',(-1.,1.15887540197796E-16,1.28706152456444E-16));
#7378=DIRECTION('ref_axis',(-1.22464679914735E-16,-0.998629534754574,-0.0523359562429436));
#7379=DIRECTION('',(1.22464679914735E-16,-0.0523359562429436,0.998629534754574));
#7380=DIRECTION('center_axis',(1.22464679914735E-16,-0.0523359562429436,
0.998629534754574));
#7381=DIRECTION('ref_axis',(1.,-1.15887540197796E-16,-1.28706152456444E-16));
#7382=DIRECTION('',(1.22464679914735E-16,-0.0523359562429436,0.998629534754574));
#7383=DIRECTION('center_axis',(1.22464679914735E-16,-0.0523359562429436,
0.998629534754574));
#7384=DIRECTION('ref_axis',(1.,-1.15887540197796E-16,-1.28706152456444E-16));
#7385=DIRECTION('center_axis',(1.22464679914735E-16,-0.0523359562429436,
0.998629534754574));
#7386=DIRECTION('ref_axis',(1.,-1.15887540197796E-16,-1.28706152456444E-16));
#7387=DIRECTION('',(1.22464679914735E-16,-0.0523359562429436,0.998629534754574));
#7388=DIRECTION('center_axis',(1.22464679914735E-16,-0.0523359562429436,
0.998629534754574));
#7389=DIRECTION('ref_axis',(1.,-1.15887540197796E-16,-1.28706152456444E-16));
#7390=DIRECTION('center_axis',(1.22464679914735E-16,-0.0523359562429436,
0.998629534754574));
#7391=DIRECTION('ref_axis',(1.,-1.15887540197796E-16,-1.28706152456444E-16));
#7392=DIRECTION('',(1.22464679914735E-16,-0.0523359562429436,0.998629534754574));
#7393=DIRECTION('center_axis',(1.22464679914735E-16,-0.0523359562429436,
0.998629534754574));
#7394=DIRECTION('ref_axis',(1.,-1.15887540197796E-16,-1.28706152456444E-16));
#7395=DIRECTION('center_axis',(1.,-1.15887540197796E-16,-1.28706152456444E-16));
#7396=DIRECTION('ref_axis',(1.22464679914735E-16,0.998629534754574,0.0523359562429436));
#7397=DIRECTION('',(1.22464679914735E-16,-0.0523359562429436,0.998629534754574));
#7398=DIRECTION('center_axis',(1.22464679914735E-16,0.998629534754574,0.0523359562429436));
#7399=DIRECTION('ref_axis',(-1.,1.15887540197796E-16,1.28706152456444E-16));
#7400=DIRECTION('center_axis',(1.22464679914735E-16,-0.0523359562429436,
0.998629534754574));
#7401=DIRECTION('ref_axis',(1.,-1.15887540197796E-16,-1.28706152456444E-16));
#7402=DIRECTION('center_axis',(-1.22464679914735E-16,0.0523359562429436,
-0.998629534754574));
#7403=DIRECTION('ref_axis',(1.,-1.15887540197796E-16,-1.28706152456444E-16));
#7404=DIRECTION('',(1.22464679914735E-16,-0.0523359562429436,0.998629534754574));
#7405=DIRECTION('center_axis',(1.22464679914735E-16,-0.0523359562429436,
0.998629534754574));
#7406=DIRECTION('ref_axis',(1.,-1.15887540197796E-16,-1.28706152456444E-16));
#7407=DIRECTION('center_axis',(1.22464679914735E-16,-0.0523359562429436,
0.998629534754574));
#7408=DIRECTION('ref_axis',(1.,-1.15887540197796E-16,-1.28706152456444E-16));
#7409=DIRECTION('center_axis',(-1.22464679914735E-16,0.0523359562429436,
-0.998629534754574));
#7410=DIRECTION('ref_axis',(1.,-1.15887540197796E-16,-1.28706152456444E-16));
#7411=DIRECTION('',(1.22464679914735E-16,-0.0523359562429436,0.998629534754574));
#7412=DIRECTION('center_axis',(1.22464679914735E-16,-0.0523359562429436,
0.998629534754574));
#7413=DIRECTION('ref_axis',(1.,-1.15887540197796E-16,-1.28706152456444E-16));
#7414=DIRECTION('center_axis',(1.22464679914735E-16,-0.0523359562429436,
0.998629534754574));
#7415=DIRECTION('ref_axis',(1.,-1.15887540197796E-16,-1.28706152456444E-16));
#7416=DIRECTION('center_axis',(-1.22464679914735E-16,0.0523359562429436,
-0.998629534754574));
#7417=DIRECTION('ref_axis',(1.,-1.15887540197796E-16,-1.28706152456444E-16));
#7418=DIRECTION('',(1.22464679914735E-16,-0.0523359562429436,0.998629534754574));
#7419=DIRECTION('center_axis',(1.22464679914735E-16,-0.0523359562429436,
0.998629534754574));
#7420=DIRECTION('ref_axis',(1.,-1.15887540197796E-16,-1.28706152456444E-16));
#7421=DIRECTION('center_axis',(1.22464679914735E-16,-0.0523359562429436,
0.998629534754574));
#7422=DIRECTION('ref_axis',(1.,-1.15887540197796E-16,-1.28706152456444E-16));
#7423=DIRECTION('center_axis',(-1.22464679914735E-16,0.0523359562429436,
-0.998629534754574));
#7424=DIRECTION('ref_axis',(1.,-1.15887540197796E-16,-1.28706152456444E-16));
#7425=DIRECTION('',(1.22464679914735E-16,-0.0523359562429436,0.998629534754574));
#7426=DIRECTION('center_axis',(1.22464679914735E-16,-0.0523359562429436,
0.998629534754574));
#7427=DIRECTION('ref_axis',(1.,-1.15887540197796E-16,-1.28706152456444E-16));
#7428=DIRECTION('center_axis',(1.22464679914735E-16,-0.0523359562429436,
0.998629534754574));
#7429=DIRECTION('ref_axis',(1.,-1.15887540197796E-16,-1.28706152456444E-16));
#7430=DIRECTION('center_axis',(-1.22464679914735E-16,0.0523359562429436,
-0.998629534754574));
#7431=DIRECTION('ref_axis',(1.,-1.15887540197796E-16,-1.28706152456444E-16));
#7432=DIRECTION('',(1.22464679914735E-16,-0.0523359562429436,0.998629534754574));
#7433=DIRECTION('center_axis',(1.22464679914735E-16,-0.0523359562429436,
0.998629534754574));
#7434=DIRECTION('ref_axis',(1.,-1.15887540197796E-16,-1.28706152456444E-16));
#7435=DIRECTION('center_axis',(1.22464679914735E-16,-0.0523359562429436,
0.998629534754574));
#7436=DIRECTION('ref_axis',(1.,-1.15887540197796E-16,-1.28706152456444E-16));
#7437=DIRECTION('center_axis',(-1.22464679914735E-16,0.0523359562429436,
-0.998629534754574));
#7438=DIRECTION('ref_axis',(1.,-1.15887540197796E-16,-1.28706152456444E-16));
#7439=DIRECTION('',(1.22464679914735E-16,-0.0523359562429436,0.998629534754574));
#7440=DIRECTION('center_axis',(1.22464679914735E-16,-0.0523359562429436,
0.998629534754574));
#7441=DIRECTION('ref_axis',(1.,-1.15887540197796E-16,-1.28706152456444E-16));
#7442=CARTESIAN_POINT('',(0.,0.,0.));
#7443=CARTESIAN_POINT('Origin',(44.0027248158709,-145.264420711706,-1.90218041374122));
#7444=CARTESIAN_POINT('',(44.0027248158709,-147.942047212373,10.9753316255823));
#7445=CARTESIAN_POINT('',(42.0027248158709,-145.944788142864,11.0800035380682));
#7446=CARTESIAN_POINT('Origin',(44.0027248158709,-145.944788142864,11.0800035380682));
#7447=CARTESIAN_POINT('',(42.0027248158709,-145.468925321552,2.));
#7448=CARTESIAN_POINT('',(42.0027248158709,-145.264420711706,-1.90218041374122));
#7449=CARTESIAN_POINT('',(44.0027248158709,-147.466184391061,1.89532808751411));
#7450=CARTESIAN_POINT('Origin',(44.0027248158709,-145.468925321552,2.));
#7451=CARTESIAN_POINT('',(44.0027248158709,-147.261679781215,-2.00685232622711));
#7452=CARTESIAN_POINT('Origin',(44.0027248158709,-73.9149963136368,2.));
#7453=CARTESIAN_POINT('',(42.0027248158709,-109.021028075528,2.));
#7454=CARTESIAN_POINT('',(44.0027248158709,-109.021028075528,0.));
#7455=CARTESIAN_POINT('Origin',(44.0027248158709,-109.021028075528,2.));
#7456=CARTESIAN_POINT('',(44.0027248158709,-142.359992724992,0.));
#7457=CARTESIAN_POINT('',(44.0027248158709,-73.9149963136368,0.));
#7458=CARTESIAN_POINT('',(44.0027248158709,-145.468925321552,0.));
#7459=CARTESIAN_POINT('',(44.0027248158709,-73.9149963136368,0.));
#7460=CARTESIAN_POINT('Origin',(44.0027248158709,-145.468925321552,2.));
#7461=CARTESIAN_POINT('',(42.0027248158709,-73.9149963136368,2.));
#7462=CARTESIAN_POINT('Origin',(44.0027248158709,-18.4384697978747,4.74448602911263));
#7463=CARTESIAN_POINT('',(44.0027248158709,-20.331056954898,2.64255504711758));
#7464=CARTESIAN_POINT('',(42.0027248158709,-18.3337978853889,2.74722695960347));
#7465=CARTESIAN_POINT('Origin',(44.0027248158709,-18.3337978853889,2.74722695960347));
#7466=CARTESIAN_POINT('',(42.0027248158709,-18.2946373798156,2.));
#7467=CARTESIAN_POINT('',(42.0027248158709,-18.4384697978747,4.74448602911263));
#7468=CARTESIAN_POINT('',(44.0027248158709,-20.2918964493248,1.89532808751411));
#7469=CARTESIAN_POINT('Origin',(44.0027248158709,-18.2946373798156,2.));
#7470=CARTESIAN_POINT('',(44.0027248158709,-20.4357288673839,4.63981411662674));
#7471=CARTESIAN_POINT('Origin',(44.0027248158709,-22.3283160244071,2.53788313463169));
#7472=CARTESIAN_POINT('',(44.0027248158709,-22.432987936893,4.53514220414084));
#7473=CARTESIAN_POINT('',(42.0027248158709,-22.5376598493789,6.53240127364999));
#7474=CARTESIAN_POINT('Origin',(44.0027248158709,-22.5376598493789,6.53240127364999));
#7475=CARTESIAN_POINT('Origin',(42.0027248158709,-22.3283160244071,2.53788313463169));
#7476=CARTESIAN_POINT('Origin',(44.0027248158709,-22.3283160244071,2.53788313463169));
#7477=CARTESIAN_POINT('Origin',(44.0027248158709,-37.2674454870088,5.76044591906657));
#7478=CARTESIAN_POINT('',(44.0027248158709,-108.916356163042,0.00274093049085211));
#7479=CARTESIAN_POINT('Origin',(44.0027248158709,-109.021028075528,2.));
#7480=CARTESIAN_POINT('',(42.0027248158709,-37.2674454870088,5.76044591906657));
#7481=CARTESIAN_POINT('',(44.0027248158709,-37.162773574523,3.76318684955742));
#7482=CARTESIAN_POINT('Origin',(44.0027248158709,-10.3278523427688,2.));
#7483=CARTESIAN_POINT('',(42.0027248158709,-2.27267984384883,2.));
#7484=CARTESIAN_POINT('',(44.0027248158709,-2.27267984384883,0.));
#7485=CARTESIAN_POINT('Origin',(44.0027248158709,-2.27267984384883,2.));
#7486=CARTESIAN_POINT('',(44.0027248158709,-5.17198132327651,0.));
#7487=CARTESIAN_POINT('',(44.0027248158709,-10.3278523427688,0.));
#7488=CARTESIAN_POINT('',(44.0027248158709,-18.2946373798156,0.));
#7489=CARTESIAN_POINT('',(44.0027248158709,-10.3278523427688,0.));
#7490=CARTESIAN_POINT('Origin',(44.0027248158709,-18.2946373798156,2.));
#7491=CARTESIAN_POINT('',(42.0027248158709,-10.3278523427688,2.));
#7492=CARTESIAN_POINT('Origin',(44.0027248158709,-2.46039724180151,5.58186132899972));
#7493=CARTESIAN_POINT('',(42.0027248158709,-3.14076467295974,18.5640452808092));
#7494=CARTESIAN_POINT('',(44.0027248158709,-1.14350560345063,18.6687171932951));
#7495=CARTESIAN_POINT('Origin',(44.0027248158709,-3.14076467295978,18.5640452808092));
#7496=CARTESIAN_POINT('',(44.0027248158709,-0.275420774339684,2.10467191248589));
#7497=CARTESIAN_POINT('',(44.0027248158709,-0.463138172292361,5.6865332414856));
#7498=CARTESIAN_POINT('Origin',(44.0027248158709,-2.27267984384883,2.));
#7499=CARTESIAN_POINT('',(42.0027248158709,-2.46039724180151,5.58186132899972));
#7500=CARTESIAN_POINT('Origin',(44.0027248158709,-2.27267984384883,2.));
#7501=CARTESIAN_POINT('Origin',(44.0027248158709,-2.27267984384883,2.));
#7502=CARTESIAN_POINT('Origin',(44.0027248158709,-18.2946373798156,2.));
#7503=CARTESIAN_POINT('Origin',(44.0027248158709,-18.2946373798156,2.));
#7504=CARTESIAN_POINT('Origin',(44.0027248158709,-109.021028075528,2.));
#7505=CARTESIAN_POINT('Origin',(44.0027248158709,-109.021028075528,2.));
#7506=CARTESIAN_POINT('Origin',(44.0027248158709,-145.468925321552,2.));
#7507=CARTESIAN_POINT('Origin',(44.0027248158709,-145.468925321552,2.));
#7508=CARTESIAN_POINT('Origin',(324.752724815871,-109.021028075527,2.));
#7509=CARTESIAN_POINT('',(417.002724815871,-108.916356163041,0.00274093049085211));
#7510=CARTESIAN_POINT('',(324.752724815871,-108.916356163042,0.00274093049085211));
#7511=CARTESIAN_POINT('',(417.002724815871,-109.021028075527,0.));
#7512=CARTESIAN_POINT('Origin',(417.002724815871,-109.021028075527,2.));
#7513=CARTESIAN_POINT('',(324.752724815871,-109.021028075527,0.));
#7514=CARTESIAN_POINT('Origin',(230.502724815871,-73.8624089767536,1.83984045762922));
#7515=CARTESIAN_POINT('',(417.002724815871,-22.432987936893,4.5351422041408));
#7516=CARTESIAN_POINT('',(324.752724815871,-22.432987936893,4.53514220414081));
#7517=CARTESIAN_POINT('',(417.002724815871,-110.562044378984,-0.0835059342989805));
#7518=CARTESIAN_POINT('Origin',(324.752724815871,-22.3283160244071,2.53788313463166));
#7519=CARTESIAN_POINT('',(417.002724815871,-20.3310569548979,2.64255504711754));
#7520=CARTESIAN_POINT('',(324.752724815871,-20.331056954898,2.64255504711755));
#7521=CARTESIAN_POINT('Origin',(417.002724815871,-22.3283160244071,2.53788313463165));
#7522=CARTESIAN_POINT('Origin',(419.002724815871,-20.4357288673838,4.63981411662672));
#7523=CARTESIAN_POINT('',(417.002724815871,-20.2918964493247,1.89532808751411));
#7524=CARTESIAN_POINT('',(419.002724815871,-20.2918964493247,1.89532808751411));
#7525=CARTESIAN_POINT('',(417.002724815871,-20.4357288673838,4.63981411662672));
#7526=CARTESIAN_POINT('Origin',(419.002724815871,-18.2946373798156,2.));
#7527=CARTESIAN_POINT('',(417.002724815871,-18.2946373798156,0.));
#7528=CARTESIAN_POINT('',(419.002724815871,-18.2946373798156,0.));
#7529=CARTESIAN_POINT('Origin',(417.002724815871,-18.2946373798156,2.));
#7530=CARTESIAN_POINT('Origin',(419.002724815871,-20.1925665132453,0.));
#7531=CARTESIAN_POINT('',(46.2171834320776,-2.27267984384883,0.));
#7532=CARTESIAN_POINT('',(419.002724815871,-2.27267984384888,0.));
#7533=CARTESIAN_POINT('Origin',(47.0027248158709,-5.17198132327651,0.));
#7534=CARTESIAN_POINT('Origin',(419.002724815871,-20.1925665132453,0.));
#7535=CARTESIAN_POINT('',(47.7882661996642,-2.27267984384883,0.));
#7536=CARTESIAN_POINT('Origin',(47.0027248158709,-5.17198132327651,0.));
#7537=CARTESIAN_POINT('',(228.177271861997,-2.27267984384885,0.));
#7538=CARTESIAN_POINT('',(419.002724815871,-2.27267984384888,0.));
#7539=CARTESIAN_POINT('',(227.502724815871,-4.17060897727862,0.));
#7540=CARTESIAN_POINT('Origin',(230.502724815871,-4.17060897727862,0.));
#7541=CARTESIAN_POINT('',(232.828177769745,-2.27267984384885,0.));
#7542=CARTESIAN_POINT('Origin',(230.502724815871,-4.17060897727862,0.));
#7543=CARTESIAN_POINT('',(413.217183432078,-2.27267984384888,0.));
#7544=CARTESIAN_POINT('',(419.002724815871,-2.27267984384888,0.));
#7545=CARTESIAN_POINT('',(411.002724815871,-5.17198132327656,0.));
#7546=CARTESIAN_POINT('Origin',(414.002724815871,-5.17198132327656,0.));
#7547=CARTESIAN_POINT('',(417.002724815871,-5.17198132327656,0.));
#7548=CARTESIAN_POINT('Origin',(414.002724815871,-5.17198132327656,0.));
#7549=CARTESIAN_POINT('',(417.002724815871,-83.72712314723,0.));
#7550=CARTESIAN_POINT('Origin',(419.002724815871,-2.27267984384888,2.));
#7551=CARTESIAN_POINT('',(417.002724815871,-0.27542077433973,2.10467191248589));
#7552=CARTESIAN_POINT('',(419.002724815871,-0.27542077433973,2.10467191248589));
#7553=CARTESIAN_POINT('',(417.002724815871,-2.27267984384888,0.));
#7554=CARTESIAN_POINT('Origin',(417.002724815871,-2.27267984384888,2.));
#7555=CARTESIAN_POINT('',(414.788266199664,-2.27267984384888,0.));
#7556=CARTESIAN_POINT('',(419.002724815871,-2.27267984384888,0.));
#7557=CARTESIAN_POINT('Ctrl Pts',(414.788266199664,-2.27267984384889,-7.88757080483204E-17));
#7558=CARTESIAN_POINT('Ctrl Pts',(414.527888497389,-2.20193892933797,-1.75340225230088E-16));
#7559=CARTESIAN_POINT('Ctrl Pts',(414.25957473802,-2.16800793136302,0.00274093049085017));
#7560=CARTESIAN_POINT('Ctrl Pts',(413.745874893722,-2.16800793136302,0.00274093049085017));
#7561=CARTESIAN_POINT('Ctrl Pts',(413.477561134353,-2.20193892933797,-3.0258909737492E-16));
#7562=CARTESIAN_POINT('Ctrl Pts',(413.217183432078,-2.27267984384889,-2.37982376860568E-16));
#7563=CARTESIAN_POINT('Ctrl Pts',(232.828177769745,-2.27267984384885,4.01621371447191E-34));
#7564=CARTESIAN_POINT('Ctrl Pts',(232.815420974571,-2.25700654785968,9.35295906743265E-17));
#7565=CARTESIAN_POINT('Ctrl Pts',(232.80260556128,-2.24159431443259,0.000184307006055184));
#7566=CARTESIAN_POINT('Ctrl Pts',(232.514946119968,-1.90268638917936,0.00801823385071205));
#7567=CARTESIAN_POINT('Ctrl Pts',(232.160450417408,-1.63379148805785,0.0945792788001529));
#7568=CARTESIAN_POINT('Ctrl Pts',(231.367436008685,-1.27430438611865,0.255849896401178));
#7569=CARTESIAN_POINT('Ctrl Pts',(230.927471685557,-1.18340177381879,0.322658864109156));
#7570=CARTESIAN_POINT('Ctrl Pts',(230.077977946185,-1.18340177381879,0.322658864109156));
#7571=CARTESIAN_POINT('Ctrl Pts',(229.638013623057,-1.27430438611865,0.255849896401178));
#7572=CARTESIAN_POINT('Ctrl Pts',(228.844999214334,-1.63379148805785,0.094579278800153));
#7573=CARTESIAN_POINT('Ctrl Pts',(228.490503511774,-1.90268638917936,0.00801823385071197));
#7574=CARTESIAN_POINT('Ctrl Pts',(228.202844070462,-2.24159431443258,0.000184307006055325));
#7575=CARTESIAN_POINT('Ctrl Pts',(228.190028657171,-2.25700654785968,9.57046974341823E-17));
#7576=CARTESIAN_POINT('Ctrl Pts',(228.177271861997,-2.27267984384885,0.));
#7577=CARTESIAN_POINT('Ctrl Pts',(47.7882661996642,-2.27267984384883,-5.91703335633964E-16));
#7578=CARTESIAN_POINT('Ctrl Pts',(47.5278884973885,-2.20193892933789,2.43728395155069E-16));
#7579=CARTESIAN_POINT('Ctrl Pts',(47.2595747380196,-2.16800793136294,0.00274093049085203));
#7580=CARTESIAN_POINT('Ctrl Pts',(46.7458748937222,-2.16800793136294,0.00274093049085219));
#7581=CARTESIAN_POINT('Ctrl Pts',(46.4775611343533,-2.20193892933789,1.66616341080734E-16));
#7582=CARTESIAN_POINT('Ctrl Pts',(46.2171834320776,-2.27267984384883,-6.55671263810609E-16));
#7583=CARTESIAN_POINT('Origin',(419.002724815871,-0.463138172292405,5.68653324148555));
#7584=CARTESIAN_POINT('',(417.002724815871,-1.14350560345067,18.668717193295));
#7585=CARTESIAN_POINT('',(42.0027248158709,-1.14350560345063,18.6687171932951));
#7586=CARTESIAN_POINT('',(417.002724815871,-0.463138172292404,5.68653324148555));
#7587=CARTESIAN_POINT('Origin',(417.002724815871,-2.46039724180155,5.58186132899967));
#7588=CARTESIAN_POINT('',(419.002724815871,-3.14076467295981,18.5640452808091));
#7589=CARTESIAN_POINT('Origin',(417.002724815871,-3.14076467295981,18.5640452808091));
#7590=CARTESIAN_POINT('',(419.002724815871,-2.27267984384887,2.));
#7591=CARTESIAN_POINT('',(419.002724815871,-2.46039724180155,5.58186132899967));
#7592=CARTESIAN_POINT('Origin',(417.002724815871,-2.27267984384887,2.));
#7593=CARTESIAN_POINT('Origin',(417.002724815871,-83.72712314723,2.));
#7594=CARTESIAN_POINT('',(419.002724815871,-18.2946373798156,2.));
#7595=CARTESIAN_POINT('Origin',(417.002724815871,-18.2946373798156,2.));
#7596=CARTESIAN_POINT('',(417.002724815871,-83.72712314723,0.));
#7597=CARTESIAN_POINT('Origin',(417.002724815871,-2.27267984384888,2.));
#7598=CARTESIAN_POINT('',(419.002724815871,-83.72712314723,2.));
#7599=CARTESIAN_POINT('Origin',(417.002724815871,-2.27267984384888,2.));
#7600=CARTESIAN_POINT('Origin',(417.002724815871,-18.4384697978747,4.7444860291126));
#7601=CARTESIAN_POINT('',(419.002724815871,-18.3337978853888,2.74722695960342));
#7602=CARTESIAN_POINT('Origin',(417.002724815871,-18.3337978853888,2.74722695960342));
#7603=CARTESIAN_POINT('Origin',(417.002724815871,-18.2946373798156,2.));
#7604=CARTESIAN_POINT('',(419.002724815871,-18.4384697978747,4.7444860291126));
#7605=CARTESIAN_POINT('Origin',(417.002724815871,-22.3283160244071,2.53788313463165));
#7606=CARTESIAN_POINT('',(419.002724815871,-22.5376598493789,6.53240127364994));
#7607=CARTESIAN_POINT('Origin',(417.002724815871,-22.5376598493789,6.53240127364994));
#7608=CARTESIAN_POINT('Origin',(419.002724815871,-22.3283160244071,2.53788313463165));
#7609=CARTESIAN_POINT('Origin',(417.002724815871,-110.66671629147,1.91375313521017));
#7610=CARTESIAN_POINT('',(419.002724815871,-109.021028075527,2.));
#7611=CARTESIAN_POINT('Origin',(417.002724815871,-109.021028075527,2.));
#7612=CARTESIAN_POINT('',(419.002724815871,-110.66671629147,1.91375313521017));
#7613=CARTESIAN_POINT('Origin',(417.002724815871,-18.2946373798156,2.));
#7614=CARTESIAN_POINT('Origin',(417.002724815871,-109.021028075527,2.));
#7615=CARTESIAN_POINT('Origin',(417.002724815871,-109.021028075527,2.));
#7616=CARTESIAN_POINT('Origin',(414.002724815871,-6.13665327722354,18.4070374120803));
#7617=CARTESIAN_POINT('',(417.002724815871,-147.942047212373,10.9753316255823));
#7618=CARTESIAN_POINT('',(419.002724815871,-147.942047212373,10.9753316255823));
#7619=CARTESIAN_POINT('',(419.002724815871,-145.944788142864,11.0800035380682));
#7620=CARTESIAN_POINT('Origin',(417.002724815871,-145.944788142864,11.0800035380682));
#7621=CARTESIAN_POINT('',(419.002724815871,-38.3610579293816,16.7182279255426));
#7622=CARTESIAN_POINT('',(419.002724815871,-1.14350560345067,18.668717193295));
#7623=CARTESIAN_POINT('',(418.261543860973,-37.3964558708671,16.7687805773212));
#7624=CARTESIAN_POINT('Origin',(418.002724815871,-38.3610579293816,16.7182279255427));
#7625=CARTESIAN_POINT('',(411.002724815871,-35.4541267173687,16.8705737348928));
#7626=CARTESIAN_POINT('',(412.732530474023,-35.9169915358521,16.8463160176478));
#7627=CARTESIAN_POINT('',(411.002724815871,-139.953010934336,11.3940192755259));
#7628=CARTESIAN_POINT('',(411.002724815871,-9.13254188148726,18.2500295433515));
#7629=CARTESIAN_POINT('',(50.0027248158709,-139.953010934336,11.3940192755259));
#7630=CARTESIAN_POINT('',(411.002724815871,-139.953010934336,11.3940192755259));
#7631=CARTESIAN_POINT('',(50.0027248158709,-9.13254188148723,18.2500295433515));
#7632=CARTESIAN_POINT('',(50.0027248158709,-139.953010934336,11.3940192755259));
#7633=CARTESIAN_POINT('',(411.002724815871,-9.13254188148726,18.2500295433515));
#7634=CARTESIAN_POINT('',(50.0027248158709,-9.13254188148722,18.2500295433515));
#7635=CARTESIAN_POINT('',(411.002724815871,-19.7613107907854,17.6929993683025));
#7636=CARTESIAN_POINT('',(411.002724815871,-9.13254188148726,18.2500295433515));
#7637=CARTESIAN_POINT('',(418.261543860973,-17.818981637287,17.7947925258741));
#7638=CARTESIAN_POINT('',(414.107663275931,-18.9304852180138,17.736541091543));
#7639=CARTESIAN_POINT('',(419.002724815871,-16.8543795787725,17.8453451776527));
#7640=CARTESIAN_POINT('Origin',(418.002724815871,-16.8543795787725,17.8453451776526));
#7641=CARTESIAN_POINT('',(419.002724815871,-1.14350560345067,18.668717193295));
#7642=CARTESIAN_POINT('',(42.0027248158709,-147.942047212373,10.9753316255824));
#7643=CARTESIAN_POINT('',(228.8,-143.947529073355,11.1846754505541));
#7644=CARTESIAN_POINT('Origin',(230.5,-143.947529073355,11.1846754505541));
#7645=CARTESIAN_POINT('',(228.802724815871,-5.13802374246895,18.4593733683233));
#7646=CARTESIAN_POINT('Origin',(230.502724815871,-5.13802374246895,18.4593733683233));
#7647=CARTESIAN_POINT('',(412.302724815871,-142.9488995386,11.237011406797));
#7648=CARTESIAN_POINT('Origin',(414.002724815871,-142.9488995386,11.237011406797));
#7649=CARTESIAN_POINT('',(45.3027248158709,-6.1366532772235,18.4070374120803));
#7650=CARTESIAN_POINT('Origin',(47.0027248158709,-6.1366532772235,18.4070374120803));
#7651=CARTESIAN_POINT('',(45.3027248158709,-142.9488995386,11.2370114067971));
#7652=CARTESIAN_POINT('Origin',(47.0027248158709,-142.9488995386,11.2370114067971));
#7653=CARTESIAN_POINT('',(412.302724815871,-6.13665327722354,18.4070374120803));
#7654=CARTESIAN_POINT('Origin',(414.002724815871,-6.13665327722354,18.4070374120803));
#7655=CARTESIAN_POINT('Origin',(419.002724815871,-20.1925665132453,0.));
#7656=CARTESIAN_POINT('Origin',(414.002724815871,-5.17198132327656,0.));
#7657=CARTESIAN_POINT('Origin',(417.002724815871,-147.314267118098,2.));
#7658=CARTESIAN_POINT('',(419.002724815871,-145.468925321552,2.));
#7659=CARTESIAN_POINT('',(419.002724815871,-147.314267118098,2.));
#7660=CARTESIAN_POINT('',(417.002724815871,-145.468925321552,0.));
#7661=CARTESIAN_POINT('Origin',(417.002724815871,-145.468925321552,2.));
#7662=CARTESIAN_POINT('',(417.002724815871,-142.359992724992,0.));
#7663=CARTESIAN_POINT('',(417.002724815871,-147.314267118098,0.));
#7664=CARTESIAN_POINT('',(417.002724815871,-147.314267118098,0.));
#7665=CARTESIAN_POINT('Origin',(417.002724815871,-145.264420711706,-1.90218041374127));
#7666=CARTESIAN_POINT('',(417.002724815871,-147.466184391061,1.89532808751411));
#7667=CARTESIAN_POINT('',(417.002724815871,-147.261679781215,-2.00685232622716));
#7668=CARTESIAN_POINT('Origin',(417.002724815871,-145.468925321552,2.));
#7669=CARTESIAN_POINT('',(419.002724815871,-145.264420711706,-1.90218041374127));
#7670=CARTESIAN_POINT('Origin',(417.002724815871,-145.468925321552,2.));
#7671=CARTESIAN_POINT('Origin',(417.002724815871,-145.468925321552,2.));
#7672=CARTESIAN_POINT('Origin',(230.502724815871,-145.468925321552,2.));
#7673=CARTESIAN_POINT('',(228.362160871162,-145.468925321552,0.));
#7674=CARTESIAN_POINT('',(230.502724815871,-145.468925321552,0.));
#7675=CARTESIAN_POINT('',(232.637839128838,-145.468925321552,0.));
#7676=CARTESIAN_POINT('Ctrl Pts',(228.362160871162,-145.468925321552,-7.97972798949331E-16));
#7677=CARTESIAN_POINT('Ctrl Pts',(228.61098563933,-145.722018137699,-2.90827265343831E-16));
#7678=CARTESIAN_POINT('Ctrl Pts',(228.910761909144,-145.937475434771,0.0488417033775254));
#7679=CARTESIAN_POINT('Ctrl Pts',(229.635288807186,-146.279518244025,0.161045880801443));
#7680=CARTESIAN_POINT('Ctrl Pts',(230.075253130314,-146.376906321031,0.217986951623254));
#7681=CARTESIAN_POINT('Ctrl Pts',(230.924746869686,-146.376906321031,0.217986951623254));
#7682=CARTESIAN_POINT('Ctrl Pts',(231.364711192814,-146.279518244025,0.161045880801443));
#7683=CARTESIAN_POINT('Ctrl Pts',(232.089238090856,-145.937475434771,0.0488417033775217));
#7684=CARTESIAN_POINT('Ctrl Pts',(232.38901436067,-145.722018137699,2.43761047569579E-16));
#7685=CARTESIAN_POINT('Ctrl Pts',(232.637839128839,-145.468925321552,4.11996825544492E-16));
#7686=CARTESIAN_POINT('',(230.502724815871,-145.468925321552,0.));
#7687=CARTESIAN_POINT('',(230.502724815871,-147.466184391061,1.89532808751411));
#7688=CARTESIAN_POINT('Origin',(42.0027248158709,-147.261679781215,-2.00685232622711));
#7689=CARTESIAN_POINT('Origin',(418.002724815871,-16.5141958631934,11.3542532017481));
#7690=CARTESIAN_POINT('',(418.261543860973,-17.4264619654649,10.3050710152147));
#7691=CARTESIAN_POINT('',(418.261543860973,-17.4787979217079,11.3037005499695));
#7692=CARTESIAN_POINT('',(419.002724815871,-16.4618599069504,10.3556236669933));
#7693=CARTESIAN_POINT('Origin',(418.002724815871,-16.4618599069504,10.3556236669934));
#7694=CARTESIAN_POINT('',(419.002724815871,-16.5141958631934,11.3542532017481));
#7695=CARTESIAN_POINT('Origin',(411.002724815871,-19.7613107907854,17.6929993683025));
#7696=CARTESIAN_POINT('',(411.002724815871,-19.3687911189634,10.2032778576432));
#7697=CARTESIAN_POINT('',(411.002724815871,-19.4211270752063,11.2019073923978));
#7698=CARTESIAN_POINT('',(419.002724815871,-17.2281352999605,10.3154648753264));
#7699=CARTESIAN_POINT('Origin',(418.002724815871,-38.0208742138024,10.2271359496377));
#7700=CARTESIAN_POINT('',(419.002724815871,-37.9685382575595,9.22850641488325));
#7701=CARTESIAN_POINT('',(419.002724815871,-38.0208742138024,10.2271359496377));
#7702=CARTESIAN_POINT('',(418.261543860973,-37.003936199045,9.27905906666187));
#7703=CARTESIAN_POINT('Origin',(418.002724815871,-37.9685382575595,9.22850641488331));
#7704=CARTESIAN_POINT('',(418.261543860973,-37.056272155288,10.2776886014163));
#7705=CARTESIAN_POINT('Origin',(419.002724815871,-37.5947825363715,16.7583867172095));
#7706=CARTESIAN_POINT('',(411.002724815871,-35.0616070455466,9.38085222423348));
#7707=CARTESIAN_POINT('',(419.002724815871,-37.2022628645494,9.26866520655017));
#7708=CARTESIAN_POINT('',(411.002724815871,-35.1139430017896,10.379481758988));
#7709=CARTESIAN_POINT('Origin',(415.002724815871,-27.215199082255,9.79206504093832));
#7710=CARTESIAN_POINT('',(411.002724815871,-17.9776106459601,10.2761865368153));
#7711=CARTESIAN_POINT('',(419.002724815871,-87.382363311403,6.63883757793061));
#7712=CARTESIAN_POINT('Origin',(419.002724815871,-147.261679781215,-2.00685232622716));
#7713=CARTESIAN_POINT('Origin',(230.5,-143.267161642196,-1.79750850125536));
#7714=CARTESIAN_POINT('',(227.5,-143.36136507099,0.));
#7715=CARTESIAN_POINT('Origin',(230.5,-143.36136507099,0.));
#7716=CARTESIAN_POINT('',(227.5,-143.42940310655,1.29824305648382));
#7717=CARTESIAN_POINT('',(227.5,-143.267161642196,-1.79750850125536));
#7718=CARTESIAN_POINT('Origin',(230.5,-143.42940310655,1.29824305648382));
#7719=CARTESIAN_POINT('Origin',(230.5,-143.36136507099,0.));
#7720=CARTESIAN_POINT('Origin',(42.0027248158709,-0.463138172292372,5.6865332414856));
#7721=CARTESIAN_POINT('Origin',(230.502724815871,-4.45765631131068,5.4771894165138));
#7722=CARTESIAN_POINT('',(227.502724815871,-4.6198977756638,8.57294097425298));
#7723=CARTESIAN_POINT('',(227.502724815871,-4.45765631131068,5.4771894165138));
#7724=CARTESIAN_POINT('Origin',(230.502724815871,-4.61989777566381,8.57294097425298));
#7725=CARTESIAN_POINT('Origin',(414.002724815871,-5.45628584606527,5.42485346027084));
#7726=CARTESIAN_POINT('',(411.002724815871,-5.6185273104184,8.52060501801002));
#7727=CARTESIAN_POINT('',(411.002724815871,-5.45628584606527,5.42485346027084));
#7728=CARTESIAN_POINT('Origin',(414.002724815871,-5.6185273104184,8.52060501801002));
#7729=CARTESIAN_POINT('Origin',(419.002724815871,-147.366854454981,0.));
#7730=CARTESIAN_POINT('Origin',(47.0027248158709,-142.359992724992,0.));
#7731=CARTESIAN_POINT('',(411.002724815871,-142.359992724992,0.));
#7732=CARTESIAN_POINT('Origin',(414.002724815871,-142.359992724992,0.));
#7733=CARTESIAN_POINT('Origin',(414.002724815871,-142.359992724992,0.));
#7734=CARTESIAN_POINT('Ctrl Pts',(152.145122157281,-65.1244976000369,7.30463671844458));
#7735=CARTESIAN_POINT('Ctrl Pts',(152.145122157281,-64.9517889444352,4.00915925375448));
#7736=CARTESIAN_POINT('Ctrl Pts',(151.51298656906,-64.5046143771281,7.33712342157204));
#7737=CARTESIAN_POINT('Ctrl Pts',(151.51298656906,-64.3319057215264,4.04164595688195));
#7738=CARTESIAN_POINT('Ctrl Pts',(150.243179301995,-63.2594191439401,7.40238133851726));
#7739=CARTESIAN_POINT('Ctrl Pts',(150.243179301995,-63.0867104883383,4.10690387382716));
#7740=CARTESIAN_POINT('Ctrl Pts',(148.471421850175,-63.0861736314099,7.41146075109971));
#7741=CARTESIAN_POINT('Ctrl Pts',(148.471421850175,-62.9134649758082,4.11598328640962));
#7742=CARTESIAN_POINT('Ctrl Pts',(147.581680880731,-62.9991732182822,7.41602024954844));
#7743=CARTESIAN_POINT('Ctrl Pts',(147.581680880731,-62.8264645626805,4.12054278485835));
#7744=CARTESIAN_POINT('',(152.145122157281,-65.019825687551,5.30737764893543));
#7745=CARTESIAN_POINT('',(147.581680880731,-62.8945013057963,5.4187611800393));
#7746=CARTESIAN_POINT('Ctrl Pts',(152.145122157281,-65.019825687551,5.30737764893543));
#7747=CARTESIAN_POINT('Ctrl Pts',(151.51298656906,-64.3999424646423,5.33986435206289));
#7748=CARTESIAN_POINT('Ctrl Pts',(150.243179301995,-63.1547472314542,5.40512226900811));
#7749=CARTESIAN_POINT('Ctrl Pts',(148.471421850175,-62.981501718924,5.41420168159056));
#7750=CARTESIAN_POINT('Ctrl Pts',(147.581680880731,-62.8945013057963,5.4187611800393));
#7751=CARTESIAN_POINT('',(152.145122157281,-64.9805737203688,4.5584054978695));
#7752=CARTESIAN_POINT('',(152.145122157281,-65.1244976000369,7.30463671844458));
#7753=CARTESIAN_POINT('',(147.581680880731,-62.8552493386141,4.66978902897336));
#7754=CARTESIAN_POINT('Ctrl Pts',(152.145122157281,-64.9805737203688,4.5584054978695));
#7755=CARTESIAN_POINT('Ctrl Pts',(151.51298656906,-64.3606904974601,4.59089220099696));
#7756=CARTESIAN_POINT('Ctrl Pts',(150.243179301995,-63.115495264272,4.65615011794218));
#7757=CARTESIAN_POINT('Ctrl Pts',(148.471421850175,-62.9422497517418,4.66522953052463));
#7758=CARTESIAN_POINT('Ctrl Pts',(147.581680880731,-62.8552493386141,4.66978902897336));
#7759=CARTESIAN_POINT('',(147.581680880731,-62.9991732182822,7.41602024954844));
#7760=CARTESIAN_POINT('Ctrl Pts',(147.581680880731,-62.9991732182822,7.41602024954844));
#7761=CARTESIAN_POINT('Ctrl Pts',(147.581680880731,-62.8264645626805,4.12054278485835));
#7762=CARTESIAN_POINT('Ctrl Pts',(146.773329243378,-63.066147560185,7.41251027302038));
#7763=CARTESIAN_POINT('Ctrl Pts',(146.773329243378,-62.8934389045833,4.11703280833028));
#7764=CARTESIAN_POINT('Ctrl Pts',(145.17711175076,-63.1983989359006,7.40557927211199));
#7765=CARTESIAN_POINT('Ctrl Pts',(145.17711175076,-63.0256902802989,4.1101018074219));
#7766=CARTESIAN_POINT('Ctrl Pts',(143.930350691744,-64.2006500674508,7.35305351602353));
#7767=CARTESIAN_POINT('Ctrl Pts',(143.930350691744,-64.0279414118491,4.05757605133344));
#7768=CARTESIAN_POINT('Ctrl Pts',(143.314970599358,-64.6953442107001,7.32712769455151));
#7769=CARTESIAN_POINT('Ctrl Pts',(143.314970599358,-64.5226355550983,4.03165022986142));
#7770=CARTESIAN_POINT('',(143.314970599358,-64.5906722982142,5.32986862504236));
#7771=CARTESIAN_POINT('Ctrl Pts',(147.581680880731,-62.8945013057963,5.4187611800393));
#7772=CARTESIAN_POINT('Ctrl Pts',(146.773329243378,-62.9614756476991,5.41525120351123));
#7773=CARTESIAN_POINT('Ctrl Pts',(145.17711175076,-63.0937270234148,5.40832020260284));
#7774=CARTESIAN_POINT('Ctrl Pts',(143.930350691744,-64.095978154965,5.35579444651438));
#7775=CARTESIAN_POINT('Ctrl Pts',(143.314970599358,-64.5906722982142,5.32986862504236));
#7776=CARTESIAN_POINT('',(143.314970599358,-64.551420331032,4.58089647397644));
#7777=CARTESIAN_POINT('Ctrl Pts',(147.581680880731,-62.8552493386141,4.66978902897336));
#7778=CARTESIAN_POINT('Ctrl Pts',(146.773329243378,-62.9222236805169,4.6662790524453));
#7779=CARTESIAN_POINT('Ctrl Pts',(145.17711175076,-63.0544750562325,4.65934805153691));
#7780=CARTESIAN_POINT('Ctrl Pts',(143.930350691744,-64.0567261877827,4.60682229544845));
#7781=CARTESIAN_POINT('Ctrl Pts',(143.314970599358,-64.551420331032,4.58089647397644));
#7782=CARTESIAN_POINT('',(143.314970599358,-64.6953442107001,7.32712769455151));
#7783=CARTESIAN_POINT('Ctrl Pts',(143.314970599358,-64.6953442107001,7.32712769455151));
#7784=CARTESIAN_POINT('Ctrl Pts',(143.314970599358,-64.5226355550983,4.03165022986142));
#7785=CARTESIAN_POINT('Ctrl Pts',(142.801939775577,-65.3279472344332,7.29397437490992));
#7786=CARTESIAN_POINT('Ctrl Pts',(142.801939775577,-65.1552385788315,3.99849691021983));
#7787=CARTESIAN_POINT('Ctrl Pts',(141.727881832827,-66.6523360835106,7.22456609642255));
#7788=CARTESIAN_POINT('Ctrl Pts',(141.727881832827,-66.4796274279089,3.92908863173246));
#7789=CARTESIAN_POINT('Ctrl Pts',(141.513552850722,-68.3469323866365,7.13575606739448));
#7790=CARTESIAN_POINT('Ctrl Pts',(141.513552850722,-68.1742237310347,3.84027860270438));
#7791=CARTESIAN_POINT('Ctrl Pts',(141.401599513238,-69.2320936464885,7.08936673145825));
#7792=CARTESIAN_POINT('Ctrl Pts',(141.401599513238,-69.0593849908868,3.79388926676816));
#7793=CARTESIAN_POINT('',(141.401599513238,-69.1274217340026,5.0921076619491));
#7794=CARTESIAN_POINT('Ctrl Pts',(143.314970599358,-64.5906722982142,5.32986862504236));
#7795=CARTESIAN_POINT('Ctrl Pts',(142.801939775577,-65.2232753219473,5.29671530540077));
#7796=CARTESIAN_POINT('Ctrl Pts',(141.727881832827,-66.5476641710248,5.2273070269134));
#7797=CARTESIAN_POINT('Ctrl Pts',(141.513552850722,-68.2422604741506,5.13849699788533));
#7798=CARTESIAN_POINT('Ctrl Pts',(141.401599513238,-69.1274217340026,5.0921076619491));
#7799=CARTESIAN_POINT('',(141.401599513238,-69.0881697668204,4.34313551088318));
#7800=CARTESIAN_POINT('Ctrl Pts',(143.314970599358,-64.551420331032,4.58089647397644));
#7801=CARTESIAN_POINT('Ctrl Pts',(142.801939775577,-65.1840233547651,4.54774315433485));
#7802=CARTESIAN_POINT('Ctrl Pts',(141.727881832827,-66.5084122038425,4.47833487584747));
#7803=CARTESIAN_POINT('Ctrl Pts',(141.513552850722,-68.2030085069684,4.3895248468194));
#7804=CARTESIAN_POINT('Ctrl Pts',(141.401599513238,-69.0881697668204,4.34313551088318));
#7805=CARTESIAN_POINT('',(141.401599513238,-69.2320936464885,7.08936673145825));
#7806=CARTESIAN_POINT('Ctrl Pts',(140.214696990197,-62.9991732182822,7.41602024954844));
#7807=CARTESIAN_POINT('Ctrl Pts',(140.214696990197,-62.8264645626805,4.12054278485835));
#7808=CARTESIAN_POINT('Ctrl Pts',(141.242996793531,-62.1171659208878,7.46224429331632));
#7809=CARTESIAN_POINT('Ctrl Pts',(141.242996793531,-61.9444572652861,4.16676682862623));
#7810=CARTESIAN_POINT('Ctrl Pts',(143.349546173442,-60.3103077270236,7.55693771873611));
#7811=CARTESIAN_POINT('Ctrl Pts',(143.349546173442,-60.1375990714219,4.26146025404602));
#7812=CARTESIAN_POINT('Ctrl Pts',(146.121773324362,-60.0883063123139,7.56857231987874));
#7813=CARTESIAN_POINT('Ctrl Pts',(146.121773324362,-59.9155976567122,4.27309485518865));
#7814=CARTESIAN_POINT('Ctrl Pts',(147.540753947442,-59.9746735944232,7.57452755827729));
#7815=CARTESIAN_POINT('Ctrl Pts',(147.540753947442,-59.8019649388215,4.27905009358719));
#7816=CARTESIAN_POINT('',(140.214696990197,-62.8945013057963,5.4187611800393));
#7817=CARTESIAN_POINT('',(147.540753947442,-59.8700016819373,5.57726848876814));
#7818=CARTESIAN_POINT('Ctrl Pts',(140.214696990197,-62.8945013057963,5.4187611800393));
#7819=CARTESIAN_POINT('Ctrl Pts',(141.242996793531,-62.0124940084019,5.46498522380717));
#7820=CARTESIAN_POINT('Ctrl Pts',(143.349546173442,-60.2056358145377,5.55967864922696));
#7821=CARTESIAN_POINT('Ctrl Pts',(146.121773324362,-59.983634399828,5.57131325036959));
#7822=CARTESIAN_POINT('Ctrl Pts',(147.540753947442,-59.8700016819373,5.57726848876814));
#7823=CARTESIAN_POINT('',(140.214696990197,-62.8552493386141,4.66978902897337));
#7824=CARTESIAN_POINT('',(140.214696990197,-62.9991732182822,7.41602024954844));
#7825=CARTESIAN_POINT('',(147.540753947442,-59.8307497147551,4.82829633770221));
#7826=CARTESIAN_POINT('Ctrl Pts',(140.214696990197,-62.8552493386141,4.66978902897337));
#7827=CARTESIAN_POINT('Ctrl Pts',(141.242996793531,-61.9732420412197,4.71601307274124));
#7828=CARTESIAN_POINT('Ctrl Pts',(143.349546173442,-60.1663838473555,4.81070649816103));
#7829=CARTESIAN_POINT('Ctrl Pts',(146.121773324362,-59.9443824326458,4.82234109930366));
#7830=CARTESIAN_POINT('Ctrl Pts',(147.540753947442,-59.8307497147551,4.82829633770221));
#7831=CARTESIAN_POINT('',(147.540753947442,-59.9746735944232,7.57452755827729));
#7832=CARTESIAN_POINT('Ctrl Pts',(147.540753947442,-59.9746735944232,7.57452755827729));
#7833=CARTESIAN_POINT('Ctrl Pts',(147.540753947442,-59.8019649388215,4.27905009358719));
#7834=CARTESIAN_POINT('Ctrl Pts',(148.917261188981,-60.0876686548824,7.56860573808867));
#7835=CARTESIAN_POINT('Ctrl Pts',(148.917261188981,-59.9149599992807,4.27312827339857));
#7836=CARTESIAN_POINT('Ctrl Pts',(151.614826373723,-60.3091070403437,7.55700064405862));
#7837=CARTESIAN_POINT('Ctrl Pts',(151.614826373723,-60.136398384742,4.26152317936852));
#7838=CARTESIAN_POINT('Ctrl Pts',(153.660407212494,-62.0737034652803,7.4645220640969));
#7839=CARTESIAN_POINT('Ctrl Pts',(153.660407212494,-61.9009948096786,4.1690445994068));
#7840=CARTESIAN_POINT('Ctrl Pts',(154.662173854058,-62.9378657612996,7.41923323722239));
#7841=CARTESIAN_POINT('Ctrl Pts',(154.662173854058,-62.7651571056979,4.1237557725323));
#7842=CARTESIAN_POINT('',(154.662173854058,-62.8331938488137,5.42197416771324));
#7843=CARTESIAN_POINT('Ctrl Pts',(147.540753947442,-59.8700016819373,5.57726848876814));
#7844=CARTESIAN_POINT('Ctrl Pts',(148.917261188981,-59.9829967423965,5.57134666857952));
#7845=CARTESIAN_POINT('Ctrl Pts',(151.614826373723,-60.2044351278578,5.55974157454947));
#7846=CARTESIAN_POINT('Ctrl Pts',(153.660407212494,-61.9690315527944,5.46726299458775));
#7847=CARTESIAN_POINT('Ctrl Pts',(154.662173854058,-62.8331938488137,5.42197416771324));
#7848=CARTESIAN_POINT('',(154.662173854058,-62.7939418816315,4.67300201664731));
#7849=CARTESIAN_POINT('Ctrl Pts',(147.540753947442,-59.8307497147551,4.82829633770221));
#7850=CARTESIAN_POINT('Ctrl Pts',(148.917261188981,-59.9437447752143,4.82237451751359));
#7851=CARTESIAN_POINT('Ctrl Pts',(151.614826373723,-60.1651831606756,4.81076942348354));
#7852=CARTESIAN_POINT('Ctrl Pts',(153.660407212494,-61.9297795856122,4.71829084352182));
#7853=CARTESIAN_POINT('Ctrl Pts',(154.662173854058,-62.7939418816315,4.67300201664731));
#7854=CARTESIAN_POINT('',(154.662173854058,-62.9378657612996,7.41923323722239));
#7855=CARTESIAN_POINT('Ctrl Pts',(154.662173854058,-62.9378657612996,7.41923323722239));
#7856=CARTESIAN_POINT('Ctrl Pts',(154.662173854058,-62.7651571056979,4.1237557725323));
#7857=CARTESIAN_POINT('Ctrl Pts',(155.466634567189,-64.0870287543604,7.35900815672182));
#7858=CARTESIAN_POINT('Ctrl Pts',(155.466634567189,-63.9143200987587,4.06353069203173));
#7859=CARTESIAN_POINT('Ctrl Pts',(157.211846584504,-66.5800443020551,7.22835474814905));
#7860=CARTESIAN_POINT('Ctrl Pts',(157.211846584504,-66.4073356464534,3.93287728345895));
#7861=CARTESIAN_POINT('Ctrl Pts',(157.350208398201,-69.6310425193109,7.06845870698615));
#7862=CARTESIAN_POINT('Ctrl Pts',(157.350208398201,-69.4583338637092,3.77298124229606));
#7863=CARTESIAN_POINT('Ctrl Pts',(157.424791918939,-71.2756739586271,6.98226722551252));
#7864=CARTESIAN_POINT('Ctrl Pts',(157.424791918939,-71.1029653030254,3.68678976082243));
#7865=CARTESIAN_POINT('',(157.424791918939,-71.1710020461412,4.98500815600337));
#7866=CARTESIAN_POINT('Ctrl Pts',(154.662173854058,-62.8331938488137,5.42197416771324));
#7867=CARTESIAN_POINT('Ctrl Pts',(155.466634567189,-63.9823568418745,5.36174908721267));
#7868=CARTESIAN_POINT('Ctrl Pts',(157.211846584504,-66.4753723895692,5.2310956786399));
#7869=CARTESIAN_POINT('Ctrl Pts',(157.350208398201,-69.526370606825,5.07119963747701));
#7870=CARTESIAN_POINT('Ctrl Pts',(157.424791918939,-71.1710020461412,4.98500815600337));
#7871=CARTESIAN_POINT('',(157.424791918939,-71.131750078959,4.23603600493744));
#7872=CARTESIAN_POINT('Ctrl Pts',(154.662173854058,-62.7939418816315,4.67300201664731));
#7873=CARTESIAN_POINT('Ctrl Pts',(155.466634567189,-63.9431048746923,4.61277693614674));
#7874=CARTESIAN_POINT('Ctrl Pts',(157.211846584504,-66.436120422387,4.48212352757397));
#7875=CARTESIAN_POINT('Ctrl Pts',(157.350208398201,-69.4871186396428,4.32222748641108));
#7876=CARTESIAN_POINT('Ctrl Pts',(157.424791918939,-71.131750078959,4.23603600493744));
#7877=CARTESIAN_POINT('',(157.424791918939,-71.2756739586271,6.98226722551252));
#7878=CARTESIAN_POINT('Ctrl Pts',(157.424791918939,-71.2756739586271,6.98226722551252));
#7879=CARTESIAN_POINT('Ctrl Pts',(157.424791918939,-71.1029653030254,3.68678976082243));
#7880=CARTESIAN_POINT('Ctrl Pts',(157.42349198448,-71.4119204413814,6.97512684991625));
#7881=CARTESIAN_POINT('Ctrl Pts',(157.42349198448,-71.2392117857796,3.67964938522615));
#7882=CARTESIAN_POINT('Ctrl Pts',(157.420371633061,-71.7389653189579,6.95798715415657));
#7883=CARTESIAN_POINT('Ctrl Pts',(157.420371633061,-71.5662566633562,3.66250968946647));
#7884=CARTESIAN_POINT('Ctrl Pts',(157.410241038278,-72.065872706479,6.94085466394536));
#7885=CARTESIAN_POINT('Ctrl Pts',(157.410241038278,-71.8931640508773,3.64537719925527));
#7886=CARTESIAN_POINT('Ctrl Pts',(157.40433083648,-72.2565908894291,6.93085954750805));
#7887=CARTESIAN_POINT('Ctrl Pts',(157.40433083648,-72.0838822338274,3.63538208281796));
#7888=CARTESIAN_POINT('',(157.40433083648,-72.1519189769432,4.9336004779989));
#7889=CARTESIAN_POINT('Ctrl Pts',(157.424791918939,-71.1710020461412,4.98500815600337));
#7890=CARTESIAN_POINT('Ctrl Pts',(157.42349198448,-71.3072485288955,4.9778677804071));
#7891=CARTESIAN_POINT('Ctrl Pts',(157.420371633061,-71.634293406472,4.96072808464742));
#7892=CARTESIAN_POINT('Ctrl Pts',(157.410241038278,-71.9612007939931,4.94359559443621));
#7893=CARTESIAN_POINT('Ctrl Pts',(157.40433083648,-72.1519189769432,4.9336004779989));
#7894=CARTESIAN_POINT('',(157.40433083648,-72.112667009761,4.18462832693297));
#7895=CARTESIAN_POINT('Ctrl Pts',(157.424791918939,-71.131750078959,4.23603600493744));
#7896=CARTESIAN_POINT('Ctrl Pts',(157.42349198448,-71.2679965617133,4.22889562934117));
#7897=CARTESIAN_POINT('Ctrl Pts',(157.420371633061,-71.5950414392898,4.21175593358149));
#7898=CARTESIAN_POINT('Ctrl Pts',(157.410241038278,-71.9219488268109,4.19462344337029));
#7899=CARTESIAN_POINT('Ctrl Pts',(157.40433083648,-72.112667009761,4.18462832693297));
#7900=CARTESIAN_POINT('',(157.40433083648,-72.2565908894291,6.93085954750805));
#7901=CARTESIAN_POINT('Origin',(157.40433083648,-72.2565908894291,6.93085954750805));
#7902=CARTESIAN_POINT('',(141.196962462609,-72.1519189769432,4.93360047799891));
#7903=CARTESIAN_POINT('',(185.84984363924,-72.1519189769432,4.9336004779989));
#7904=CARTESIAN_POINT('',(141.196962462609,-72.112667009761,4.18462832693298));
#7905=CARTESIAN_POINT('',(157.40433083648,-72.112667009761,4.18462832693297));
#7906=CARTESIAN_POINT('',(141.196962462609,-72.2565908894291,6.93085954750805));
#7907=CARTESIAN_POINT('Ctrl Pts',(141.196962462609,-72.2565908894291,6.93085954750805));
#7908=CARTESIAN_POINT('Ctrl Pts',(141.196962462609,-72.0838822338274,3.63538208281796));
#7909=CARTESIAN_POINT('Ctrl Pts',(141.303405068926,-73.3463011841012,6.87375025090242));
#7910=CARTESIAN_POINT('Ctrl Pts',(141.303405068926,-73.1735925284995,3.57827278621233));
#7911=CARTESIAN_POINT('Ctrl Pts',(141.499796557156,-75.3568666326048,6.76838098064314));
#7912=CARTESIAN_POINT('Ctrl Pts',(141.499796557156,-75.1841579770031,3.47290351595304));
#7913=CARTESIAN_POINT('Ctrl Pts',(142.681605707051,-76.9868437678099,6.6829574987049));
#7914=CARTESIAN_POINT('Ctrl Pts',(142.681605707051,-76.8141351122082,3.38748003401481));
#7915=CARTESIAN_POINT('Ctrl Pts',(143.222883807366,-77.7333864116707,6.64383285660007));
#7916=CARTESIAN_POINT('Ctrl Pts',(143.222883807366,-77.560677756069,3.34835539190997));
#7917=CARTESIAN_POINT('',(143.222883807366,-77.6287144991849,4.64657378709092));
#7918=CARTESIAN_POINT('Ctrl Pts',(141.196962462609,-72.1519189769432,4.93360047799891));
#7919=CARTESIAN_POINT('Ctrl Pts',(141.303405068926,-73.2416292716153,4.87649118139327));
#7920=CARTESIAN_POINT('Ctrl Pts',(141.499796557156,-75.2521947201189,4.77112191113399));
#7921=CARTESIAN_POINT('Ctrl Pts',(142.681605707051,-76.882171855324,4.68569842919576));
#7922=CARTESIAN_POINT('Ctrl Pts',(143.222883807366,-77.6287144991849,4.64657378709092));
#7923=CARTESIAN_POINT('',(143.222883807366,-77.5894625320026,3.89760163602499));
#7924=CARTESIAN_POINT('Ctrl Pts',(141.196962462609,-72.112667009761,4.18462832693298));
#7925=CARTESIAN_POINT('Ctrl Pts',(141.303405068926,-73.2023773044331,4.12751903032734));
#7926=CARTESIAN_POINT('Ctrl Pts',(141.499796557156,-75.2129427529367,4.02214976006806));
#7927=CARTESIAN_POINT('Ctrl Pts',(142.681605707051,-76.8429198881418,3.93672627812982));
#7928=CARTESIAN_POINT('Ctrl Pts',(143.222883807366,-77.5894625320026,3.89760163602499));
#7929=CARTESIAN_POINT('',(143.222883807366,-77.7333864116707,6.64383285660007));
#7930=CARTESIAN_POINT('Ctrl Pts',(143.222883807366,-77.7333864116707,6.64383285660007));
#7931=CARTESIAN_POINT('Ctrl Pts',(143.222883807366,-77.560677756069,3.34835539190997));
#7932=CARTESIAN_POINT('Ctrl Pts',(143.871613634416,-78.2876948580659,6.61478278188666));
#7933=CARTESIAN_POINT('Ctrl Pts',(143.871613634416,-78.1149862024642,3.31930531719657));
#7934=CARTESIAN_POINT('Ctrl Pts',(145.181169093655,-79.4066470347846,6.55614098318091));
#7935=CARTESIAN_POINT('Ctrl Pts',(145.181169093655,-79.2339383791829,3.26066351849082));
#7936=CARTESIAN_POINT('Ctrl Pts',(146.899003705858,-79.5576948818651,6.54822490094994));
#7937=CARTESIAN_POINT('Ctrl Pts',(146.899003705858,-79.3849862262634,3.25274743625985));
#7938=CARTESIAN_POINT('Ctrl Pts',(147.765854464715,-79.6339163876698,6.54423030109711));
#7939=CARTESIAN_POINT('Ctrl Pts',(147.765854464715,-79.461207732068,3.24875283640701));
#7940=CARTESIAN_POINT('',(147.765854464715,-79.5292444751839,4.54697123158796));
#7941=CARTESIAN_POINT('Ctrl Pts',(143.222883807366,-77.6287144991849,4.64657378709092));
#7942=CARTESIAN_POINT('Ctrl Pts',(143.871613634416,-78.18302294558,4.61752371237751));
#7943=CARTESIAN_POINT('Ctrl Pts',(145.181169093655,-79.3019751222987,4.55888191367176));
#7944=CARTESIAN_POINT('Ctrl Pts',(146.899003705858,-79.4530229693792,4.55096583144079));
#7945=CARTESIAN_POINT('Ctrl Pts',(147.765854464715,-79.5292444751839,4.54697123158796));
#7946=CARTESIAN_POINT('',(147.765854464715,-79.4899925080016,3.79799908052203));
#7947=CARTESIAN_POINT('Ctrl Pts',(143.222883807366,-77.5894625320026,3.89760163602499));
#7948=CARTESIAN_POINT('Ctrl Pts',(143.871613634416,-78.1437709783978,3.86855156131158));
#7949=CARTESIAN_POINT('Ctrl Pts',(145.181169093655,-79.2627231551165,3.80990976260583));
#7950=CARTESIAN_POINT('Ctrl Pts',(146.899003705858,-79.413771002197,3.80199368037486));
#7951=CARTESIAN_POINT('Ctrl Pts',(147.765854464715,-79.4899925080016,3.79799908052203));
#7952=CARTESIAN_POINT('',(147.765854464715,-79.6339163876698,6.54423030109711));
#7953=CARTESIAN_POINT('Ctrl Pts',(153.53666173095,-69.2320936464885,7.08936673145825));
#7954=CARTESIAN_POINT('Ctrl Pts',(153.53666173095,-69.0593849908868,3.79388926676816));
#7955=CARTESIAN_POINT('Ctrl Pts',(153.443502932069,-68.4106398835332,7.13241729895844));
#7956=CARTESIAN_POINT('Ctrl Pts',(153.443502932069,-68.2379312279315,3.83693983426834));
#7957=CARTESIAN_POINT('Ctrl Pts',(153.276217524636,-66.9355540186048,7.20972327339114));
#7958=CARTESIAN_POINT('Ctrl Pts',(153.276217524636,-66.7628453630031,3.91424580870104));
#7959=CARTESIAN_POINT('Ctrl Pts',(152.492429904945,-65.6805903432119,7.27549313269936));
#7960=CARTESIAN_POINT('Ctrl Pts',(152.492429904945,-65.5078816876102,3.98001566800926));
#7961=CARTESIAN_POINT('Ctrl Pts',(152.145122157281,-65.1244976000369,7.30463671844458));
#7962=CARTESIAN_POINT('Ctrl Pts',(152.145122157281,-64.9517889444352,4.00915925375448));
#7963=CARTESIAN_POINT('',(153.53666173095,-69.1274217340026,5.0921076619491));
#7964=CARTESIAN_POINT('Ctrl Pts',(153.53666173095,-69.1274217340026,5.0921076619491));
#7965=CARTESIAN_POINT('Ctrl Pts',(153.443502932069,-68.3059679710473,5.13515822944929));
#7966=CARTESIAN_POINT('Ctrl Pts',(153.276217524636,-66.8308821061189,5.21246420388199));
#7967=CARTESIAN_POINT('Ctrl Pts',(152.492429904945,-65.575918430726,5.27823406319021));
#7968=CARTESIAN_POINT('Ctrl Pts',(152.145122157281,-65.019825687551,5.30737764893543));
#7969=CARTESIAN_POINT('',(153.53666173095,-69.0881697668204,4.34313551088317));
#7970=CARTESIAN_POINT('',(153.53666173095,-69.2320936464885,7.08936673145825));
#7971=CARTESIAN_POINT('Ctrl Pts',(153.53666173095,-69.0881697668204,4.34313551088317));
#7972=CARTESIAN_POINT('Ctrl Pts',(153.443502932069,-68.2667160038651,4.38618607838336));
#7973=CARTESIAN_POINT('Ctrl Pts',(153.276217524636,-66.7916301389367,4.46349205281606));
#7974=CARTESIAN_POINT('Ctrl Pts',(152.492429904945,-65.5366664635438,4.52926191212428));
#7975=CARTESIAN_POINT('Ctrl Pts',(152.145122157281,-64.9805737203688,4.5584054978695));
#7976=CARTESIAN_POINT('Origin',(141.401599513238,-69.2320936464885,7.08936673145825));
#7977=CARTESIAN_POINT('',(192.019693273411,-69.1274217340026,5.0921076619491));
#7978=CARTESIAN_POINT('',(141.401599513238,-69.0881697668204,4.34313551088318));
#7979=CARTESIAN_POINT('Ctrl Pts',(147.765854464715,-79.6339163876698,6.54423030109711));
#7980=CARTESIAN_POINT('Ctrl Pts',(147.765854464715,-79.461207732068,3.24875283640701));
#7981=CARTESIAN_POINT('Ctrl Pts',(148.407630057444,-79.5960190861158,6.54621641451237));
#7982=CARTESIAN_POINT('Ctrl Pts',(148.407630057444,-79.4233104305141,3.25073894982228));
#7983=CARTESIAN_POINT('Ctrl Pts',(149.648727267594,-79.5227314202033,6.55005725833168));
#7984=CARTESIAN_POINT('Ctrl Pts',(149.648727267594,-79.3500227646016,3.25457979364159));
#7985=CARTESIAN_POINT('Ctrl Pts',(150.711189887182,-78.881097987459,6.58368384165556));
#7986=CARTESIAN_POINT('Ctrl Pts',(150.711189887182,-78.7083893318573,3.28820637696547));
#7987=CARTESIAN_POINT('Ctrl Pts',(151.224249468987,-78.5712553872516,6.59992200425972));
#7988=CARTESIAN_POINT('Ctrl Pts',(151.224249468987,-78.3985467316499,3.30444453956962));
#7989=CARTESIAN_POINT('',(151.224249468987,-78.4665834747657,4.60266293475057));
#7990=CARTESIAN_POINT('Ctrl Pts',(147.765854464715,-79.5292444751839,4.54697123158796));
#7991=CARTESIAN_POINT('Ctrl Pts',(148.407630057444,-79.4913471736299,4.54895734500322));
#7992=CARTESIAN_POINT('Ctrl Pts',(149.648727267594,-79.4180595077174,4.55279818882253));
#7993=CARTESIAN_POINT('Ctrl Pts',(150.711189887182,-78.7764260749732,4.58642477214641));
#7994=CARTESIAN_POINT('Ctrl Pts',(151.224249468987,-78.4665834747657,4.60266293475057));
#7995=CARTESIAN_POINT('',(151.224249468987,-78.4273315075835,3.85369078368464));
#7996=CARTESIAN_POINT('Ctrl Pts',(147.765854464715,-79.4899925080016,3.79799908052203));
#7997=CARTESIAN_POINT('Ctrl Pts',(148.407630057444,-79.4520952064477,3.79998519393729));
#7998=CARTESIAN_POINT('Ctrl Pts',(149.648727267594,-79.3788075405352,3.8038260377566));
#7999=CARTESIAN_POINT('Ctrl Pts',(150.711189887182,-78.7371741077909,3.83745262108048));
#8000=CARTESIAN_POINT('Ctrl Pts',(151.224249468987,-78.4273315075835,3.85369078368464));
#8001=CARTESIAN_POINT('',(151.224249468987,-78.5712553872516,6.59992200425972));
#8002=CARTESIAN_POINT('Ctrl Pts',(137.390686141198,-71.5004683643827,6.97048624991162));
#8003=CARTESIAN_POINT('Ctrl Pts',(137.390686141198,-71.327759708781,3.67500878522153));
#8004=CARTESIAN_POINT('Ctrl Pts',(137.467294588312,-69.8239910690904,7.05834670197633));
#8005=CARTESIAN_POINT('Ctrl Pts',(137.467294588312,-69.6512824134887,3.76286923728624));
#8006=CARTESIAN_POINT('Ctrl Pts',(137.60949453001,-66.7121283094041,7.22143251864508));
#8007=CARTESIAN_POINT('Ctrl Pts',(137.60949453001,-66.5394196538024,3.92595505395499));
#8008=CARTESIAN_POINT('Ctrl Pts',(139.392338157144,-64.1712055123455,7.35459663976858));
#8009=CARTESIAN_POINT('Ctrl Pts',(139.392338157144,-63.9984968567438,4.05911917507848));
#8010=CARTESIAN_POINT('Ctrl Pts',(140.214696990197,-62.9991732182822,7.41602024954844));
#8011=CARTESIAN_POINT('Ctrl Pts',(140.214696990197,-62.8264645626805,4.12054278485835));
#8012=CARTESIAN_POINT('',(137.390686141198,-71.3957964518968,4.97322718040248));
#8013=CARTESIAN_POINT('Ctrl Pts',(137.390686141198,-71.3957964518968,4.97322718040248));
#8014=CARTESIAN_POINT('Ctrl Pts',(137.467294588312,-69.7193191566045,5.06108763246718));
#8015=CARTESIAN_POINT('Ctrl Pts',(137.60949453001,-66.6074563969182,5.22417344913594));
#8016=CARTESIAN_POINT('Ctrl Pts',(139.392338157144,-64.0665335998596,5.35733757025943));
#8017=CARTESIAN_POINT('Ctrl Pts',(140.214696990197,-62.8945013057963,5.4187611800393));
#8018=CARTESIAN_POINT('',(137.390686141198,-71.3565444847146,4.22425502933654));
#8019=CARTESIAN_POINT('',(137.390686141198,-71.5004683643827,6.97048624991162));
#8020=CARTESIAN_POINT('Ctrl Pts',(137.390686141198,-71.3565444847146,4.22425502933654));
#8021=CARTESIAN_POINT('Ctrl Pts',(137.467294588312,-69.6800671894223,4.31211548140125));
#8022=CARTESIAN_POINT('Ctrl Pts',(137.60949453001,-66.568204429736,4.47520129807001));
#8023=CARTESIAN_POINT('Ctrl Pts',(139.392338157144,-64.0272816326774,4.6083654191935));
#8024=CARTESIAN_POINT('Ctrl Pts',(140.214696990197,-62.8552493386141,4.66978902897337));
#8025=CARTESIAN_POINT('Ctrl Pts',(140.184000598138,-79.725876977914,6.53941085078085));
#8026=CARTESIAN_POINT('Ctrl Pts',(140.184000598138,-79.5531683223122,3.24393338609076));
#8027=CARTESIAN_POINT('Ctrl Pts',(139.370479218033,-78.5925666736473,6.59880512706605));
#8028=CARTESIAN_POINT('Ctrl Pts',(139.370479218033,-78.4198580180456,3.30332766237596));
#8029=CARTESIAN_POINT('Ctrl Pts',(137.612946825795,-76.1441619741295,6.72712058015395));
#8030=CARTESIAN_POINT('Ctrl Pts',(137.612946825795,-75.9714533185278,3.43164311546385));
#8031=CARTESIAN_POINT('Ctrl Pts',(137.468351572553,-73.1231326153001,6.88544601999906));
#8032=CARTESIAN_POINT('Ctrl Pts',(137.468351572553,-72.9504239596984,3.58996855530897));
#8033=CARTESIAN_POINT('Ctrl Pts',(137.390686141198,-71.5004683643827,6.97048624991162));
#8034=CARTESIAN_POINT('Ctrl Pts',(137.390686141198,-71.327759708781,3.67500878522153));
#8035=CARTESIAN_POINT('',(140.184000598138,-79.6212050654281,4.5421517812717));
#8036=CARTESIAN_POINT('Ctrl Pts',(140.184000598138,-79.6212050654281,4.5421517812717));
#8037=CARTESIAN_POINT('Ctrl Pts',(139.370479218033,-78.4878947611614,4.60154605755691));
#8038=CARTESIAN_POINT('Ctrl Pts',(137.612946825795,-76.0394900616436,4.7298615106448));
#8039=CARTESIAN_POINT('Ctrl Pts',(137.468351572553,-73.0184607028142,4.88818695048992));
#8040=CARTESIAN_POINT('Ctrl Pts',(137.390686141198,-71.3957964518968,4.97322718040248));
#8041=CARTESIAN_POINT('',(140.184000598138,-79.5819530982459,3.79317963020577));
#8042=CARTESIAN_POINT('',(140.184000598138,-79.725876977914,6.53941085078085));
#8043=CARTESIAN_POINT('Ctrl Pts',(140.184000598138,-79.5819530982459,3.79317963020577));
#8044=CARTESIAN_POINT('Ctrl Pts',(139.370479218033,-78.4486427939792,3.85257390649098));
#8045=CARTESIAN_POINT('Ctrl Pts',(137.612946825795,-76.0002380944614,3.98088935957887));
#8046=CARTESIAN_POINT('Ctrl Pts',(137.468351572553,-72.979208735632,4.13921479942398));
#8047=CARTESIAN_POINT('Ctrl Pts',(137.390686141198,-71.3565444847146,4.22425502933654));
#8048=CARTESIAN_POINT('Ctrl Pts',(147.745393382256,-82.6584160115287,6.38572299236826));
#8049=CARTESIAN_POINT('Ctrl Pts',(147.745393382256,-82.485707355927,3.09024552767817));
#8050=CARTESIAN_POINT('Ctrl Pts',(146.262079742718,-82.5602559234664,6.39086734459784));
#8051=CARTESIAN_POINT('Ctrl Pts',(146.262079742718,-82.3875472678647,3.09538987990774));
#8052=CARTESIAN_POINT('Ctrl Pts',(143.425529916752,-82.3725437813487,6.40070492111069));
#8053=CARTESIAN_POINT('Ctrl Pts',(143.425529916752,-82.199835125747,3.1052274564206));
#8054=CARTESIAN_POINT('Ctrl Pts',(141.230964514753,-80.5807094875532,6.49461097729171));
#8055=CARTESIAN_POINT('Ctrl Pts',(141.230964514753,-80.4080008319515,3.19913351260162));
#8056=CARTESIAN_POINT('Ctrl Pts',(140.184000598138,-79.725876977914,6.53941085078085));
#8057=CARTESIAN_POINT('Ctrl Pts',(140.184000598138,-79.5531683223122,3.24393338609076));
#8058=CARTESIAN_POINT('',(147.745393382256,-82.5537440990428,4.38846392285912));
#8059=CARTESIAN_POINT('Ctrl Pts',(147.745393382256,-82.5537440990428,4.38846392285912));
#8060=CARTESIAN_POINT('Ctrl Pts',(146.262079742718,-82.4555840109805,4.39360827508869));
#8061=CARTESIAN_POINT('Ctrl Pts',(143.425529916752,-82.2678718688628,4.40344585160154));
#8062=CARTESIAN_POINT('Ctrl Pts',(141.230964514753,-80.4760375750673,4.49735190778256));
#8063=CARTESIAN_POINT('Ctrl Pts',(140.184000598138,-79.6212050654281,4.5421517812717));
#8064=CARTESIAN_POINT('',(147.745393382256,-82.5144921318606,3.63949177179319));
#8065=CARTESIAN_POINT('',(147.745393382256,-82.6584160115287,6.38572299236826));
#8066=CARTESIAN_POINT('Ctrl Pts',(147.745393382256,-82.5144921318606,3.63949177179319));
#8067=CARTESIAN_POINT('Ctrl Pts',(146.262079742718,-82.4163320437983,3.64463612402276));
#8068=CARTESIAN_POINT('Ctrl Pts',(143.425529916752,-82.2286199016806,3.65447370053561));
#8069=CARTESIAN_POINT('Ctrl Pts',(141.230964514753,-80.4367856078851,3.74837975671663));
#8070=CARTESIAN_POINT('Ctrl Pts',(140.184000598138,-79.5819530982459,3.79317963020577));
#8071=CARTESIAN_POINT('Ctrl Pts',(153.966401683038,-80.819192302053,6.48211262258661));
#8072=CARTESIAN_POINT('Ctrl Pts',(153.966401683038,-80.6464836464513,3.18663515789651));
#8073=CARTESIAN_POINT('Ctrl Pts',(153.065493633875,-81.3551468459051,6.45402443514666));
#8074=CARTESIAN_POINT('Ctrl Pts',(153.065493633875,-81.1824381903034,3.15854697045657));
#8075=CARTESIAN_POINT('Ctrl Pts',(151.152904144209,-82.4929555584185,6.39439440727494));
#8076=CARTESIAN_POINT('Ctrl Pts',(151.152904144209,-82.3202469028167,3.09891694258484));
#8077=CARTESIAN_POINT('Ctrl Pts',(148.9242565856,-82.6011732752891,6.38872295705467));
#8078=CARTESIAN_POINT('Ctrl Pts',(148.9242565856,-82.4284646196874,3.09324549236457));
#8079=CARTESIAN_POINT('Ctrl Pts',(147.745393382256,-82.6584160115287,6.38572299236826));
#8080=CARTESIAN_POINT('Ctrl Pts',(147.745393382256,-82.485707355927,3.09024552767817));
#8081=CARTESIAN_POINT('',(153.966401683038,-80.7145203895671,4.48485355307746));
#8082=CARTESIAN_POINT('Ctrl Pts',(153.966401683038,-80.7145203895671,4.48485355307746));
#8083=CARTESIAN_POINT('Ctrl Pts',(153.065493633875,-81.2504749334192,4.45676536563751));
#8084=CARTESIAN_POINT('Ctrl Pts',(151.152904144209,-82.3882836459326,4.39713533776579));
#8085=CARTESIAN_POINT('Ctrl Pts',(148.9242565856,-82.4965013628032,4.39146388754552));
#8086=CARTESIAN_POINT('Ctrl Pts',(147.745393382256,-82.5537440990428,4.38846392285912));
#8087=CARTESIAN_POINT('',(153.966401683038,-80.6752684223849,3.73588140201153));
#8088=CARTESIAN_POINT('',(153.966401683038,-80.819192302053,6.48211262258661));
#8089=CARTESIAN_POINT('Ctrl Pts',(153.966401683038,-80.6752684223849,3.73588140201153));
#8090=CARTESIAN_POINT('Ctrl Pts',(153.065493633875,-81.211222966237,3.70779321457158));
#8091=CARTESIAN_POINT('Ctrl Pts',(151.152904144209,-82.3490316787504,3.64816318669986));
#8092=CARTESIAN_POINT('Ctrl Pts',(148.9242565856,-82.457249395621,3.64249173647959));
#8093=CARTESIAN_POINT('Ctrl Pts',(147.745393382256,-82.5144921318606,3.63949177179319));
#8094=CARTESIAN_POINT('Ctrl Pts',(157.302011119073,-75.6489352551832,6.75307431273554));
#8095=CARTESIAN_POINT('Ctrl Pts',(157.302011119073,-75.4762265995815,3.45759684804545));
#8096=CARTESIAN_POINT('Ctrl Pts',(156.95231443876,-76.6859996727881,6.69872406963541));
#8097=CARTESIAN_POINT('Ctrl Pts',(156.95231443876,-76.5132910171864,3.40324660494531));
#8098=CARTESIAN_POINT('Ctrl Pts',(156.275586911781,-78.6929104562032,6.59354633225744));
#8099=CARTESIAN_POINT('Ctrl Pts',(156.275586911781,-78.5202018006015,3.29806886756734));
#8100=CARTESIAN_POINT('Ctrl Pts',(154.71874888162,-80.1264361860822,6.51841843220938));
#8101=CARTESIAN_POINT('Ctrl Pts',(154.71874888162,-79.9537275304805,3.22294096751929));
#8102=CARTESIAN_POINT('Ctrl Pts',(153.966401683038,-80.819192302053,6.48211262258661));
#8103=CARTESIAN_POINT('Ctrl Pts',(153.966401683038,-80.6464836464513,3.18663515789651));
#8104=CARTESIAN_POINT('',(157.302011119073,-75.5442633426973,4.75581524322639));
#8105=CARTESIAN_POINT('Ctrl Pts',(157.302011119073,-75.5442633426973,4.75581524322639));
#8106=CARTESIAN_POINT('Ctrl Pts',(156.95231443876,-76.5813277603022,4.70146500012626));
#8107=CARTESIAN_POINT('Ctrl Pts',(156.275586911781,-78.5882385437173,4.59628726274829));
#8108=CARTESIAN_POINT('Ctrl Pts',(154.71874888162,-80.0217642735963,4.52115936270023));
#8109=CARTESIAN_POINT('Ctrl Pts',(153.966401683038,-80.7145203895671,4.48485355307746));
#8110=CARTESIAN_POINT('',(157.302011119073,-75.5050113755151,4.00684309216046));
#8111=CARTESIAN_POINT('',(157.302011119073,-75.6489352551832,6.75307431273554));
#8112=CARTESIAN_POINT('Ctrl Pts',(157.302011119073,-75.5050113755151,4.00684309216046));
#8113=CARTESIAN_POINT('Ctrl Pts',(156.95231443876,-76.54207579312,3.95249284906033));
#8114=CARTESIAN_POINT('Ctrl Pts',(156.275586911781,-78.5489865765351,3.84731511168236));
#8115=CARTESIAN_POINT('Ctrl Pts',(154.71874888162,-79.9825123064141,3.7721872116343));
#8116=CARTESIAN_POINT('Ctrl Pts',(153.966401683038,-80.6752684223849,3.73588140201153));
#8117=CARTESIAN_POINT('Origin',(153.495734797662,-75.1789110214975,6.77770723903222));
#8118=CARTESIAN_POINT('',(153.495734797662,-75.0742391090116,4.78044816952308));
#8119=CARTESIAN_POINT('',(193.258160927277,-79.9843670905056,4.52311926601745));
#8120=CARTESIAN_POINT('',(153.495734797662,-75.0349871418294,4.03147601845715));
#8121=CARTESIAN_POINT('',(153.495734797662,-75.1789110214975,6.77770723903222));
#8122=CARTESIAN_POINT('',(153.495734797662,-75.0349871418294,4.03147601845715));
#8123=CARTESIAN_POINT('Ctrl Pts',(151.224249468987,-78.5712553872516,6.59992200425972));
#8124=CARTESIAN_POINT('Ctrl Pts',(151.224249468987,-78.3985467316499,3.30444453956962));
#8125=CARTESIAN_POINT('Ctrl Pts',(151.686867337277,-78.1351900864437,6.62277521829745));
#8126=CARTESIAN_POINT('Ctrl Pts',(151.686867337277,-77.962481430842,3.32729775360735));
#8127=CARTESIAN_POINT('Ctrl Pts',(152.70005266516,-77.1801578772226,6.6728263355265));
#8128=CARTESIAN_POINT('Ctrl Pts',(152.70005266516,-77.0074492216209,3.37734887083641));
#8129=CARTESIAN_POINT('Ctrl Pts',(153.215590331194,-75.8835117782158,6.74078067809147));
#8130=CARTESIAN_POINT('Ctrl Pts',(153.215590331194,-75.7108031226141,3.44530321340137));
#8131=CARTESIAN_POINT('Ctrl Pts',(153.495734797662,-75.1789110214975,6.77770723903222));
#8132=CARTESIAN_POINT('Ctrl Pts',(153.495734797662,-75.0062023658958,3.48222977434213));
#8133=CARTESIAN_POINT('Ctrl Pts',(151.224249468987,-78.4665834747657,4.60266293475057));
#8134=CARTESIAN_POINT('Ctrl Pts',(151.686867337277,-78.0305181739578,4.6255161487883));
#8135=CARTESIAN_POINT('Ctrl Pts',(152.70005266516,-77.0754859647367,4.67556726601735));
#8136=CARTESIAN_POINT('Ctrl Pts',(153.215590331194,-75.7788398657299,4.74352160858232));
#8137=CARTESIAN_POINT('Ctrl Pts',(153.495734797662,-75.0742391090116,4.78044816952308));
#8138=CARTESIAN_POINT('Ctrl Pts',(151.224249468987,-78.4273315075835,3.85369078368464));
#8139=CARTESIAN_POINT('Ctrl Pts',(151.686867337277,-77.9912662067756,3.87654399772237));
#8140=CARTESIAN_POINT('Ctrl Pts',(152.70005266516,-77.0362339975545,3.92659511495142));
#8141=CARTESIAN_POINT('Ctrl Pts',(153.215590331194,-75.7395878985477,3.99454945751639));
#8142=CARTESIAN_POINT('Ctrl Pts',(153.495734797662,-75.0349871418294,4.03147601845715));
#8143=CARTESIAN_POINT('Origin',(230.368184612935,-71.2032752470287,4.23228752971605));
#8144=CARTESIAN_POINT('Ctrl Pts',(200.33748494262,-71.1326236224876,6.98976417595528));
#8145=CARTESIAN_POINT('Ctrl Pts',(200.33748494262,-70.9599149668859,3.69428671126519));
#8146=CARTESIAN_POINT('Ctrl Pts',(200.306411749294,-69.8905267422576,7.05485971510253));
#8147=CARTESIAN_POINT('Ctrl Pts',(200.306411749294,-69.7178180866559,3.75938225041243));
#8148=CARTESIAN_POINT('Ctrl Pts',(200.250797432744,-67.6674411276348,7.17136669532099));
#8149=CARTESIAN_POINT('Ctrl Pts',(200.250797432744,-67.4947324720331,3.87588923063089));
#8150=CARTESIAN_POINT('Ctrl Pts',(199.125369866214,-65.7612779034588,7.27126447685105));
#8151=CARTESIAN_POINT('Ctrl Pts',(199.125369866214,-65.5885692478571,3.97578701216096));
#8152=CARTESIAN_POINT('Ctrl Pts',(198.628748522942,-64.9201386164558,7.3153467189506));
#8153=CARTESIAN_POINT('Ctrl Pts',(198.628748522942,-64.747429960854,4.0198692542605));
#8154=CARTESIAN_POINT('',(200.33748494262,-71.0279517100017,4.99250510644613));
#8155=CARTESIAN_POINT('',(198.628748522942,-64.8154667039699,5.31808764944145));
#8156=CARTESIAN_POINT('Ctrl Pts',(200.33748494262,-71.0279517100017,4.99250510644613));
#8157=CARTESIAN_POINT('Ctrl Pts',(200.306411749294,-69.7858548297717,5.05760064559338));
#8158=CARTESIAN_POINT('Ctrl Pts',(200.250797432744,-67.5627692151489,5.17410762581184));
#8159=CARTESIAN_POINT('Ctrl Pts',(199.125369866214,-65.6566059909729,5.2740054073419));
#8160=CARTESIAN_POINT('Ctrl Pts',(198.628748522942,-64.8154667039699,5.31808764944145));
#8161=CARTESIAN_POINT('',(200.33748494262,-70.9886997428195,4.2435329553802));
#8162=CARTESIAN_POINT('',(200.33748494262,-71.1326236224876,6.98976417595528));
#8163=CARTESIAN_POINT('',(198.628748522942,-64.7762147367877,4.56911549837552));
#8164=CARTESIAN_POINT('Ctrl Pts',(200.33748494262,-70.9886997428195,4.2435329553802));
#8165=CARTESIAN_POINT('Ctrl Pts',(200.306411749294,-69.7466028625895,4.30862849452745));
#8166=CARTESIAN_POINT('Ctrl Pts',(200.250797432744,-67.5235172479667,4.42513547474591));
#8167=CARTESIAN_POINT('Ctrl Pts',(199.125369866214,-65.6173540237907,4.52503325627597));
#8168=CARTESIAN_POINT('Ctrl Pts',(198.628748522942,-64.7762147367877,4.56911549837552));
#8169=CARTESIAN_POINT('',(198.628748522942,-64.9201386164558,7.3153467189506));
#8170=CARTESIAN_POINT('Ctrl Pts',(198.628748522942,-64.9201386164558,7.3153467189506));
#8171=CARTESIAN_POINT('Ctrl Pts',(198.628748522942,-64.747429960854,4.0198692542605));
#8172=CARTESIAN_POINT('Ctrl Pts',(198.046346961372,-64.3183546712724,7.34688487912584));
#8173=CARTESIAN_POINT('Ctrl Pts',(198.046346961372,-64.1456460156707,4.05140741443575));
#8174=CARTESIAN_POINT('Ctrl Pts',(196.921188680281,-63.1557510073577,7.40781435533794));
#8175=CARTESIAN_POINT('Ctrl Pts',(196.921188680281,-62.983042351756,4.11233689064785));
#8176=CARTESIAN_POINT('Ctrl Pts',(195.319053754632,-62.9536233538984,7.41840741678744));
#8177=CARTESIAN_POINT('Ctrl Pts',(195.319053754632,-62.7809146982967,4.12292995209734));
#8178=CARTESIAN_POINT('Ctrl Pts',(194.546211825555,-62.8561205012243,7.42351732476985));
#8179=CARTESIAN_POINT('Ctrl Pts',(194.546211825555,-62.6834118456226,4.12803986007975));
#8180=CARTESIAN_POINT('',(194.546211825555,-62.7514485887384,5.4262582552607));
#8181=CARTESIAN_POINT('Ctrl Pts',(198.628748522942,-64.8154667039699,5.31808764944145));
#8182=CARTESIAN_POINT('Ctrl Pts',(198.046346961372,-64.2136827587866,5.3496258096167));
#8183=CARTESIAN_POINT('Ctrl Pts',(196.921188680281,-63.0510790948718,5.41055528582879));
#8184=CARTESIAN_POINT('Ctrl Pts',(195.319053754632,-62.8489514414125,5.42114834727829));
#8185=CARTESIAN_POINT('Ctrl Pts',(194.546211825555,-62.7514485887384,5.4262582552607));
#8186=CARTESIAN_POINT('',(194.546211825555,-62.7121966215562,4.67728610419477));
#8187=CARTESIAN_POINT('Ctrl Pts',(198.628748522942,-64.7762147367877,4.56911549837552));
#8188=CARTESIAN_POINT('Ctrl Pts',(198.046346961372,-64.1744307916044,4.60065365855077));
#8189=CARTESIAN_POINT('Ctrl Pts',(196.921188680281,-63.0118271276896,4.66158313476286));
#8190=CARTESIAN_POINT('Ctrl Pts',(195.319053754632,-62.8096994742303,4.67217619621236));
#8191=CARTESIAN_POINT('Ctrl Pts',(194.546211825555,-62.7121966215562,4.67728610419477));
#8192=CARTESIAN_POINT('',(194.546211825555,-62.8561205012243,7.42351732476985));
#8193=CARTESIAN_POINT('Ctrl Pts',(194.546211825555,-62.8561205012243,7.42351732476985));
#8194=CARTESIAN_POINT('Ctrl Pts',(194.546211825555,-62.6834118456226,4.12803986007975));
#8195=CARTESIAN_POINT('Ctrl Pts',(193.76957972252,-62.96627036071,7.41774461524586));
#8196=CARTESIAN_POINT('Ctrl Pts',(193.76957972252,-62.7935617051083,4.12226715055577));
#8197=CARTESIAN_POINT('Ctrl Pts',(192.125625557886,-63.1994326514879,7.40552509737365));
#8198=CARTESIAN_POINT('Ctrl Pts',(192.125625557886,-63.0267239958862,4.11004763268355));
#8199=CARTESIAN_POINT('Ctrl Pts',(190.984080750805,-64.4128119267278,7.34193458413026));
#8200=CARTESIAN_POINT('Ctrl Pts',(190.984080750805,-64.240103271126,4.04645711944017));
#8201=CARTESIAN_POINT('Ctrl Pts',(190.38182126159,-65.0529700510488,7.3083853184446));
#8202=CARTESIAN_POINT('Ctrl Pts',(190.38182126159,-64.8802613954471,4.0129078537545));
#8203=CARTESIAN_POINT('',(190.38182126159,-64.9482981385629,5.31112624893545));
#8204=CARTESIAN_POINT('Ctrl Pts',(194.546211825555,-62.7514485887384,5.4262582552607));
#8205=CARTESIAN_POINT('Ctrl Pts',(193.76957972252,-62.8615984482241,5.42048554573671));
#8206=CARTESIAN_POINT('Ctrl Pts',(192.125625557886,-63.094760739002,5.4082660278645));
#8207=CARTESIAN_POINT('Ctrl Pts',(190.984080750805,-64.3081400142419,5.34467551462111));
#8208=CARTESIAN_POINT('Ctrl Pts',(190.38182126159,-64.9482981385629,5.31112624893545));
#8209=CARTESIAN_POINT('',(190.38182126159,-64.9090461713807,4.56215409786952));
#8210=CARTESIAN_POINT('Ctrl Pts',(194.546211825555,-62.7121966215562,4.67728610419477));
#8211=CARTESIAN_POINT('Ctrl Pts',(193.76957972252,-62.8223464810419,4.67151339467078));
#8212=CARTESIAN_POINT('Ctrl Pts',(192.125625557886,-63.0555087718198,4.65929387679857));
#8213=CARTESIAN_POINT('Ctrl Pts',(190.984080750805,-64.2688880470597,4.59570336355518));
#8214=CARTESIAN_POINT('Ctrl Pts',(190.38182126159,-64.9090461713807,4.56215409786952));
#8215=CARTESIAN_POINT('',(190.38182126159,-65.0529700510488,7.3083853184446));
#8216=CARTESIAN_POINT('Ctrl Pts',(190.38182126159,-65.0529700510488,7.3083853184446));
#8217=CARTESIAN_POINT('Ctrl Pts',(190.38182126159,-64.8802613954471,4.0129078537545));
#8218=CARTESIAN_POINT('Ctrl Pts',(189.855081079995,-65.9289186893821,7.26247879554355));
#8219=CARTESIAN_POINT('Ctrl Pts',(189.855081079995,-65.7562100337804,3.96700133085345));
#8220=CARTESIAN_POINT('Ctrl Pts',(188.679088619422,-67.8845488663135,7.15998856087167));
#8221=CARTESIAN_POINT('Ctrl Pts',(188.679088619422,-67.7118402107118,3.86451109618158));
#8222=CARTESIAN_POINT('Ctrl Pts',(188.60929654685,-70.1747598555734,7.03996368883494));
#8223=CARTESIAN_POINT('Ctrl Pts',(188.60929654685,-70.0020511999717,3.74448622414485));
#8224=CARTESIAN_POINT('Ctrl Pts',(188.570765124505,-71.439159716941,6.97369929997488));
#8225=CARTESIAN_POINT('Ctrl Pts',(188.570765124505,-71.2664510613393,3.67822183528479));
#8226=CARTESIAN_POINT('',(188.570765124505,-71.3344878044552,4.97644023046573));
#8227=CARTESIAN_POINT('Ctrl Pts',(190.38182126159,-64.9482981385629,5.31112624893545));
#8228=CARTESIAN_POINT('Ctrl Pts',(189.855081079995,-65.8242467768962,5.2652197260344));
#8229=CARTESIAN_POINT('Ctrl Pts',(188.679088619422,-67.7798769538276,5.16272949136252));
#8230=CARTESIAN_POINT('Ctrl Pts',(188.60929654685,-70.0700879430875,5.04270461932579));
#8231=CARTESIAN_POINT('Ctrl Pts',(188.570765124505,-71.3344878044552,4.97644023046573));
#8232=CARTESIAN_POINT('',(188.570765124505,-71.295235837273,4.2274680793998));
#8233=CARTESIAN_POINT('Ctrl Pts',(190.38182126159,-64.9090461713807,4.56215409786952));
#8234=CARTESIAN_POINT('Ctrl Pts',(189.855081079995,-65.784994809714,4.51624757496847));
#8235=CARTESIAN_POINT('Ctrl Pts',(188.679088619422,-67.7406249866454,4.41375734029659));
#8236=CARTESIAN_POINT('Ctrl Pts',(188.60929654685,-70.0308359759053,4.29373246825987));
#8237=CARTESIAN_POINT('Ctrl Pts',(188.570765124505,-71.295235837273,4.2274680793998));
#8238=CARTESIAN_POINT('',(188.570765124505,-71.439159716941,6.97369929997488));
#8239=CARTESIAN_POINT('Ctrl Pts',(199.805420504754,-61.4051793367366,7.499557929071));
#8240=CARTESIAN_POINT('Ctrl Pts',(199.805420504754,-61.2324706811348,4.20408046438091));
#8241=CARTESIAN_POINT('Ctrl Pts',(200.475708099191,-61.9416511749653,7.47144263138154));
#8242=CARTESIAN_POINT('Ctrl Pts',(200.475708099191,-61.7689425193635,4.17596516669145));
#8243=CARTESIAN_POINT('Ctrl Pts',(201.851685862968,-63.0429296805218,7.41372707053318));
#8244=CARTESIAN_POINT('Ctrl Pts',(201.851685862968,-62.8702210249201,4.11824960584308));
#8245=CARTESIAN_POINT('Ctrl Pts',(202.622778381518,-64.6282140928508,7.33064583495099));
#8246=CARTESIAN_POINT('Ctrl Pts',(202.622778381518,-64.4555054372491,4.0351683702609));
#8247=CARTESIAN_POINT('Ctrl Pts',(203.018244372552,-65.4412502151185,7.28803641730605));
#8248=CARTESIAN_POINT('Ctrl Pts',(203.018244372552,-65.2685415595168,3.99255895261595));
#8249=CARTESIAN_POINT('',(199.805420504754,-61.3005074242507,5.50229885956185));
#8250=CARTESIAN_POINT('',(203.018244372552,-65.3365783026326,5.2907773477969));
#8251=CARTESIAN_POINT('Ctrl Pts',(199.805420504754,-61.3005074242507,5.50229885956185));
#8252=CARTESIAN_POINT('Ctrl Pts',(200.475708099191,-61.8369792624794,5.47418356187239));
#8253=CARTESIAN_POINT('Ctrl Pts',(201.851685862968,-62.9382577680359,5.41646800102403));
#8254=CARTESIAN_POINT('Ctrl Pts',(202.622778381518,-64.5235421803649,5.33338676544184));
#8255=CARTESIAN_POINT('Ctrl Pts',(203.018244372552,-65.3365783026326,5.2907773477969));
#8256=CARTESIAN_POINT('',(199.805420504754,-61.2612554570685,4.75332670849592));
#8257=CARTESIAN_POINT('',(199.805420504754,-61.4051793367366,7.499557929071));
#8258=CARTESIAN_POINT('',(203.018244372552,-65.2973263354504,4.54180519673097));
#8259=CARTESIAN_POINT('Ctrl Pts',(199.805420504754,-61.2612554570685,4.75332670849592));
#8260=CARTESIAN_POINT('Ctrl Pts',(200.475708099191,-61.7977272952972,4.72521141080646));
#8261=CARTESIAN_POINT('Ctrl Pts',(201.851685862968,-62.8990058008537,4.6674958499581));
#8262=CARTESIAN_POINT('Ctrl Pts',(202.622778381518,-64.4842902131827,4.58441461437591));
#8263=CARTESIAN_POINT('Ctrl Pts',(203.018244372552,-65.2973263354504,4.54180519673097));
#8264=CARTESIAN_POINT('',(203.018244372552,-65.4412502151185,7.28803641730605));
#8265=CARTESIAN_POINT('Ctrl Pts',(203.018244372552,-65.4412502151185,7.28803641730605));
#8266=CARTESIAN_POINT('Ctrl Pts',(203.018244372552,-65.2685415595168,3.99255895261595));
#8267=CARTESIAN_POINT('Ctrl Pts',(203.334526701865,-66.3428328514003,7.24078647349837));
#8268=CARTESIAN_POINT('Ctrl Pts',(203.334526701865,-66.1701241957986,3.94530900880828));
#8269=CARTESIAN_POINT('Ctrl Pts',(203.983116458054,-68.191678670638,7.14389256987539));
#8270=CARTESIAN_POINT('Ctrl Pts',(203.983116458054,-68.0189700150363,3.84841510518529));
#8271=CARTESIAN_POINT('Ctrl Pts',(204.06227326927,-70.1498053815036,7.04127149740411));
#8272=CARTESIAN_POINT('Ctrl Pts',(204.06227326927,-69.9770967259019,3.74579403271402));
#8273=CARTESIAN_POINT('Ctrl Pts',(204.102829562371,-71.1530590446621,6.9886932008604));
#8274=CARTESIAN_POINT('Ctrl Pts',(204.102829562371,-70.9803503890603,3.69321573617031));
#8275=CARTESIAN_POINT('',(204.102829562371,-71.0483871321762,4.99143413135126));
#8276=CARTESIAN_POINT('Ctrl Pts',(203.018244372552,-65.3365783026326,5.2907773477969));
#8277=CARTESIAN_POINT('Ctrl Pts',(203.334526701865,-66.2381609389144,5.24352740398922));
#8278=CARTESIAN_POINT('Ctrl Pts',(203.983116458054,-68.0870067581521,5.14663350036624));
#8279=CARTESIAN_POINT('Ctrl Pts',(204.06227326927,-70.0451334690177,5.04401242789497));
#8280=CARTESIAN_POINT('Ctrl Pts',(204.102829562371,-71.0483871321762,4.99143413135126));
#8281=CARTESIAN_POINT('',(204.102829562371,-71.009135164994,4.24246198028533));
#8282=CARTESIAN_POINT('Ctrl Pts',(203.018244372552,-65.2973263354504,4.54180519673097));
#8283=CARTESIAN_POINT('Ctrl Pts',(203.334526701865,-66.1989089717322,4.49455525292329));
#8284=CARTESIAN_POINT('Ctrl Pts',(203.983116458054,-68.0477547909699,4.39766134930031));
#8285=CARTESIAN_POINT('Ctrl Pts',(204.06227326927,-70.0058815018355,4.29504027682904));
#8286=CARTESIAN_POINT('Ctrl Pts',(204.102829562371,-71.009135164994,4.24246198028533));
#8287=CARTESIAN_POINT('',(204.102829562371,-71.1530590446621,6.9886932008604));
#8288=CARTESIAN_POINT('Ctrl Pts',(204.102829562371,-71.1530590446621,6.9886932008604));
#8289=CARTESIAN_POINT('Ctrl Pts',(204.102829562371,-70.9803503890603,3.69321573617031));
#8290=CARTESIAN_POINT('Ctrl Pts',(204.060039542718,-72.2196102625935,6.932797620037));
#8291=CARTESIAN_POINT('Ctrl Pts',(204.060039542718,-72.0469016069918,3.6373201553469));
#8292=CARTESIAN_POINT('Ctrl Pts',(203.977254543977,-74.2830456605698,6.82465755313504));
#8293=CARTESIAN_POINT('Ctrl Pts',(203.977254543977,-74.1103370049681,3.52918008844495));
#8294=CARTESIAN_POINT('Ctrl Pts',(203.254748091398,-76.2167550453976,6.72331613849744));
#8295=CARTESIAN_POINT('Ctrl Pts',(203.254748091398,-76.0440463897959,3.42783867380735));
#8296=CARTESIAN_POINT('Ctrl Pts',(202.90569172973,-77.1509661655663,6.67435620830788));
#8297=CARTESIAN_POINT('Ctrl Pts',(202.90569172973,-76.9782575099646,3.37887874361778));
#8298=CARTESIAN_POINT('',(202.90569172973,-77.0462942530804,4.67709713879873));
#8299=CARTESIAN_POINT('Ctrl Pts',(204.102829562371,-71.0483871321762,4.99143413135126));
#8300=CARTESIAN_POINT('Ctrl Pts',(204.060039542718,-72.1149383501076,4.93553855052785));
#8301=CARTESIAN_POINT('Ctrl Pts',(203.977254543977,-74.1783737480839,4.82739848362589));
#8302=CARTESIAN_POINT('Ctrl Pts',(203.254748091398,-76.1120831329117,4.72605706898829));
#8303=CARTESIAN_POINT('Ctrl Pts',(202.90569172973,-77.0462942530804,4.67709713879873));
#8304=CARTESIAN_POINT('',(202.90569172973,-77.0070422858982,3.9281249877328));
#8305=CARTESIAN_POINT('Ctrl Pts',(204.102829562371,-71.009135164994,4.24246198028533));
#8306=CARTESIAN_POINT('Ctrl Pts',(204.060039542718,-72.0756863829254,4.18656639946192));
#8307=CARTESIAN_POINT('Ctrl Pts',(203.977254543977,-74.1391217809017,4.07842633255996));
#8308=CARTESIAN_POINT('Ctrl Pts',(203.254748091398,-76.0728311657295,3.97708491792236));
#8309=CARTESIAN_POINT('Ctrl Pts',(202.90569172973,-77.0070422858982,3.9281249877328));
#8310=CARTESIAN_POINT('',(202.90569172973,-77.1509661655663,6.67435620830788));
#8311=CARTESIAN_POINT('Ctrl Pts',(202.90569172973,-77.1509661655663,6.67435620830788));
#8312=CARTESIAN_POINT('Ctrl Pts',(202.90569172973,-76.9782575099646,3.37887874361778));
#8313=CARTESIAN_POINT('Ctrl Pts',(202.470412342969,-77.9823244543367,6.63078656660487));
#8314=CARTESIAN_POINT('Ctrl Pts',(202.470412342969,-77.809615798735,3.33530910191478));
#8315=CARTESIAN_POINT('Ctrl Pts',(201.619113830242,-79.6082550550039,6.54557515455556));
#8316=CARTESIAN_POINT('Ctrl Pts',(201.619113830242,-79.4355463994022,3.25009768986547));
#8317=CARTESIAN_POINT('Ctrl Pts',(200.146492410011,-80.7030929562858,6.48819713147447));
#8318=CARTESIAN_POINT('Ctrl Pts',(200.146492410011,-80.530384300684,3.19271966678438));
#8319=CARTESIAN_POINT('Ctrl Pts',(199.42684041137,-81.2381267898435,6.46015719641642));
#8320=CARTESIAN_POINT('Ctrl Pts',(199.42684041137,-81.0654181342418,3.16467973172633));
#8321=CARTESIAN_POINT('',(199.42684041137,-81.1334548773576,4.46289812690727));
#8322=CARTESIAN_POINT('Ctrl Pts',(202.90569172973,-77.0462942530804,4.67709713879873));
#8323=CARTESIAN_POINT('Ctrl Pts',(202.470412342969,-77.8776525418508,4.63352749709572));
#8324=CARTESIAN_POINT('Ctrl Pts',(201.619113830242,-79.5035831425181,4.54831608504641));
#8325=CARTESIAN_POINT('Ctrl Pts',(200.146492410011,-80.5984210437998,4.49093806196533));
#8326=CARTESIAN_POINT('Ctrl Pts',(199.42684041137,-81.1334548773576,4.46289812690727));
#8327=CARTESIAN_POINT('',(199.42684041137,-81.0942029101754,3.71392597584134));
#8328=CARTESIAN_POINT('Ctrl Pts',(202.90569172973,-77.0070422858982,3.9281249877328));
#8329=CARTESIAN_POINT('Ctrl Pts',(202.470412342969,-77.8384005746686,3.88455534602979));
#8330=CARTESIAN_POINT('Ctrl Pts',(201.619113830242,-79.4643311753358,3.79934393398048));
#8331=CARTESIAN_POINT('Ctrl Pts',(200.146492410011,-80.5591690766176,3.7419659108994));
#8332=CARTESIAN_POINT('Ctrl Pts',(199.42684041137,-81.0942029101754,3.71392597584134));
#8333=CARTESIAN_POINT('',(199.42684041137,-81.2381267898435,6.46015719641642));
#8334=CARTESIAN_POINT('Ctrl Pts',(199.42684041137,-81.2381267898435,6.46015719641642));
#8335=CARTESIAN_POINT('Ctrl Pts',(199.42684041137,-81.0654181342418,3.16467973172633));
#8336=CARTESIAN_POINT('Ctrl Pts',(198.664046843173,-81.6523416236615,6.43844911682993));
#8337=CARTESIAN_POINT('Ctrl Pts',(198.664046843173,-81.4796329680597,3.14297165213983));
#8338=CARTESIAN_POINT('Ctrl Pts',(197.164663251099,-82.4665421509263,6.3957786753049));
#8339=CARTESIAN_POINT('Ctrl Pts',(197.164663251099,-82.2938334953245,3.1003012106148));
#8340=CARTESIAN_POINT('Ctrl Pts',(195.463689352088,-82.5952075861009,6.38903560557691));
#8341=CARTESIAN_POINT('Ctrl Pts',(195.463689352088,-82.4224989304992,3.09355814088681));
#8342=CARTESIAN_POINT('Ctrl Pts',(194.628065692132,-82.6584160115287,6.38572299236826));
#8343=CARTESIAN_POINT('Ctrl Pts',(194.628065692132,-82.485707355927,3.09024552767816));
#8344=CARTESIAN_POINT('',(194.628065692132,-82.5537440990429,4.38846392285911));
#8345=CARTESIAN_POINT('Ctrl Pts',(199.42684041137,-81.1334548773576,4.46289812690727));
#8346=CARTESIAN_POINT('Ctrl Pts',(198.664046843173,-81.5476697111756,4.44119004732078));
#8347=CARTESIAN_POINT('Ctrl Pts',(197.164663251099,-82.3618702384404,4.39851960579575));
#8348=CARTESIAN_POINT('Ctrl Pts',(195.463689352088,-82.490535673615,4.39177653606776));
#8349=CARTESIAN_POINT('Ctrl Pts',(194.628065692132,-82.5537440990429,4.38846392285911));
#8350=CARTESIAN_POINT('',(194.628065692132,-82.5144921318606,3.63949177179318));
#8351=CARTESIAN_POINT('Ctrl Pts',(199.42684041137,-81.0942029101754,3.71392597584134));
#8352=CARTESIAN_POINT('Ctrl Pts',(198.664046843173,-81.5084177439934,3.69221789625485));
#8353=CARTESIAN_POINT('Ctrl Pts',(197.164663251099,-82.3226182712582,3.64954745472982));
#8354=CARTESIAN_POINT('Ctrl Pts',(195.463689352088,-82.4512837064328,3.64280438500183));
#8355=CARTESIAN_POINT('Ctrl Pts',(194.628065692132,-82.5144921318606,3.63949177179318));
#8356=CARTESIAN_POINT('',(194.628065692132,-82.6584160115287,6.38572299236826));
#8357=CARTESIAN_POINT('Ctrl Pts',(194.628065692132,-82.6584160115287,6.38572299236826));
#8358=CARTESIAN_POINT('Ctrl Pts',(194.628065692132,-82.485707355927,3.09024552767816));
#8359=CARTESIAN_POINT('Ctrl Pts',(194.037065250188,-82.629785844457,6.38722343584499));
#8360=CARTESIAN_POINT('Ctrl Pts',(194.037065250188,-82.4570771888553,3.09174597115489));
#8361=CARTESIAN_POINT('Ctrl Pts',(192.886829285387,-82.574064316169,6.39014367740082));
#8362=CARTESIAN_POINT('Ctrl Pts',(192.886829285387,-82.4013556605673,3.09466621271073));
#8363=CARTESIAN_POINT('Ctrl Pts',(191.834694531417,-82.1083044188455,6.41455311929864));
#8364=CARTESIAN_POINT('Ctrl Pts',(191.834694531417,-81.9355957632438,3.11907565460855));
#8365=CARTESIAN_POINT('Ctrl Pts',(191.323155032342,-81.8818556833896,6.42642079464534));
#8366=CARTESIAN_POINT('Ctrl Pts',(191.323155032342,-81.7091470277879,3.13094332995525));
#8367=CARTESIAN_POINT('',(191.323155032342,-81.7771837709037,4.42916172513619));
#8368=CARTESIAN_POINT('Ctrl Pts',(194.628065692132,-82.5537440990429,4.38846392285911));
#8369=CARTESIAN_POINT('Ctrl Pts',(194.037065250188,-82.5251139319712,4.38996436633584));
#8370=CARTESIAN_POINT('Ctrl Pts',(192.886829285387,-82.4693924036831,4.39288460789168));
#8371=CARTESIAN_POINT('Ctrl Pts',(191.834694531417,-82.0036325063597,4.41729404978949));
#8372=CARTESIAN_POINT('Ctrl Pts',(191.323155032342,-81.7771837709037,4.42916172513619));
#8373=CARTESIAN_POINT('',(191.323155032342,-81.7379318037215,3.68018957407026));
#8374=CARTESIAN_POINT('Ctrl Pts',(194.628065692132,-82.5144921318606,3.63949177179318));
#8375=CARTESIAN_POINT('Ctrl Pts',(194.037065250188,-82.485861964789,3.64099221526991));
#8376=CARTESIAN_POINT('Ctrl Pts',(192.886829285387,-82.4301404365009,3.64391245682575));
#8377=CARTESIAN_POINT('Ctrl Pts',(191.834694531417,-81.9643805391775,3.66832189872356));
#8378=CARTESIAN_POINT('Ctrl Pts',(191.323155032342,-81.7379318037215,3.68018957407026));
#8379=CARTESIAN_POINT('',(191.323155032342,-81.8818556833896,6.42642079464534));
#8380=CARTESIAN_POINT('Ctrl Pts',(191.323155032342,-81.8818556833896,6.42642079464534));
#8381=CARTESIAN_POINT('Ctrl Pts',(191.323155032342,-81.7091470277879,3.13094332995525));
#8382=CARTESIAN_POINT('Ctrl Pts',(190.860997528733,-81.6107383068696,6.4406294542738));
#8383=CARTESIAN_POINT('Ctrl Pts',(190.860997528733,-81.4380296512679,3.1451519895837));
#8384=CARTESIAN_POINT('Ctrl Pts',(189.957574527459,-81.0807595180786,6.46840446566145));
#8385=CARTESIAN_POINT('Ctrl Pts',(189.957574527459,-80.9080508624769,3.17292700097136));
#8386=CARTESIAN_POINT('Ctrl Pts',(189.259581710221,-80.3009198481053,6.50927413096157));
#8387=CARTESIAN_POINT('Ctrl Pts',(189.259581710221,-80.1282111925036,3.21379666627148));
#8388=CARTESIAN_POINT('Ctrl Pts',(188.918655978387,-79.9200170599487,6.52923640021158));
#8389=CARTESIAN_POINT('Ctrl Pts',(188.918655978387,-79.747308404347,3.23375893552148));
#8390=CARTESIAN_POINT('',(188.918655978387,-79.8153451474628,4.53197733070243));
#8391=CARTESIAN_POINT('Ctrl Pts',(191.323155032342,-81.7771837709037,4.42916172513619));
#8392=CARTESIAN_POINT('Ctrl Pts',(190.860997528733,-81.5060663943837,4.44337038476465));
#8393=CARTESIAN_POINT('Ctrl Pts',(189.957574527459,-80.9760876055927,4.4711453961523));
#8394=CARTESIAN_POINT('Ctrl Pts',(189.259581710221,-80.1962479356194,4.51201506145242));
#8395=CARTESIAN_POINT('Ctrl Pts',(188.918655978387,-79.8153451474628,4.53197733070243));
#8396=CARTESIAN_POINT('',(188.918655978387,-79.7760931802806,3.7830051796365));
#8397=CARTESIAN_POINT('Ctrl Pts',(191.323155032342,-81.7379318037215,3.68018957407026));
#8398=CARTESIAN_POINT('Ctrl Pts',(190.860997528733,-81.4668144272015,3.69439823369872));
#8399=CARTESIAN_POINT('Ctrl Pts',(189.957574527459,-80.9368356384105,3.72217324508637));
#8400=CARTESIAN_POINT('Ctrl Pts',(189.259581710221,-80.1569959684372,3.76304291038649));
#8401=CARTESIAN_POINT('Ctrl Pts',(188.918655978387,-79.7760931802806,3.7830051796365));
#8402=CARTESIAN_POINT('',(188.918655978387,-79.9200170599487,6.52923640021158));
#8403=CARTESIAN_POINT('Ctrl Pts',(198.587816821282,-77.5596817518103,6.65293633207446));
#8404=CARTESIAN_POINT('Ctrl Pts',(198.587816821282,-77.3869730962086,3.35745886738437));
#8405=CARTESIAN_POINT('Ctrl Pts',(199.096056477454,-76.6993051352788,6.69802675989393));
#8406=CARTESIAN_POINT('Ctrl Pts',(199.096056477454,-76.5265964796771,3.40254929520384));
#8407=CARTESIAN_POINT('Ctrl Pts',(200.260224688323,-74.7285358452815,6.80131040186191));
#8408=CARTESIAN_POINT('Ctrl Pts',(200.260224688323,-74.5558271896798,3.50583293717182));
#8409=CARTESIAN_POINT('Ctrl Pts',(200.309641803785,-72.4285225833226,6.92184898924272));
#8410=CARTESIAN_POINT('Ctrl Pts',(200.309641803785,-72.2558139277209,3.62637152455262));
#8411=CARTESIAN_POINT('Ctrl Pts',(200.33748494262,-71.1326236224876,6.98976417595528));
#8412=CARTESIAN_POINT('Ctrl Pts',(200.33748494262,-70.9599149668859,3.69428671126519));
#8413=CARTESIAN_POINT('',(198.587816821282,-77.4550098393244,4.65567726256531));
#8414=CARTESIAN_POINT('Ctrl Pts',(198.587816821282,-77.4550098393244,4.65567726256531));
#8415=CARTESIAN_POINT('Ctrl Pts',(199.096056477454,-76.594633222793,4.70076769038478));
#8416=CARTESIAN_POINT('Ctrl Pts',(200.260224688323,-74.6238639327956,4.80405133235276));
#8417=CARTESIAN_POINT('Ctrl Pts',(200.309641803785,-72.3238506708367,4.92458991973357));
#8418=CARTESIAN_POINT('Ctrl Pts',(200.33748494262,-71.0279517100017,4.99250510644613));
#8419=CARTESIAN_POINT('',(198.587816821282,-77.4157578721422,3.90670511149938));
#8420=CARTESIAN_POINT('',(198.587816821282,-77.5596817518103,6.65293633207446));
#8421=CARTESIAN_POINT('Ctrl Pts',(198.587816821282,-77.4157578721422,3.90670511149938));
#8422=CARTESIAN_POINT('Ctrl Pts',(199.096056477454,-76.5553812556107,3.95179553931885));
#8423=CARTESIAN_POINT('Ctrl Pts',(200.260224688323,-74.5846119656134,4.05507918128683));
#8424=CARTESIAN_POINT('Ctrl Pts',(200.309641803785,-72.2845987036545,4.17561776866764));
#8425=CARTESIAN_POINT('Ctrl Pts',(200.33748494262,-70.9886997428195,4.2435329553802));
#8426=CARTESIAN_POINT('Ctrl Pts',(194.3825040924,-79.6339163876698,6.5442303010971));
#8427=CARTESIAN_POINT('Ctrl Pts',(194.3825040924,-79.461207732068,3.24875283640701));
#8428=CARTESIAN_POINT('Ctrl Pts',(195.179575957832,-79.5378832212137,6.54926318608858));
#8429=CARTESIAN_POINT('Ctrl Pts',(195.179575957832,-79.365174565612,3.25378572139849));
#8430=CARTESIAN_POINT('Ctrl Pts',(196.821356082944,-79.3400775390949,6.55962974261799));
#8431=CARTESIAN_POINT('Ctrl Pts',(196.821356082944,-79.1673688834932,3.2641522779279));
#8432=CARTESIAN_POINT('Ctrl Pts',(197.987715897746,-78.1645166813514,6.6212382765844));
#8433=CARTESIAN_POINT('Ctrl Pts',(197.987715897746,-77.9918080257497,3.3257608118943));
#8434=CARTESIAN_POINT('Ctrl Pts',(198.587816821282,-77.5596817518103,6.65293633207446));
#8435=CARTESIAN_POINT('Ctrl Pts',(198.587816821282,-77.3869730962086,3.35745886738437));
#8436=CARTESIAN_POINT('',(194.3825040924,-79.5292444751839,4.54697123158795));
#8437=CARTESIAN_POINT('Ctrl Pts',(194.3825040924,-79.5292444751839,4.54697123158795));
#8438=CARTESIAN_POINT('Ctrl Pts',(195.179575957832,-79.4332113087278,4.55200411657943));
#8439=CARTESIAN_POINT('Ctrl Pts',(196.821356082944,-79.2354056266091,4.56237067310885));
#8440=CARTESIAN_POINT('Ctrl Pts',(197.987715897746,-78.0598447688655,4.62397920707525));
#8441=CARTESIAN_POINT('Ctrl Pts',(198.587816821282,-77.4550098393244,4.65567726256531));
#8442=CARTESIAN_POINT('',(194.3825040924,-79.4899925080017,3.79799908052202));
#8443=CARTESIAN_POINT('',(194.3825040924,-79.6339163876698,6.5442303010971));
#8444=CARTESIAN_POINT('Ctrl Pts',(194.3825040924,-79.4899925080017,3.79799908052202));
#8445=CARTESIAN_POINT('Ctrl Pts',(195.179575957832,-79.3939593415456,3.8030319655135));
#8446=CARTESIAN_POINT('Ctrl Pts',(196.821356082944,-79.1961536594268,3.81339852204292));
#8447=CARTESIAN_POINT('Ctrl Pts',(197.987715897746,-78.0205928016833,3.87500705600932));
#8448=CARTESIAN_POINT('Ctrl Pts',(198.587816821282,-77.4157578721422,3.90670511149938));
#8449=CARTESIAN_POINT('Ctrl Pts',(190.269268618768,-77.6312093007984,6.64918773207444));
#8450=CARTESIAN_POINT('Ctrl Pts',(190.269268618768,-77.4585006451967,3.35371026738434));
#8451=CARTESIAN_POINT('Ctrl Pts',(190.855010407051,-78.2152308152954,6.61858046144613));
#8452=CARTESIAN_POINT('Ctrl Pts',(190.855010407051,-78.0425221596937,3.32310299675604));
#8453=CARTESIAN_POINT('Ctrl Pts',(191.998611450126,-79.3554731994265,6.55882289024942));
#8454=CARTESIAN_POINT('Ctrl Pts',(191.998611450126,-79.1827645438248,3.26334542555933));
#8455=CARTESIAN_POINT('Ctrl Pts',(193.600895156482,-79.542622979478,6.54901478588361));
#8456=CARTESIAN_POINT('Ctrl Pts',(193.600895156482,-79.3699143238763,3.25353732119352));
#8457=CARTESIAN_POINT('Ctrl Pts',(194.3825040924,-79.6339163876698,6.5442303010971));
#8458=CARTESIAN_POINT('Ctrl Pts',(194.3825040924,-79.461207732068,3.24875283640701));
#8459=CARTESIAN_POINT('',(190.269268618768,-77.5265373883125,4.65192866256529));
#8460=CARTESIAN_POINT('Ctrl Pts',(190.269268618768,-77.5265373883125,4.65192866256529));
#8461=CARTESIAN_POINT('Ctrl Pts',(190.855010407051,-78.1105589028095,4.62132139193698));
#8462=CARTESIAN_POINT('Ctrl Pts',(191.998611450126,-79.2508012869406,4.56156382074027));
#8463=CARTESIAN_POINT('Ctrl Pts',(193.600895156482,-79.4379510669921,4.55175571637446));
#8464=CARTESIAN_POINT('Ctrl Pts',(194.3825040924,-79.5292444751839,4.54697123158795));
#8465=CARTESIAN_POINT('',(190.269268618768,-77.4872854211303,3.90295651149936));
#8466=CARTESIAN_POINT('',(190.269268618768,-77.6312093007984,6.64918773207444));
#8467=CARTESIAN_POINT('Ctrl Pts',(190.269268618768,-77.4872854211303,3.90295651149936));
#8468=CARTESIAN_POINT('Ctrl Pts',(190.855010407051,-78.0713069356273,3.87234924087105));
#8469=CARTESIAN_POINT('Ctrl Pts',(191.998611450126,-79.2115493197584,3.81259166967434));
#8470=CARTESIAN_POINT('Ctrl Pts',(193.600895156482,-79.3986990998099,3.80278356530853));
#8471=CARTESIAN_POINT('Ctrl Pts',(194.3825040924,-79.4899925080017,3.79799908052202));
#8472=CARTESIAN_POINT('Ctrl Pts',(188.570765124505,-71.439159716941,6.97369929997488));
#8473=CARTESIAN_POINT('Ctrl Pts',(188.570765124505,-71.2664510613393,3.67822183528479));
#8474=CARTESIAN_POINT('Ctrl Pts',(188.598339205127,-72.6872710313207,6.90828855769021));
#8475=CARTESIAN_POINT('Ctrl Pts',(188.598339205127,-72.514562375719,3.61281109300011));
#8476=CARTESIAN_POINT('Ctrl Pts',(188.647335826721,-74.9050507867347,6.79205964577007));
#8477=CARTESIAN_POINT('Ctrl Pts',(188.647335826721,-74.732342131133,3.49658218107998));
#8478=CARTESIAN_POINT('Ctrl Pts',(189.775852900301,-76.8018719395543,6.6926514614537));
#8479=CARTESIAN_POINT('Ctrl Pts',(189.775852900301,-76.6291632839526,3.3971739967636));
#8480=CARTESIAN_POINT('Ctrl Pts',(190.269268618768,-77.6312093007984,6.64918773207444));
#8481=CARTESIAN_POINT('Ctrl Pts',(190.269268618768,-77.4585006451967,3.35371026738434));
#8482=CARTESIAN_POINT('Ctrl Pts',(188.570765124505,-71.3344878044552,4.97644023046573));
#8483=CARTESIAN_POINT('Ctrl Pts',(188.598339205127,-72.5825991188348,4.91102948818106));
#8484=CARTESIAN_POINT('Ctrl Pts',(188.647335826721,-74.8003788742488,4.79480057626092));
#8485=CARTESIAN_POINT('Ctrl Pts',(189.775852900301,-76.6972000270685,4.69539239194455));
#8486=CARTESIAN_POINT('Ctrl Pts',(190.269268618768,-77.5265373883125,4.65192866256529));
#8487=CARTESIAN_POINT('Ctrl Pts',(188.570765124505,-71.295235837273,4.2274680793998));
#8488=CARTESIAN_POINT('Ctrl Pts',(188.598339205127,-72.5433471516526,4.16205733711513));
#8489=CARTESIAN_POINT('Ctrl Pts',(188.647335826721,-74.7611269070666,4.04582842519499));
#8490=CARTESIAN_POINT('Ctrl Pts',(189.775852900301,-76.6579480598863,3.94642024087862));
#8491=CARTESIAN_POINT('Ctrl Pts',(190.269268618768,-77.4872854211303,3.90295651149936));
#8492=CARTESIAN_POINT('Origin',(188.918655978387,-79.9200170599487,6.52923640021158));
#8493=CARTESIAN_POINT('',(188.918655978387,-90.3806584087948,3.97827272524636));
#8494=CARTESIAN_POINT('',(188.918655978387,-82.2000376271386,4.40700089356965));
#8495=CARTESIAN_POINT('',(188.918655978387,-90.3414064416125,3.22930057418043));
#8496=CARTESIAN_POINT('',(188.918655978387,-79.7760931802806,3.7830051796365));
#8497=CARTESIAN_POINT('',(188.918655978387,-90.4853303212806,5.97553179475551));
#8498=CARTESIAN_POINT('Ctrl Pts',(194.894093142693,-59.9746735944232,7.57452755827728));
#8499=CARTESIAN_POINT('Ctrl Pts',(194.894093142693,-59.8019649388215,4.27905009358718));
#8500=CARTESIAN_POINT('Ctrl Pts',(195.786423320152,-60.0289231632568,7.57168445884765));
#8501=CARTESIAN_POINT('Ctrl Pts',(195.786423320152,-59.8562145076551,4.27620699415755));
#8502=CARTESIAN_POINT('Ctrl Pts',(197.533120394688,-60.1351143081607,7.56611921676371));
#8503=CARTESIAN_POINT('Ctrl Pts',(197.533120394688,-59.962405652559,4.27064175207362));
#8504=CARTESIAN_POINT('Ctrl Pts',(199.059042093668,-60.9880033159261,7.52142119789181));
#8505=CARTESIAN_POINT('Ctrl Pts',(199.059042093668,-60.8152946603244,4.22594373320172));
#8506=CARTESIAN_POINT('Ctrl Pts',(199.805420504754,-61.4051793367366,7.499557929071));
#8507=CARTESIAN_POINT('Ctrl Pts',(199.805420504754,-61.2324706811348,4.20408046438091));
#8508=CARTESIAN_POINT('',(194.894093142693,-59.8700016819373,5.57726848876813));
#8509=CARTESIAN_POINT('Ctrl Pts',(194.894093142693,-59.8700016819373,5.57726848876813));
#8510=CARTESIAN_POINT('Ctrl Pts',(195.786423320152,-59.924251250771,5.5744253893385));
#8511=CARTESIAN_POINT('Ctrl Pts',(197.533120394688,-60.0304423956748,5.56886014725456));
#8512=CARTESIAN_POINT('Ctrl Pts',(199.059042093668,-60.8833314034403,5.52416212838266));
#8513=CARTESIAN_POINT('Ctrl Pts',(199.805420504754,-61.3005074242507,5.50229885956185));
#8514=CARTESIAN_POINT('',(194.894093142693,-59.8307497147551,4.8282963377022));
#8515=CARTESIAN_POINT('',(194.894093142693,-59.9746735944232,7.57452755827728));
#8516=CARTESIAN_POINT('Ctrl Pts',(194.894093142693,-59.8307497147551,4.8282963377022));
#8517=CARTESIAN_POINT('Ctrl Pts',(195.786423320152,-59.8849992835887,4.82545323827257));
#8518=CARTESIAN_POINT('Ctrl Pts',(197.533120394688,-59.9911904284926,4.81988799618863));
#8519=CARTESIAN_POINT('Ctrl Pts',(199.059042093668,-60.844079436258,4.77518997731673));
#8520=CARTESIAN_POINT('Ctrl Pts',(199.805420504754,-61.2612554570685,4.75332670849592));
#8521=CARTESIAN_POINT('Ctrl Pts',(191.27199994201,-60.8023236684577,7.53115225587369));
#8522=CARTESIAN_POINT('Ctrl Pts',(191.27199994201,-60.629615012856,4.23567479118359));
#8523=CARTESIAN_POINT('Ctrl Pts',(191.814698333494,-60.5611412055449,7.54379209315696));
#8524=CARTESIAN_POINT('Ctrl Pts',(191.814698333494,-60.3884325499432,4.24831462846687));
#8525=CARTESIAN_POINT('Ctrl Pts',(192.966189934659,-60.0494028537261,7.57061116374975));
#8526=CARTESIAN_POINT('Ctrl Pts',(192.966189934659,-59.8766941981244,4.27513369905965));
#8527=CARTESIAN_POINT('Ctrl Pts',(194.227329233386,-60.0005186538976,7.57317307610479));
#8528=CARTESIAN_POINT('Ctrl Pts',(194.227329233386,-59.8278099982959,4.2776956114147));
#8529=CARTESIAN_POINT('Ctrl Pts',(194.894093142693,-59.9746735944232,7.57452755827728));
#8530=CARTESIAN_POINT('Ctrl Pts',(194.894093142693,-59.8019649388215,4.27905009358718));
#8531=CARTESIAN_POINT('',(191.27199994201,-60.6976517559718,5.53389318636454));
#8532=CARTESIAN_POINT('Ctrl Pts',(191.27199994201,-60.6976517559718,5.53389318636454));
#8533=CARTESIAN_POINT('Ctrl Pts',(191.814698333494,-60.456469293059,5.54653302364782));
#8534=CARTESIAN_POINT('Ctrl Pts',(192.966189934659,-59.9447309412402,5.5733520942406));
#8535=CARTESIAN_POINT('Ctrl Pts',(194.227329233386,-59.8958467414117,5.57591400659564));
#8536=CARTESIAN_POINT('Ctrl Pts',(194.894093142693,-59.8700016819373,5.57726848876813));
#8537=CARTESIAN_POINT('',(191.27199994201,-60.6583997887896,4.78492103529861));
#8538=CARTESIAN_POINT('',(191.27199994201,-60.8023236684577,7.53115225587369));
#8539=CARTESIAN_POINT('Ctrl Pts',(191.27199994201,-60.6583997887896,4.78492103529861));
#8540=CARTESIAN_POINT('Ctrl Pts',(191.814698333494,-60.4172173258768,4.79756087258188));
#8541=CARTESIAN_POINT('Ctrl Pts',(192.966189934659,-59.905478974058,4.82437994317467));
#8542=CARTESIAN_POINT('Ctrl Pts',(194.227329233386,-59.8565947742295,4.82694185552971));
#8543=CARTESIAN_POINT('Ctrl Pts',(194.894093142693,-59.8307497147551,4.8282963377022));
#8544=CARTESIAN_POINT('Ctrl Pts',(188.591230975335,-63.2852738905612,7.40102634866291));
#8545=CARTESIAN_POINT('Ctrl Pts',(188.591230975335,-63.1125652349595,4.10554888397282));
#8546=CARTESIAN_POINT('Ctrl Pts',(188.987237808772,-62.7750548593005,7.42776579503923));
#8547=CARTESIAN_POINT('Ctrl Pts',(188.987237808772,-62.6023462036988,4.13228833034914));
#8548=CARTESIAN_POINT('Ctrl Pts',(189.744620440447,-61.7992357572074,7.4789063071619));
#8549=CARTESIAN_POINT('Ctrl Pts',(189.744620440447,-61.6265271016056,4.18342884247181));
#8550=CARTESIAN_POINT('Ctrl Pts',(190.778633392242,-61.124341266013,7.51427602869576));
#8551=CARTESIAN_POINT('Ctrl Pts',(190.778633392242,-60.9516326104113,4.21879856400566));
#8552=CARTESIAN_POINT('Ctrl Pts',(191.27199994201,-60.8023236684577,7.53115225587369));
#8553=CARTESIAN_POINT('Ctrl Pts',(191.27199994201,-60.629615012856,4.23567479118359));
#8554=CARTESIAN_POINT('',(188.591230975335,-63.1806019780753,5.40376727915376));
#8555=CARTESIAN_POINT('Ctrl Pts',(188.591230975335,-63.1806019780753,5.40376727915376));
#8556=CARTESIAN_POINT('Ctrl Pts',(188.987237808772,-62.6703829468146,5.43050672553008));
#8557=CARTESIAN_POINT('Ctrl Pts',(189.744620440447,-61.6945638447215,5.48164723765275));
#8558=CARTESIAN_POINT('Ctrl Pts',(190.778633392242,-61.0196693535271,5.51701695918661));
#8559=CARTESIAN_POINT('Ctrl Pts',(191.27199994201,-60.6976517559718,5.53389318636454));
#8560=CARTESIAN_POINT('',(188.591230975335,-63.1413500108931,4.65479512808783));
#8561=CARTESIAN_POINT('',(188.591230975335,-63.2852738905612,7.40102634866291));
#8562=CARTESIAN_POINT('Ctrl Pts',(188.591230975335,-63.1413500108931,4.65479512808783));
#8563=CARTESIAN_POINT('Ctrl Pts',(188.987237808772,-62.6311309796324,4.68153457446415));
#8564=CARTESIAN_POINT('Ctrl Pts',(189.744620440447,-61.6553118775393,4.73267508658682));
#8565=CARTESIAN_POINT('Ctrl Pts',(190.778633392242,-60.9804173863449,4.76804480812068));
#8566=CARTESIAN_POINT('Ctrl Pts',(191.27199994201,-60.6583997887896,4.78492103529861));
#8567=CARTESIAN_POINT('Origin',(188.591230975335,-60.4651332502834,7.54882365688572));
#8568=CARTESIAN_POINT('',(188.591230975335,-60.3604613377976,5.55156458737657));
#8569=CARTESIAN_POINT('',(188.591230975335,-68.6000094117789,5.11974817052335));
#8570=CARTESIAN_POINT('',(188.591230975335,-60.3212093706154,4.80259243631064));
#8571=CARTESIAN_POINT('',(188.591230975335,-60.4651332502834,7.54882365688572));
#8572=CARTESIAN_POINT('',(188.591230975335,-60.3212093706154,4.80259243631064));
#8573=CARTESIAN_POINT('Origin',(185.235160456841,-60.4651332502834,7.54882365688572));
#8574=CARTESIAN_POINT('',(185.235160456841,-60.3604613377976,5.55156458737657));
#8575=CARTESIAN_POINT('',(209.546977895603,-60.3604613377976,5.55156458737657));
#8576=CARTESIAN_POINT('',(185.235160456841,-60.3212093706153,4.80259243631064));
#8577=CARTESIAN_POINT('',(185.235160456841,-60.4651332502834,7.54882365688572));
#8578=CARTESIAN_POINT('',(185.235160456841,-60.3212093706153,4.80259243631064));
#8579=CARTESIAN_POINT('Origin',(185.235160456841,-90.4853303212806,5.97553179475551));
#8580=CARTESIAN_POINT('',(185.235160456841,-90.3806584087948,3.97827272524636));
#8581=CARTESIAN_POINT('',(185.235160456841,-67.18993909164,5.19364682463476));
#8582=CARTESIAN_POINT('',(185.235160456841,-90.3414064416125,3.22930057418043));
#8583=CARTESIAN_POINT('',(185.235160456841,-90.4853303212806,5.97553179475551));
#8584=CARTESIAN_POINT('',(185.235160456841,-90.3414064416125,3.22930057418043));
#8585=CARTESIAN_POINT('Origin',(188.918655978387,-90.4853303212806,5.97553179475551));
#8586=CARTESIAN_POINT('',(207.868942636356,-90.3806584087948,3.97827272524635));
#8587=CARTESIAN_POINT('',(188.918655978387,-90.3414064416125,3.22930057418043));
#8588=CARTESIAN_POINT('Origin',(230.368184612935,-71.2032752470287,4.23228752971605));
#8589=CARTESIAN_POINT('Ctrl Pts',(239.832714663689,-59.9746735944232,7.57452755827727));
#8590=CARTESIAN_POINT('Ctrl Pts',(239.832714663689,-59.8019649388215,4.27905009358718));
#8591=CARTESIAN_POINT('Ctrl Pts',(240.470819475031,-60.0334208648235,7.57144874429665));
#8592=CARTESIAN_POINT('Ctrl Pts',(240.470819475031,-59.8607122092218,4.27597127960656));
#8593=CARTESIAN_POINT('Ctrl Pts',(241.815777041942,-60.1572447013717,7.56495941200086));
#8594=CARTESIAN_POINT('Ctrl Pts',(241.815777041942,-59.9845360457699,4.26948194731076));
#8595=CARTESIAN_POINT('Ctrl Pts',(242.99747481461,-60.8145156992617,7.5305132986143));
#8596=CARTESIAN_POINT('Ctrl Pts',(242.99747481461,-60.6418070436599,4.2350358339242));
#8597=CARTESIAN_POINT('Ctrl Pts',(243.618525134271,-61.1599495088065,7.51240987976677));
#8598=CARTESIAN_POINT('Ctrl Pts',(243.618525134271,-60.9872408532048,4.21693241507668));
#8599=CARTESIAN_POINT('',(239.832714663689,-59.8700016819373,5.57726848876813));
#8600=CARTESIAN_POINT('',(243.618525134271,-61.0552775963206,5.51515081025762));
#8601=CARTESIAN_POINT('Ctrl Pts',(239.832714663689,-59.8700016819373,5.57726848876813));
#8602=CARTESIAN_POINT('Ctrl Pts',(240.470819475031,-59.9287489523376,5.57418967478751));
#8603=CARTESIAN_POINT('Ctrl Pts',(241.815777041942,-60.0525727888858,5.56770034249171));
#8604=CARTESIAN_POINT('Ctrl Pts',(242.99747481461,-60.7098437867758,5.53325422910515));
#8605=CARTESIAN_POINT('Ctrl Pts',(243.618525134271,-61.0552775963206,5.51515081025762));
#8606=CARTESIAN_POINT('',(239.832714663689,-59.8307497147551,4.8282963377022));
#8607=CARTESIAN_POINT('',(239.832714663689,-59.9746735944232,7.57452755827727));
#8608=CARTESIAN_POINT('',(243.618525134271,-61.0160256291384,4.76617865919169));
#8609=CARTESIAN_POINT('Ctrl Pts',(239.832714663689,-59.8307497147551,4.8282963377022));
#8610=CARTESIAN_POINT('Ctrl Pts',(240.470819475031,-59.8894969851554,4.82521752372158));
#8611=CARTESIAN_POINT('Ctrl Pts',(241.815777041942,-60.0133208217036,4.81872819142578));
#8612=CARTESIAN_POINT('Ctrl Pts',(242.99747481461,-60.6705918195936,4.78428207803922));
#8613=CARTESIAN_POINT('Ctrl Pts',(243.618525134271,-61.0160256291384,4.76617865919169));
#8614=CARTESIAN_POINT('',(243.618525134271,-61.1599495088065,7.51240987976677));
#8615=CARTESIAN_POINT('Origin',(243.618525134271,-61.1599495088065,7.51240987976677));
#8616=CARTESIAN_POINT('',(242.349766360467,-64.4680573842491,5.33629460039024));
#8617=CARTESIAN_POINT('',(240.071845671774,-70.5953385076493,5.01517740366994));
#8618=CARTESIAN_POINT('',(242.349766360467,-64.4288054170669,4.58732244932431));
#8619=CARTESIAN_POINT('',(243.618525134271,-61.0160256291384,4.76617865919169));
#8620=CARTESIAN_POINT('',(242.349766360467,-64.572729296735,7.33355366989939));
#8621=CARTESIAN_POINT('Ctrl Pts',(242.349766360467,-64.572729296735,7.33355366989939));
#8622=CARTESIAN_POINT('Ctrl Pts',(242.349766360467,-64.4000206411333,4.03807620520929));
#8623=CARTESIAN_POINT('Ctrl Pts',(241.909162314216,-64.3403799156902,7.34573058497774));
#8624=CARTESIAN_POINT('Ctrl Pts',(241.909162314216,-64.1676712600885,4.05025312028764));
#8625=CARTESIAN_POINT('Ctrl Pts',(241.061368895937,-63.8933021421951,7.36916093825342));
#8626=CARTESIAN_POINT('Ctrl Pts',(241.061368895937,-63.7205934865934,4.07368347356333));
#8627=CARTESIAN_POINT('Ctrl Pts',(240.106944554014,-63.813879633406,7.37332329556414));
#8628=CARTESIAN_POINT('Ctrl Pts',(240.106944554014,-63.6411709778043,4.07784583087405));
#8629=CARTESIAN_POINT('Ctrl Pts',(239.648541079705,-63.7757335464214,7.37532244727135));
#8630=CARTESIAN_POINT('Ctrl Pts',(239.648541079705,-63.6030248908197,4.07984498258125));
#8631=CARTESIAN_POINT('',(239.648541079705,-63.6710616339355,5.3780633777622));
#8632=CARTESIAN_POINT('Ctrl Pts',(242.349766360467,-64.4680573842491,5.33629460039024));
#8633=CARTESIAN_POINT('Ctrl Pts',(241.909162314216,-64.2357080032043,5.34847151546859));
#8634=CARTESIAN_POINT('Ctrl Pts',(241.061368895937,-63.7886302297093,5.37190186874427));
#8635=CARTESIAN_POINT('Ctrl Pts',(240.106944554014,-63.7092077209201,5.376064226055));
#8636=CARTESIAN_POINT('Ctrl Pts',(239.648541079705,-63.6710616339355,5.3780633777622));
#8637=CARTESIAN_POINT('',(239.648541079705,-63.6318096667533,4.62909122669627));
#8638=CARTESIAN_POINT('Ctrl Pts',(242.349766360467,-64.4288054170669,4.58732244932431));
#8639=CARTESIAN_POINT('Ctrl Pts',(241.909162314216,-64.1964560360221,4.59949936440266));
#8640=CARTESIAN_POINT('Ctrl Pts',(241.061368895937,-63.749378262527,4.62292971767834));
#8641=CARTESIAN_POINT('Ctrl Pts',(240.106944554014,-63.6699557537379,4.62709207498907));
#8642=CARTESIAN_POINT('Ctrl Pts',(239.648541079705,-63.6318096667533,4.62909122669627));
#8643=CARTESIAN_POINT('',(239.648541079705,-63.7757335464214,7.37532244727135));
#8644=CARTESIAN_POINT('Ctrl Pts',(239.648541079705,-63.7757335464214,7.37532244727135));
#8645=CARTESIAN_POINT('Ctrl Pts',(239.648541079705,-63.6030248908197,4.07984498258125));
#8646=CARTESIAN_POINT('Ctrl Pts',(239.256388026334,-63.8059050004048,7.37374122837033));
#8647=CARTESIAN_POINT('Ctrl Pts',(239.256388026334,-63.6331963448031,4.07826376368024));
#8648=CARTESIAN_POINT('Ctrl Pts',(238.472444047101,-63.8662200470216,7.3705802507198));
#8649=CARTESIAN_POINT('Ctrl Pts',(238.472444047101,-63.6935113914198,4.0751027860297));
#8650=CARTESIAN_POINT('Ctrl Pts',(237.810293193221,-64.2896079600252,7.348391430424));
#8651=CARTESIAN_POINT('Ctrl Pts',(237.810293193221,-64.1168993044235,4.0529139657339));
#8652=CARTESIAN_POINT('Ctrl Pts',(237.479370700066,-64.5012041286653,7.33730214512077));
#8653=CARTESIAN_POINT('Ctrl Pts',(237.479370700066,-64.3284954730636,4.04182468043068));
#8654=CARTESIAN_POINT('',(237.479370700066,-64.3965322161794,5.34004307561162));
#8655=CARTESIAN_POINT('Ctrl Pts',(239.648541079705,-63.6710616339355,5.3780633777622));
#8656=CARTESIAN_POINT('Ctrl Pts',(239.256388026334,-63.7012330879189,5.37648215886119));
#8657=CARTESIAN_POINT('Ctrl Pts',(238.472444047101,-63.7615481345357,5.37332118121065));
#8658=CARTESIAN_POINT('Ctrl Pts',(237.810293193221,-64.1849360475393,5.35113236091485));
#8659=CARTESIAN_POINT('Ctrl Pts',(237.479370700066,-64.3965322161794,5.34004307561162));
#8660=CARTESIAN_POINT('',(237.479370700066,-64.3572802489972,4.59107092454569));
#8661=CARTESIAN_POINT('Ctrl Pts',(239.648541079705,-63.6318096667533,4.62909122669627));
#8662=CARTESIAN_POINT('Ctrl Pts',(239.256388026334,-63.6619811207367,4.62751000779526));
#8663=CARTESIAN_POINT('Ctrl Pts',(238.472444047101,-63.7222961673535,4.62434903014472));
#8664=CARTESIAN_POINT('Ctrl Pts',(237.810293193221,-64.1456840803571,4.60216020984892));
#8665=CARTESIAN_POINT('Ctrl Pts',(237.479370700066,-64.3572802489972,4.59107092454569));
#8666=CARTESIAN_POINT('',(237.479370700066,-64.5012041286653,7.33730214512077));
#8667=CARTESIAN_POINT('Ctrl Pts',(237.479370700066,-64.5012041286653,7.33730214512077));
#8668=CARTESIAN_POINT('Ctrl Pts',(237.479370700066,-64.3284954730636,4.04182468043068));
#8669=CARTESIAN_POINT('Ctrl Pts',(237.179852427683,-64.7727240790826,7.32307238748836));
#8670=CARTESIAN_POINT('Ctrl Pts',(237.179852427683,-64.6000154234809,4.02759492279827));
#8671=CARTESIAN_POINT('Ctrl Pts',(236.561700878654,-65.3330921548179,7.29370474105796));
#8672=CARTESIAN_POINT('Ctrl Pts',(236.561700878654,-65.1603834992162,3.99822727636787));
#8673=CARTESIAN_POINT('Ctrl Pts',(236.26251235222,-66.112417807654,7.25286201425451));
#8674=CARTESIAN_POINT('Ctrl Pts',(236.26251235222,-65.9397091520523,3.95738454956442));
#8675=CARTESIAN_POINT('Ctrl Pts',(236.108292208855,-66.5141301170831,7.23180916420668));
#8676=CARTESIAN_POINT('Ctrl Pts',(236.108292208855,-66.3414214614813,3.93633169951658));
#8677=CARTESIAN_POINT('',(236.108292208855,-66.4094582045972,5.23455009469753));
#8678=CARTESIAN_POINT('Ctrl Pts',(237.479370700066,-64.3965322161794,5.34004307561162));
#8679=CARTESIAN_POINT('Ctrl Pts',(237.179852427683,-64.6680521665967,5.32581331797921));
#8680=CARTESIAN_POINT('Ctrl Pts',(236.561700878654,-65.228420242332,5.29644567154881));
#8681=CARTESIAN_POINT('Ctrl Pts',(236.26251235222,-66.0077458951681,5.25560294474536));
#8682=CARTESIAN_POINT('Ctrl Pts',(236.108292208855,-66.4094582045972,5.23455009469753));
#8683=CARTESIAN_POINT('',(236.108292208855,-66.370206237415,4.4855779436316));
#8684=CARTESIAN_POINT('Ctrl Pts',(237.479370700066,-64.3572802489972,4.59107092454569));
#8685=CARTESIAN_POINT('Ctrl Pts',(237.179852427683,-64.6288001994145,4.57684116691328));
#8686=CARTESIAN_POINT('Ctrl Pts',(236.561700878654,-65.1891682751498,4.54747352048288));
#8687=CARTESIAN_POINT('Ctrl Pts',(236.26251235222,-65.9684939279859,4.50663079367943));
#8688=CARTESIAN_POINT('Ctrl Pts',(236.108292208855,-66.370206237415,4.4855779436316));
#8689=CARTESIAN_POINT('',(236.108292208855,-66.5141301170831,7.23180916420668));
#8690=CARTESIAN_POINT('Ctrl Pts',(236.108292208855,-66.5141301170831,7.23180916420668));
#8691=CARTESIAN_POINT('Ctrl Pts',(236.108292208855,-66.3414214614813,3.93633169951658));
#8692=CARTESIAN_POINT('Ctrl Pts',(235.929285228751,-67.1950248504833,7.19612498330365));
#8693=CARTESIAN_POINT('Ctrl Pts',(235.929285228751,-67.0223161948816,3.90064751861356));
#8694=CARTESIAN_POINT('Ctrl Pts',(235.559506377127,-68.6015648214125,7.12241134695442));
#8695=CARTESIAN_POINT('Ctrl Pts',(235.559506377127,-68.4288561658107,3.82693388226433));
#8696=CARTESIAN_POINT('Ctrl Pts',(235.516540397476,-70.0555349098631,7.04621200347476));
#8697=CARTESIAN_POINT('Ctrl Pts',(235.516540397476,-69.8828262542614,3.75073453878466));
#8698=CARTESIAN_POINT('Ctrl Pts',(235.494373904412,-70.8056497249414,7.00690015180919));
#8699=CARTESIAN_POINT('Ctrl Pts',(235.494373904412,-70.6329410693397,3.7114226871191));
#8700=CARTESIAN_POINT('',(235.494373904412,-70.7009778124555,5.00964108230004));
#8701=CARTESIAN_POINT('Ctrl Pts',(236.108292208855,-66.4094582045972,5.23455009469753));
#8702=CARTESIAN_POINT('Ctrl Pts',(235.929285228751,-67.0903529379974,5.1988659137945));
#8703=CARTESIAN_POINT('Ctrl Pts',(235.559506377127,-68.4968929089266,5.12515227744527));
#8704=CARTESIAN_POINT('Ctrl Pts',(235.516540397476,-69.9508629973772,5.04895293396561));
#8705=CARTESIAN_POINT('Ctrl Pts',(235.494373904412,-70.7009778124555,5.00964108230004));
#8706=CARTESIAN_POINT('',(235.494373904412,-70.6617258452733,4.26066893123411));
#8707=CARTESIAN_POINT('Ctrl Pts',(236.108292208855,-66.370206237415,4.4855779436316));
#8708=CARTESIAN_POINT('Ctrl Pts',(235.929285228751,-67.0511009708152,4.44989376272857));
#8709=CARTESIAN_POINT('Ctrl Pts',(235.559506377127,-68.4576409417444,4.37618012637934));
#8710=CARTESIAN_POINT('Ctrl Pts',(235.516540397476,-69.911611030195,4.29998078289968));
#8711=CARTESIAN_POINT('Ctrl Pts',(235.494373904412,-70.6617258452733,4.26066893123411));
#8712=CARTESIAN_POINT('',(235.494373904412,-70.8056497249414,7.00690015180919));
#8713=CARTESIAN_POINT('Origin',(235.494373904412,-70.8056497249414,7.00690015180919));
#8714=CARTESIAN_POINT('',(235.494373904412,-82.0632844431827,4.41416782425066));
#8715=CARTESIAN_POINT('',(235.494373904412,-78.0413506443326,4.6249484430718));
#8716=CARTESIAN_POINT('',(235.494373904412,-82.0240324760005,3.66519567318473));
#8717=CARTESIAN_POINT('',(235.494373904412,-70.6617258452733,4.26066893123411));
#8718=CARTESIAN_POINT('',(235.494373904412,-82.1679563556686,6.41142689375981));
#8719=CARTESIAN_POINT('Ctrl Pts',(237.469137774651,-60.7103630782135,7.53597170618994));
#8720=CARTESIAN_POINT('Ctrl Pts',(237.469137774651,-60.5376544226118,4.24049424149984));
#8721=CARTESIAN_POINT('Ctrl Pts',(237.835609210298,-60.4957880497078,7.54721710692352));
#8722=CARTESIAN_POINT('Ctrl Pts',(237.835609210298,-60.3230793941061,4.25173964223342));
#8723=CARTESIAN_POINT('Ctrl Pts',(238.566521281285,-60.0678270595411,7.56964559203793));
#8724=CARTESIAN_POINT('Ctrl Pts',(238.566521281285,-59.8951184039393,4.27416812734783));
#8725=CARTESIAN_POINT('Ctrl Pts',(239.411432716713,-60.0056671801565,7.57290325327697));
#8726=CARTESIAN_POINT('Ctrl Pts',(239.411432716713,-59.8329585245548,4.27742578858688));
#8727=CARTESIAN_POINT('Ctrl Pts',(239.832714663689,-59.9746735944232,7.57452755827727));
#8728=CARTESIAN_POINT('Ctrl Pts',(239.832714663689,-59.8019649388215,4.27905009358718));
#8729=CARTESIAN_POINT('',(237.469137774651,-60.6056911657276,5.53871263668079));
#8730=CARTESIAN_POINT('Ctrl Pts',(237.469137774651,-60.6056911657276,5.53871263668079));
#8731=CARTESIAN_POINT('Ctrl Pts',(237.835609210298,-60.391116137222,5.54995803741437));
#8732=CARTESIAN_POINT('Ctrl Pts',(238.566521281285,-59.9631551470552,5.57238652252878));
#8733=CARTESIAN_POINT('Ctrl Pts',(239.411432716713,-59.9009952676706,5.57564418376783));
#8734=CARTESIAN_POINT('Ctrl Pts',(239.832714663689,-59.8700016819373,5.57726848876813));
#8735=CARTESIAN_POINT('',(237.469137774651,-60.5664391985454,4.78974048561486));
#8736=CARTESIAN_POINT('',(237.469137774651,-60.7103630782135,7.53597170618994));
#8737=CARTESIAN_POINT('Ctrl Pts',(237.469137774651,-60.5664391985454,4.78974048561486));
#8738=CARTESIAN_POINT('Ctrl Pts',(237.835609210298,-60.3518641700397,4.80098588634844));
#8739=CARTESIAN_POINT('Ctrl Pts',(238.566521281285,-59.923903179873,4.82341437146285));
#8740=CARTESIAN_POINT('Ctrl Pts',(239.411432716713,-59.8617433004884,4.8266720327019));
#8741=CARTESIAN_POINT('Ctrl Pts',(239.832714663689,-59.8307497147551,4.8282963377022));
#8742=CARTESIAN_POINT('Ctrl Pts',(235.126026736443,-63.7552969337878,7.37639348475554));
#8743=CARTESIAN_POINT('Ctrl Pts',(235.126026736443,-63.5825882781861,4.08091602006545));
#8744=CARTESIAN_POINT('Ctrl Pts',(235.495310013384,-63.0868016856543,7.41142783617149));
#8745=CARTESIAN_POINT('Ctrl Pts',(235.495310013384,-62.9140930300526,4.11595037148139));
#8746=CARTESIAN_POINT('Ctrl Pts',(236.12341538664,-61.9497736002581,7.47101695310955));
#8747=CARTESIAN_POINT('Ctrl Pts',(236.12341538664,-61.7770649446564,4.17553948841945));
#8748=CARTESIAN_POINT('Ctrl Pts',(237.076430702796,-61.07204635054,7.51701668908348));
#8749=CARTESIAN_POINT('Ctrl Pts',(237.076430702796,-60.8993376949383,4.22153922439339));
#8750=CARTESIAN_POINT('Ctrl Pts',(237.469137774651,-60.7103630782135,7.53597170618994));
#8751=CARTESIAN_POINT('Ctrl Pts',(237.469137774651,-60.5376544226118,4.24049424149984));
#8752=CARTESIAN_POINT('',(235.126026736443,-63.6506250213019,5.3791344152464));
#8753=CARTESIAN_POINT('Ctrl Pts',(235.126026736443,-63.6506250213019,5.3791344152464));
#8754=CARTESIAN_POINT('Ctrl Pts',(235.495310013384,-62.9821297731684,5.41416876666234));
#8755=CARTESIAN_POINT('Ctrl Pts',(236.12341538664,-61.8451016877722,5.4737578836004));
#8756=CARTESIAN_POINT('Ctrl Pts',(237.076430702796,-60.9673744380542,5.51975761957433));
#8757=CARTESIAN_POINT('Ctrl Pts',(237.469137774651,-60.6056911657276,5.53871263668079));
#8758=CARTESIAN_POINT('',(235.126026736443,-63.6113730541197,4.63016226418047));
#8759=CARTESIAN_POINT('',(235.126026736443,-63.7552969337878,7.37639348475554));
#8760=CARTESIAN_POINT('Ctrl Pts',(235.126026736443,-63.6113730541197,4.63016226418047));
#8761=CARTESIAN_POINT('Ctrl Pts',(235.495310013384,-62.9428778059862,4.66519661559641));
#8762=CARTESIAN_POINT('Ctrl Pts',(236.12341538664,-61.80584972059,4.72478573253447));
#8763=CARTESIAN_POINT('Ctrl Pts',(237.076430702796,-60.9281224708719,4.7707854685084));
#8764=CARTESIAN_POINT('Ctrl Pts',(237.469137774651,-60.5664391985454,4.78974048561486));
#8765=CARTESIAN_POINT('Origin',(235.126026736443,-60.4651332502835,7.54882365688572));
#8766=CARTESIAN_POINT('',(235.126026736443,-60.3604613377976,5.55156458737657));
#8767=CARTESIAN_POINT('',(235.126026736443,-68.8350209333922,5.10743173856967));
#8768=CARTESIAN_POINT('',(235.126026736443,-60.3212093706154,4.80259243631064));
#8769=CARTESIAN_POINT('',(235.126026736443,-60.4651332502835,7.54882365688572));
#8770=CARTESIAN_POINT('',(235.126026736443,-60.3212093706154,4.80259243631064));
#8771=CARTESIAN_POINT('Origin',(231.810883151238,-60.4651332502835,7.54882365688572));
#8772=CARTESIAN_POINT('',(231.810883151238,-60.3604613377976,5.55156458737657));
#8773=CARTESIAN_POINT('',(232.814375776157,-60.3604613377976,5.55156458737657));
#8774=CARTESIAN_POINT('',(231.810883151238,-60.3212093706154,4.80259243631064));
#8775=CARTESIAN_POINT('',(231.810883151238,-60.4651332502835,7.54882365688572));
#8776=CARTESIAN_POINT('',(231.810883151238,-60.3212093706154,4.80259243631064));
#8777=CARTESIAN_POINT('Origin',(231.810883151238,-82.1679563556686,6.41142689375981));
#8778=CARTESIAN_POINT('',(231.810883151238,-82.0632844431827,4.41416782425066));
#8779=CARTESIAN_POINT('',(231.810883151238,-67.18993909164,5.19364682463476));
#8780=CARTESIAN_POINT('',(231.810883151238,-82.0240324760005,3.66519567318473));
#8781=CARTESIAN_POINT('',(231.810883151238,-82.1679563556686,6.41142689375981));
#8782=CARTESIAN_POINT('',(231.810883151238,-82.0240324760005,3.66519567318473));
#8783=CARTESIAN_POINT('Origin',(235.494373904412,-82.1679563556686,6.41142689375981));
#8784=CARTESIAN_POINT('',(231.156803983555,-82.0632844431827,4.41416782425066));
#8785=CARTESIAN_POINT('',(235.494373904412,-82.0240324760005,3.66519567318473));
#8786=CARTESIAN_POINT('Origin',(230.368184612935,-71.2032752470287,4.23228752971605));
#8787=CARTESIAN_POINT('Ctrl Pts',(288.966406451409,-71.193929889011,6.98655125067064));
#8788=CARTESIAN_POINT('Ctrl Pts',(288.966406451409,-71.0212212334093,3.69107378598055));
#8789=CARTESIAN_POINT('Ctrl Pts',(288.926586488323,-69.9785233192503,7.05024800991782));
#8790=CARTESIAN_POINT('Ctrl Pts',(288.926586488323,-69.8058146636485,3.75477054522773));
#8791=CARTESIAN_POINT('Ctrl Pts',(288.85432624045,-67.7729567342457,7.16583685669879));
#8792=CARTESIAN_POINT('Ctrl Pts',(288.85432624045,-67.600248078644,3.8703593920087));
#8793=CARTESIAN_POINT('Ctrl Pts',(287.667640779341,-65.9239365083646,7.26273990058665));
#8794=CARTESIAN_POINT('Ctrl Pts',(287.667640779341,-65.7512278527629,3.96726243589655));
#8795=CARTESIAN_POINT('Ctrl Pts',(287.134894000237,-65.0938432763161,7.30624324347619));
#8796=CARTESIAN_POINT('Ctrl Pts',(287.134894000237,-64.9211346207144,4.0107657787861));
#8797=CARTESIAN_POINT('',(288.966406451409,-71.0892579765251,4.98929218116149));
#8798=CARTESIAN_POINT('',(287.134894000237,-64.9891713638302,5.30898417396704));
#8799=CARTESIAN_POINT('Ctrl Pts',(288.966406451409,-71.0892579765251,4.98929218116149));
#8800=CARTESIAN_POINT('Ctrl Pts',(288.926586488323,-69.8738514067644,5.05298894040867));
#8801=CARTESIAN_POINT('Ctrl Pts',(288.85432624045,-67.6682848217598,5.16857778718964));
#8802=CARTESIAN_POINT('Ctrl Pts',(287.667640779341,-65.8192645958787,5.2654808310775));
#8803=CARTESIAN_POINT('Ctrl Pts',(287.134894000237,-64.9891713638302,5.30898417396704));
#8804=CARTESIAN_POINT('',(288.966406451409,-71.0500060093429,4.24032003009556));
#8805=CARTESIAN_POINT('',(288.966406451409,-71.193929889011,6.98655125067064));
#8806=CARTESIAN_POINT('',(287.134894000237,-64.949919396648,4.56001202290111));
#8807=CARTESIAN_POINT('Ctrl Pts',(288.966406451409,-71.0500060093429,4.24032003009556));
#8808=CARTESIAN_POINT('Ctrl Pts',(288.926586488323,-69.8345994395822,4.30401678934274));
#8809=CARTESIAN_POINT('Ctrl Pts',(288.85432624045,-67.6290328545776,4.41960563612371));
#8810=CARTESIAN_POINT('Ctrl Pts',(287.667640779341,-65.7800126286965,4.51650868001157));
#8811=CARTESIAN_POINT('Ctrl Pts',(287.134894000237,-64.949919396648,4.56001202290111));
#8812=CARTESIAN_POINT('',(287.134894000237,-65.0938432763161,7.30624324347619));
#8813=CARTESIAN_POINT('Ctrl Pts',(287.134894000237,-65.0938432763161,7.30624324347619));
#8814=CARTESIAN_POINT('Ctrl Pts',(287.134894000237,-64.9211346207144,4.0107657787861));
#8815=CARTESIAN_POINT('Ctrl Pts',(286.489567906207,-64.4888621518557,7.33794896071732));
#8816=CARTESIAN_POINT('Ctrl Pts',(286.489567906207,-64.316153496254,4.04247149602722));
#8817=CARTESIAN_POINT('Ctrl Pts',(285.205287691339,-63.284873508439,7.40104733180079));
#8818=CARTESIAN_POINT('Ctrl Pts',(285.205287691339,-63.1121648528373,4.10556986711069));
#8819=CARTESIAN_POINT('Ctrl Pts',(283.45332538074,-63.1077373085883,7.4103306466656));
#8820=CARTESIAN_POINT('Ctrl Pts',(283.45332538074,-62.9350286529866,4.11485318197551));
#8821=CARTESIAN_POINT('Ctrl Pts',(282.581690417474,-63.0196086404567,7.41494927445355));
#8822=CARTESIAN_POINT('Ctrl Pts',(282.581690417474,-62.846899984855,4.11947180976346));
#8823=CARTESIAN_POINT('',(282.581690417474,-62.9149367279708,5.4176902049444));
#8824=CARTESIAN_POINT('Ctrl Pts',(287.134894000237,-64.9891713638302,5.30898417396704));
#8825=CARTESIAN_POINT('Ctrl Pts',(286.489567906207,-64.3841902393698,5.34068989120817));
#8826=CARTESIAN_POINT('Ctrl Pts',(285.205287691339,-63.1802015959531,5.40378826229164));
#8827=CARTESIAN_POINT('Ctrl Pts',(283.45332538074,-63.0030653961024,5.41307157715645));
#8828=CARTESIAN_POINT('Ctrl Pts',(282.581690417474,-62.9149367279708,5.4176902049444));
#8829=CARTESIAN_POINT('',(282.581690417474,-62.8756847607886,4.66871805387847));
#8830=CARTESIAN_POINT('Ctrl Pts',(287.134894000237,-64.949919396648,4.56001202290111));
#8831=CARTESIAN_POINT('Ctrl Pts',(286.489567906207,-64.3449382721876,4.59171774014224));
#8832=CARTESIAN_POINT('Ctrl Pts',(285.205287691339,-63.1409496287709,4.65481611122571));
#8833=CARTESIAN_POINT('Ctrl Pts',(283.45332538074,-62.9638134289202,4.66409942609052));
#8834=CARTESIAN_POINT('Ctrl Pts',(282.581690417474,-62.8756847607886,4.66871805387847));
#8835=CARTESIAN_POINT('',(282.581690417474,-63.0196086404567,7.41494927445355));
#8836=CARTESIAN_POINT('Ctrl Pts',(282.581690417474,-63.0196086404567,7.41494927445355));
#8837=CARTESIAN_POINT('Ctrl Pts',(282.581690417474,-62.846899984855,4.11947180976346));
#8838=CARTESIAN_POINT('Ctrl Pts',(281.700283222282,-63.105329391424,7.41045684025688));
#8839=CARTESIAN_POINT('Ctrl Pts',(281.700283222282,-62.9326207358223,4.11497937556678));
#8840=CARTESIAN_POINT('Ctrl Pts',(279.938900774735,-63.27663163058,7.4014792703165));
#8841=CARTESIAN_POINT('Ctrl Pts',(279.938900774735,-63.1039229749783,4.10600180562641));
#8842=CARTESIAN_POINT('Ctrl Pts',(278.644468496545,-64.4816215856645,7.33832842271215));
#8843=CARTESIAN_POINT('Ctrl Pts',(278.644468496545,-64.3089129300628,4.04285095802206));
#8844=CARTESIAN_POINT('Ctrl Pts',(277.997778521722,-65.0836267556881,7.3067786686343));
#8845=CARTESIAN_POINT('Ctrl Pts',(277.997778521722,-64.9109181000864,4.01130120394421));
#8846=CARTESIAN_POINT('',(277.997778521722,-64.9789548432022,5.30951959912516));
#8847=CARTESIAN_POINT('Ctrl Pts',(282.581690417474,-62.9149367279708,5.4176902049444));
#8848=CARTESIAN_POINT('Ctrl Pts',(281.700283222282,-63.0006574789381,5.41319777074773));
#8849=CARTESIAN_POINT('Ctrl Pts',(279.938900774735,-63.1719597180941,5.40422020080735));
#8850=CARTESIAN_POINT('Ctrl Pts',(278.644468496545,-64.3769496731786,5.341069353203));
#8851=CARTESIAN_POINT('Ctrl Pts',(277.997778521722,-64.9789548432022,5.30951959912516));
#8852=CARTESIAN_POINT('',(277.997778521722,-64.93970287602,4.56054744805923));
#8853=CARTESIAN_POINT('Ctrl Pts',(282.581690417474,-62.8756847607886,4.66871805387847));
#8854=CARTESIAN_POINT('Ctrl Pts',(281.700283222282,-62.9614055117559,4.6642256196818));
#8855=CARTESIAN_POINT('Ctrl Pts',(279.938900774735,-63.1327077509119,4.65524804974142));
#8856=CARTESIAN_POINT('Ctrl Pts',(278.644468496545,-64.3376977059964,4.59209720213707));
#8857=CARTESIAN_POINT('Ctrl Pts',(277.997778521722,-64.93970287602,4.56054744805923));
#8858=CARTESIAN_POINT('',(277.997778521722,-65.0836267556881,7.3067786686343));
#8859=CARTESIAN_POINT('Ctrl Pts',(277.997778521722,-65.0836267556881,7.3067786686343));
#8860=CARTESIAN_POINT('Ctrl Pts',(277.997778521722,-64.9109181000864,4.01130120394421));
#8861=CARTESIAN_POINT('Ctrl Pts',(277.468308785373,-65.9237703989808,7.26274860601057));
#8862=CARTESIAN_POINT('Ctrl Pts',(277.468308785373,-65.7510617433791,3.96727114132048));
#8863=CARTESIAN_POINT('Ctrl Pts',(276.274899538081,-67.8174295151266,7.16350613701429));
#8864=CARTESIAN_POINT('Ctrl Pts',(276.274899538081,-67.6447208595249,3.86802867232419));
#8865=CARTESIAN_POINT('Ctrl Pts',(276.211679997248,-70.0657291537076,7.04567774579339));
#8866=CARTESIAN_POINT('Ctrl Pts',(276.211679997248,-69.8930204981059,3.75020028110329));
#8867=CARTESIAN_POINT('Ctrl Pts',(276.176508532708,-71.316544802976,6.98012527532276));
#8868=CARTESIAN_POINT('Ctrl Pts',(276.176508532708,-71.1438361473743,3.68464781063266));
#8869=CARTESIAN_POINT('',(276.176508532708,-71.2118728904901,4.98286620581361));
#8870=CARTESIAN_POINT('Ctrl Pts',(277.997778521722,-64.9789548432022,5.30951959912516));
#8871=CARTESIAN_POINT('Ctrl Pts',(277.468308785373,-65.8190984864949,5.26548953650142));
#8872=CARTESIAN_POINT('Ctrl Pts',(276.274899538081,-67.7127576026407,5.16624706750514));
#8873=CARTESIAN_POINT('Ctrl Pts',(276.211679997248,-69.9610572412218,5.04841867628424));
#8874=CARTESIAN_POINT('Ctrl Pts',(276.176508532708,-71.2118728904901,4.98286620581361));
#8875=CARTESIAN_POINT('',(276.176508532708,-71.1726209233079,4.23389405474768));
#8876=CARTESIAN_POINT('Ctrl Pts',(277.997778521722,-64.93970287602,4.56054744805923));
#8877=CARTESIAN_POINT('Ctrl Pts',(277.468308785373,-65.7798465193127,4.51651738543549));
#8878=CARTESIAN_POINT('Ctrl Pts',(276.274899538081,-67.6735056354585,4.41727491643921));
#8879=CARTESIAN_POINT('Ctrl Pts',(276.211679997248,-69.9218052740395,4.29944652521831));
#8880=CARTESIAN_POINT('Ctrl Pts',(276.176508532708,-71.1726209233079,4.23389405474768));
#8881=CARTESIAN_POINT('',(276.176508532708,-71.316544802976,6.98012527532276));
#8882=CARTESIAN_POINT('Ctrl Pts',(289.907740222161,-62.9072114375788,7.420839762254));
#8883=CARTESIAN_POINT('Ctrl Pts',(289.907740222161,-62.7345027819771,4.12536229756391));
#8884=CARTESIAN_POINT('Ctrl Pts',(290.736417014653,-64.0283050623264,7.36208573501261));
#8885=CARTESIAN_POINT('Ctrl Pts',(290.736417014653,-63.8555964067247,4.06660827032252));
#8886=CARTESIAN_POINT('Ctrl Pts',(292.510185890649,-66.4279872987199,7.23632371801826));
#8887=CARTESIAN_POINT('Ctrl Pts',(292.510185890649,-66.2552786431182,3.94084625332817));
#8888=CARTESIAN_POINT('Ctrl Pts',(292.668091731658,-69.4172710785532,7.07966199347038));
#8889=CARTESIAN_POINT('Ctrl Pts',(292.668091731658,-69.2445624229515,3.78418452878029));
#8890=CARTESIAN_POINT('Ctrl Pts',(292.752226458733,-71.0100087085226,6.99619015130316));
#8891=CARTESIAN_POINT('Ctrl Pts',(292.752226458733,-70.8373000529209,3.70071268661306));
#8892=CARTESIAN_POINT('',(289.907740222161,-62.8025395250929,5.42358069274485));
#8893=CARTESIAN_POINT('',(292.752226458733,-70.9053367960367,4.99893108179401));
#8894=CARTESIAN_POINT('Ctrl Pts',(289.907740222161,-62.8025395250929,5.42358069274485));
#8895=CARTESIAN_POINT('Ctrl Pts',(290.736417014653,-63.9236331498405,5.36482666550346));
#8896=CARTESIAN_POINT('Ctrl Pts',(292.510185890649,-66.323315386234,5.23906464850911));
#8897=CARTESIAN_POINT('Ctrl Pts',(292.668091731658,-69.3125991660673,5.08240292396124));
#8898=CARTESIAN_POINT('Ctrl Pts',(292.752226458733,-70.9053367960367,4.99893108179401));
#8899=CARTESIAN_POINT('',(289.907740222161,-62.7632875579107,4.67460854167892));
#8900=CARTESIAN_POINT('',(289.907740222161,-62.9072114375788,7.420839762254));
#8901=CARTESIAN_POINT('',(292.752226458733,-70.8660848288545,4.24995893072808));
#8902=CARTESIAN_POINT('Ctrl Pts',(289.907740222161,-62.7632875579107,4.67460854167892));
#8903=CARTESIAN_POINT('Ctrl Pts',(290.736417014653,-63.8843811826583,4.61585451443753));
#8904=CARTESIAN_POINT('Ctrl Pts',(292.510185890649,-66.2840634190518,4.49009249744318));
#8905=CARTESIAN_POINT('Ctrl Pts',(292.668091731658,-69.2733471988851,4.33343077289531));
#8906=CARTESIAN_POINT('Ctrl Pts',(292.752226458733,-70.8660848288545,4.24995893072808));
#8907=CARTESIAN_POINT('',(292.752226458733,-71.0100087085226,6.99619015130316));
#8908=CARTESIAN_POINT('Ctrl Pts',(292.752226458733,-71.0100087085226,6.99619015130316));
#8909=CARTESIAN_POINT('Ctrl Pts',(292.752226458733,-70.8373000529209,3.70071268661306));
#8910=CARTESIAN_POINT('Ctrl Pts',(292.727666876102,-72.2738437699777,6.92995536235225));
#8911=CARTESIAN_POINT('Ctrl Pts',(292.727666876102,-72.1011351143759,3.63447789766215));
#8912=CARTESIAN_POINT('Ctrl Pts',(292.683487176714,-74.547329192252,6.81080704013849));
#8913=CARTESIAN_POINT('Ctrl Pts',(292.683487176714,-74.3746205366503,3.51532957544839));
#8914=CARTESIAN_POINT('Ctrl Pts',(291.859577976406,-76.6616079706255,6.70000238457867));
#8915=CARTESIAN_POINT('Ctrl Pts',(291.859577976406,-76.4888993150238,3.40452491988858));
#8916=CARTESIAN_POINT('Ctrl Pts',(291.493681536858,-77.6005549770777,6.65079425710605));
#8917=CARTESIAN_POINT('Ctrl Pts',(291.493681536858,-77.427846321476,3.35531679241596));
#8918=CARTESIAN_POINT('',(291.493681536858,-77.4958830645918,4.6535351875969));
#8919=CARTESIAN_POINT('Ctrl Pts',(292.752226458733,-70.9053367960367,4.99893108179401));
#8920=CARTESIAN_POINT('Ctrl Pts',(292.727666876102,-72.1691718574918,4.9326962928431));
#8921=CARTESIAN_POINT('Ctrl Pts',(292.683487176714,-74.4426572797661,4.81354797062934));
#8922=CARTESIAN_POINT('Ctrl Pts',(291.859577976406,-76.5569360581396,4.70274331506952));
#8923=CARTESIAN_POINT('Ctrl Pts',(291.493681536858,-77.4958830645918,4.6535351875969));
#8924=CARTESIAN_POINT('',(291.493681536858,-77.4566310974096,3.90456303653097));
#8925=CARTESIAN_POINT('Ctrl Pts',(292.752226458733,-70.8660848288545,4.24995893072808));
#8926=CARTESIAN_POINT('Ctrl Pts',(292.727666876102,-72.1299198903096,4.18372414177717));
#8927=CARTESIAN_POINT('Ctrl Pts',(292.683487176714,-74.4034053125839,4.06457581956341));
#8928=CARTESIAN_POINT('Ctrl Pts',(291.859577976406,-76.5176840909574,3.95377116400359));
#8929=CARTESIAN_POINT('Ctrl Pts',(291.493681536858,-77.4566310974096,3.90456303653097));
#8930=CARTESIAN_POINT('',(291.493681536858,-77.6005549770777,6.65079425710605));
#8931=CARTESIAN_POINT('Ctrl Pts',(291.493681536858,-77.6005549770777,6.65079425710605));
#8932=CARTESIAN_POINT('Ctrl Pts',(291.493681536858,-77.427846321476,3.35531679241596));
#8933=CARTESIAN_POINT('Ctrl Pts',(291.025100378914,-78.3569807509216,6.61115166210644));
#8934=CARTESIAN_POINT('Ctrl Pts',(291.025100378914,-78.1842720953199,3.31567419741634));
#8935=CARTESIAN_POINT('Ctrl Pts',(290.084825449398,-79.8748569589714,6.53160314081598));
#8936=CARTESIAN_POINT('Ctrl Pts',(290.084825449398,-79.7021483033697,3.23612567612589));
#8937=CARTESIAN_POINT('Ctrl Pts',(288.583702639877,-80.8439412457487,6.4808155854079));
#8938=CARTESIAN_POINT('Ctrl Pts',(288.583702639877,-80.671232590147,3.1853381207178));
#8939=CARTESIAN_POINT('Ctrl Pts',(287.830656634515,-81.3300873800877,6.45533774610015));
#8940=CARTESIAN_POINT('Ctrl Pts',(287.830656634515,-81.157378724486,3.15986028141006));
#8941=CARTESIAN_POINT('',(287.830656634515,-81.2254154676018,4.458078676591));
#8942=CARTESIAN_POINT('Ctrl Pts',(291.493681536858,-77.4958830645918,4.6535351875969));
#8943=CARTESIAN_POINT('Ctrl Pts',(291.025100378914,-78.2523088384357,4.61389259259729));
#8944=CARTESIAN_POINT('Ctrl Pts',(290.084825449398,-79.7701850464855,4.53434407130683));
#8945=CARTESIAN_POINT('Ctrl Pts',(288.583702639877,-80.7392693332628,4.48355651589875));
#8946=CARTESIAN_POINT('Ctrl Pts',(287.830656634515,-81.2254154676018,4.458078676591));
#8947=CARTESIAN_POINT('',(287.830656634515,-81.1861635004196,3.70910652552507));
#8948=CARTESIAN_POINT('Ctrl Pts',(291.493681536858,-77.4566310974096,3.90456303653097));
#8949=CARTESIAN_POINT('Ctrl Pts',(291.025100378914,-78.2130568712535,3.86492044153136));
#8950=CARTESIAN_POINT('Ctrl Pts',(290.084825449398,-79.7309330793033,3.7853719202409));
#8951=CARTESIAN_POINT('Ctrl Pts',(288.583702639877,-80.7000173660806,3.73458436483282));
#8952=CARTESIAN_POINT('Ctrl Pts',(287.830656634515,-81.1861635004196,3.70910652552507));
#8953=CARTESIAN_POINT('',(287.830656634515,-81.3300873800877,6.45533774610015));
#8954=CARTESIAN_POINT('Ctrl Pts',(287.830656634515,-81.3300873800877,6.45533774610015));
#8955=CARTESIAN_POINT('Ctrl Pts',(287.830656634515,-81.157378724486,3.15986028141006));
#8956=CARTESIAN_POINT('Ctrl Pts',(287.006602920387,-81.7175081571482,6.4350338835263));
#8957=CARTESIAN_POINT('Ctrl Pts',(287.006602920387,-81.5447995015465,3.13955641883621));
#8958=CARTESIAN_POINT('Ctrl Pts',(285.343432045607,-82.4994316430148,6.39405501006278));
#8959=CARTESIAN_POINT('Ctrl Pts',(285.343432045607,-82.3267229874131,3.09857754537268));
#8960=CARTESIAN_POINT('Ctrl Pts',(283.507812734585,-82.6051022003262,6.38851705081849));
#8961=CARTESIAN_POINT('Ctrl Pts',(283.507812734585,-82.4323935447245,3.09303958612839));
#8962=CARTESIAN_POINT('Ctrl Pts',(282.581690417474,-82.6584160115287,6.38572299236825));
#8963=CARTESIAN_POINT('Ctrl Pts',(282.581690417474,-82.485707355927,3.09024552767815));
#8964=CARTESIAN_POINT('',(282.581690417474,-82.5537440990428,4.3884639228591));
#8965=CARTESIAN_POINT('Ctrl Pts',(287.830656634515,-81.2254154676018,4.458078676591));
#8966=CARTESIAN_POINT('Ctrl Pts',(287.006602920387,-81.6128362446623,4.43777481401716));
#8967=CARTESIAN_POINT('Ctrl Pts',(285.343432045607,-82.3947597305289,4.39679594055363));
#8968=CARTESIAN_POINT('Ctrl Pts',(283.507812734585,-82.5004302878403,4.39125798130934));
#8969=CARTESIAN_POINT('Ctrl Pts',(282.581690417474,-82.5537440990428,4.3884639228591));
#8970=CARTESIAN_POINT('',(282.581690417474,-82.5144921318606,3.63949177179317));
#8971=CARTESIAN_POINT('Ctrl Pts',(287.830656634515,-81.1861635004196,3.70910652552507));
#8972=CARTESIAN_POINT('Ctrl Pts',(287.006602920387,-81.5735842774801,3.68880266295122));
#8973=CARTESIAN_POINT('Ctrl Pts',(285.343432045607,-82.3555077633467,3.6478237894877));
#8974=CARTESIAN_POINT('Ctrl Pts',(283.507812734585,-82.4611783206581,3.64228583024341));
#8975=CARTESIAN_POINT('Ctrl Pts',(282.581690417474,-82.5144921318606,3.63949177179317));
#8976=CARTESIAN_POINT('',(282.581690417474,-82.6584160115287,6.38572299236825));
#8977=CARTESIAN_POINT('Ctrl Pts',(287.145117388909,-77.5494652311823,6.65347175723256));
#8978=CARTESIAN_POINT('Ctrl Pts',(287.145117388909,-77.3767565755806,3.35799429254247));
#8979=CARTESIAN_POINT('Ctrl Pts',(287.674454857556,-76.6952831148754,6.69823754505149));
#8980=CARTESIAN_POINT('Ctrl Pts',(287.674454857556,-76.5225744592737,3.4027600803614));
#8981=CARTESIAN_POINT('Ctrl Pts',(288.873939709314,-74.759696518725,6.79967734016576));
#8982=CARTESIAN_POINT('Ctrl Pts',(288.873939709314,-74.5869878631233,3.50419987547567));
#8983=CARTESIAN_POINT('Ctrl Pts',(288.933262850179,-72.4720364230779,6.91956852553306));
#8984=CARTESIAN_POINT('Ctrl Pts',(288.933262850179,-72.2993277674762,3.62409106084296));
#8985=CARTESIAN_POINT('Ctrl Pts',(288.966406451409,-71.193929889011,6.98655125067064));
#8986=CARTESIAN_POINT('Ctrl Pts',(288.966406451409,-71.0212212334093,3.69107378598055));
#8987=CARTESIAN_POINT('',(287.145117388909,-77.4447933186964,4.65621268772341));
#8988=CARTESIAN_POINT('Ctrl Pts',(287.145117388909,-77.4447933186964,4.65621268772341));
#8989=CARTESIAN_POINT('Ctrl Pts',(287.674454857556,-76.5906112023896,4.70097847554235));
#8990=CARTESIAN_POINT('Ctrl Pts',(288.873939709314,-74.6550246062391,4.80241827065661));
#8991=CARTESIAN_POINT('Ctrl Pts',(288.933262850179,-72.367364510592,4.92230945602391));
#8992=CARTESIAN_POINT('Ctrl Pts',(288.966406451409,-71.0892579765251,4.98929218116149));
#8993=CARTESIAN_POINT('',(287.145117388909,-77.4055413515142,3.90724053665748));
#8994=CARTESIAN_POINT('',(287.145117388909,-77.5494652311823,6.65347175723256));
#8995=CARTESIAN_POINT('Ctrl Pts',(287.145117388909,-77.4055413515142,3.90724053665748));
#8996=CARTESIAN_POINT('Ctrl Pts',(287.674454857556,-76.5513592352073,3.95200632447642));
#8997=CARTESIAN_POINT('Ctrl Pts',(288.873939709314,-74.6157726390569,4.05344611959068));
#8998=CARTESIAN_POINT('Ctrl Pts',(288.933262850179,-72.3281125434098,4.17333730495798));
#8999=CARTESIAN_POINT('Ctrl Pts',(288.966406451409,-71.0500060093429,4.24032003009556));
#9000=CARTESIAN_POINT('Ctrl Pts',(282.581690417474,-79.6339163876699,6.54423030109709));
#9001=CARTESIAN_POINT('Ctrl Pts',(282.581690417474,-79.4612077320681,3.24875283640699));
#9002=CARTESIAN_POINT('Ctrl Pts',(283.458253750873,-79.5460555217771,6.54883489396441));
#9003=CARTESIAN_POINT('Ctrl Pts',(283.458253750873,-79.3733468661754,3.25335742927431));
#9004=CARTESIAN_POINT('Ctrl Pts',(285.216505003183,-79.3698201356974,6.55807099917993));
#9005=CARTESIAN_POINT('Ctrl Pts',(285.216505003183,-79.1971114800957,3.26259353448984));
#9006=CARTESIAN_POINT('Ctrl Pts',(286.500998668564,-78.1574280755303,6.62160977467368));
#9007=CARTESIAN_POINT('Ctrl Pts',(286.500998668564,-77.9847194199286,3.32613230998359));
#9008=CARTESIAN_POINT('Ctrl Pts',(287.145117388909,-77.5494652311823,6.65347175723256));
#9009=CARTESIAN_POINT('Ctrl Pts',(287.145117388909,-77.3767565755806,3.35799429254247));
#9010=CARTESIAN_POINT('',(282.581690417474,-79.529244475184,4.54697123158794));
#9011=CARTESIAN_POINT('Ctrl Pts',(282.581690417474,-79.529244475184,4.54697123158794));
#9012=CARTESIAN_POINT('Ctrl Pts',(283.458253750873,-79.4413836092913,4.55157582445526));
#9013=CARTESIAN_POINT('Ctrl Pts',(285.216505003183,-79.2651482232115,4.56081192967079));
#9014=CARTESIAN_POINT('Ctrl Pts',(286.500998668564,-78.0527561630444,4.62435070516454));
#9015=CARTESIAN_POINT('Ctrl Pts',(287.145117388909,-77.4447933186964,4.65621268772341));
#9016=CARTESIAN_POINT('',(282.581690417474,-79.4899925080018,3.79799908052201));
#9017=CARTESIAN_POINT('',(282.581690417474,-79.6339163876699,6.54423030109709));
#9018=CARTESIAN_POINT('Ctrl Pts',(282.581690417474,-79.4899925080018,3.79799908052201));
#9019=CARTESIAN_POINT('Ctrl Pts',(283.458253750873,-79.402131642109,3.80260367338933));
#9020=CARTESIAN_POINT('Ctrl Pts',(285.216505003183,-79.2258962560293,3.81183977860486));
#9021=CARTESIAN_POINT('Ctrl Pts',(286.500998668564,-78.0135041958622,3.87537855409861));
#9022=CARTESIAN_POINT('Ctrl Pts',(287.145117388909,-77.4055413515142,3.90724053665748));
#9023=CARTESIAN_POINT('Ctrl Pts',(277.997778521722,-77.5596817518104,6.65293633207444));
#9024=CARTESIAN_POINT('Ctrl Pts',(277.997778521722,-77.3869730962087,3.35745886738435));
#9025=CARTESIAN_POINT('Ctrl Pts',(278.644101797007,-78.1646665562836,6.62123042197202));
#9026=CARTESIAN_POINT('Ctrl Pts',(278.644101797007,-77.9919579006819,3.32575295728193));
#9027=CARTESIAN_POINT('Ctrl Pts',(279.936768182485,-79.3746547315072,6.55781762874981));
#9028=CARTESIAN_POINT('Ctrl Pts',(279.936768182485,-79.2019460759055,3.26234016405972));
#9029=CARTESIAN_POINT('Ctrl Pts',(281.70004065382,-79.5474949515851,6.54875945664474));
#9030=CARTESIAN_POINT('Ctrl Pts',(281.70004065382,-79.3747862959834,3.25328199195464));
#9031=CARTESIAN_POINT('Ctrl Pts',(282.581690417474,-79.6339163876699,6.54423030109709));
#9032=CARTESIAN_POINT('Ctrl Pts',(282.581690417474,-79.4612077320681,3.24875283640699));
#9033=CARTESIAN_POINT('',(277.997778521722,-77.4550098393245,4.6556772625653));
#9034=CARTESIAN_POINT('Ctrl Pts',(277.997778521722,-77.4550098393245,4.6556772625653));
#9035=CARTESIAN_POINT('Ctrl Pts',(278.644101797007,-78.0599946437977,4.62397135246287));
#9036=CARTESIAN_POINT('Ctrl Pts',(279.936768182485,-79.2699828190213,4.56055855924066));
#9037=CARTESIAN_POINT('Ctrl Pts',(281.70004065382,-79.4428230390992,4.55150038713559));
#9038=CARTESIAN_POINT('Ctrl Pts',(282.581690417474,-79.529244475184,4.54697123158794));
#9039=CARTESIAN_POINT('',(277.997778521722,-77.4157578721423,3.90670511149937));
#9040=CARTESIAN_POINT('',(277.997778521722,-77.5596817518104,6.65293633207444));
#9041=CARTESIAN_POINT('Ctrl Pts',(277.997778521722,-77.4157578721423,3.90670511149937));
#9042=CARTESIAN_POINT('Ctrl Pts',(278.644101797007,-78.0207426766155,3.87499920139694));
#9043=CARTESIAN_POINT('Ctrl Pts',(279.936768182485,-79.2307308518391,3.81158640817473));
#9044=CARTESIAN_POINT('Ctrl Pts',(281.70004065382,-79.403571071917,3.80252823606966));
#9045=CARTESIAN_POINT('Ctrl Pts',(282.581690417474,-79.4899925080018,3.79799908052201));
#9046=CARTESIAN_POINT('Ctrl Pts',(276.176508532708,-71.316544802976,6.98012527532276));
#9047=CARTESIAN_POINT('Ctrl Pts',(276.176508532708,-71.1438361473743,3.68464781063266));
#9048=CARTESIAN_POINT('Ctrl Pts',(276.212021585469,-72.5680217357732,6.9145381484509));
#9049=CARTESIAN_POINT('Ctrl Pts',(276.212021585469,-72.3953130801715,3.61906068376081));
#9050=CARTESIAN_POINT('Ctrl Pts',(276.275901154559,-74.8191322705659,6.79656244440176));
#9051=CARTESIAN_POINT('Ctrl Pts',(276.275901154559,-74.6464236149642,3.50108497971167));
#9052=CARTESIAN_POINT('Ctrl Pts',(277.468285457272,-76.7169376802668,6.697102677368));
#9053=CARTESIAN_POINT('Ctrl Pts',(277.468285457272,-76.5442290246651,3.4016252126779));
#9054=CARTESIAN_POINT('Ctrl Pts',(277.997778521722,-77.5596817518104,6.65293633207444));
#9055=CARTESIAN_POINT('Ctrl Pts',(277.997778521722,-77.3869730962087,3.35745886738435));
#9056=CARTESIAN_POINT('Ctrl Pts',(276.176508532708,-71.2118728904901,4.98286620581361));
#9057=CARTESIAN_POINT('Ctrl Pts',(276.212021585469,-72.4633498232873,4.91727907894176));
#9058=CARTESIAN_POINT('Ctrl Pts',(276.275901154559,-74.71446035808,4.79930337489261));
#9059=CARTESIAN_POINT('Ctrl Pts',(277.468285457272,-76.6122657677809,4.69984360785885));
#9060=CARTESIAN_POINT('Ctrl Pts',(277.997778521722,-77.4550098393245,4.6556772625653));
#9061=CARTESIAN_POINT('Ctrl Pts',(276.176508532708,-71.1726209233079,4.23389405474768));
#9062=CARTESIAN_POINT('Ctrl Pts',(276.212021585469,-72.4240978561051,4.16830692787583));
#9063=CARTESIAN_POINT('Ctrl Pts',(276.275901154559,-74.6752083908978,4.05033122382668));
#9064=CARTESIAN_POINT('Ctrl Pts',(277.468285457272,-76.5730138005987,3.95087145679292));
#9065=CARTESIAN_POINT('Ctrl Pts',(277.997778521722,-77.4157578721423,3.90670511149937));
#9066=CARTESIAN_POINT('Ctrl Pts',(282.581690417474,-82.6584160115287,6.38572299236825));
#9067=CARTESIAN_POINT('Ctrl Pts',(282.581690417474,-82.485707355927,3.09024552767815));
#9068=CARTESIAN_POINT('Ctrl Pts',(281.150139257384,-82.5535490595698,6.3912188364406));
#9069=CARTESIAN_POINT('Ctrl Pts',(281.150139257384,-82.3808404039681,3.09574137175051));
#9070=CARTESIAN_POINT('Ctrl Pts',(278.378505358674,-82.350515589997,6.40185936970104));
#9071=CARTESIAN_POINT('Ctrl Pts',(278.378505358674,-82.1778069343953,3.10638190501095));
#9072=CARTESIAN_POINT('Ctrl Pts',(276.238943075103,-80.588182497928,6.49421933341339));
#9073=CARTESIAN_POINT('Ctrl Pts',(276.238943075103,-80.4154738423263,3.1987418687233));
#9074=CARTESIAN_POINT('Ctrl Pts',(275.204466448968,-79.7360958794604,6.53887530084407));
#9075=CARTESIAN_POINT('Ctrl Pts',(275.204466448968,-79.5633872238587,3.24339783615398));
#9076=CARTESIAN_POINT('',(275.204466448968,-79.6314239669746,4.54161623133492));
#9077=CARTESIAN_POINT('Ctrl Pts',(282.581690417474,-82.5537440990428,4.3884639228591));
#9078=CARTESIAN_POINT('Ctrl Pts',(281.150139257384,-82.4488771470839,4.39395976693145));
#9079=CARTESIAN_POINT('Ctrl Pts',(278.378505358674,-82.2458436775111,4.40460030019189));
#9080=CARTESIAN_POINT('Ctrl Pts',(276.238943075103,-80.4835105854421,4.49696026390424));
#9081=CARTESIAN_POINT('Ctrl Pts',(275.204466448968,-79.6314239669746,4.54161623133492));
#9082=CARTESIAN_POINT('',(275.204466448968,-79.5921719997923,3.79264408026899));
#9083=CARTESIAN_POINT('Ctrl Pts',(282.581690417474,-82.5144921318606,3.63949177179317));
#9084=CARTESIAN_POINT('Ctrl Pts',(281.150139257384,-82.4096251799017,3.64498761586552));
#9085=CARTESIAN_POINT('Ctrl Pts',(278.378505358674,-82.2065917103289,3.65562814912596));
#9086=CARTESIAN_POINT('Ctrl Pts',(276.238943075103,-80.4442586182599,3.74798811283831));
#9087=CARTESIAN_POINT('Ctrl Pts',(275.204466448968,-79.5921719997923,3.79264408026899));
#9088=CARTESIAN_POINT('',(275.204466448968,-79.7360958794604,6.53887530084407));
#9089=CARTESIAN_POINT('Ctrl Pts',(282.581690417474,-59.9746735944233,7.57452755827726));
#9090=CARTESIAN_POINT('Ctrl Pts',(282.581690417474,-59.8019649388216,4.27905009358717));
#9091=CARTESIAN_POINT('Ctrl Pts',(283.994315876512,-60.0837017656423,7.56881363394439));
#9092=CARTESIAN_POINT('Ctrl Pts',(283.994315876512,-59.9109931100406,4.27333616925429));
#9093=CARTESIAN_POINT('Ctrl Pts',(286.748256453501,-60.2962542882051,7.55767422825586));
#9094=CARTESIAN_POINT('Ctrl Pts',(286.748256453501,-60.1235456326034,4.26219676356577));
#9095=CARTESIAN_POINT('Ctrl Pts',(288.872917573831,-62.0520471797999,7.46565702192643));
#9096=CARTESIAN_POINT('Ctrl Pts',(288.872917573831,-61.8793385241982,4.17017955723633));
#9097=CARTESIAN_POINT('Ctrl Pts',(289.907740222161,-62.9072114375788,7.420839762254));
#9098=CARTESIAN_POINT('Ctrl Pts',(289.907740222161,-62.7345027819771,4.12536229756391));
#9099=CARTESIAN_POINT('',(282.581690417474,-59.8700016819374,5.57726848876812));
#9100=CARTESIAN_POINT('Ctrl Pts',(282.581690417474,-59.8700016819374,5.57726848876812));
#9101=CARTESIAN_POINT('Ctrl Pts',(283.994315876512,-59.9790298531564,5.57155456443524));
#9102=CARTESIAN_POINT('Ctrl Pts',(286.748256453501,-60.1915823757192,5.56041515874671));
#9103=CARTESIAN_POINT('Ctrl Pts',(288.872917573831,-61.9473752673141,5.46839795241728));
#9104=CARTESIAN_POINT('Ctrl Pts',(289.907740222161,-62.8025395250929,5.42358069274485));
#9105=CARTESIAN_POINT('',(282.581690417474,-59.8307497147552,4.82829633770218));
#9106=CARTESIAN_POINT('',(282.581690417474,-59.9746735944233,7.57452755827726));
#9107=CARTESIAN_POINT('Ctrl Pts',(282.581690417474,-59.8307497147552,4.82829633770218));
#9108=CARTESIAN_POINT('Ctrl Pts',(283.994315876512,-59.9397778859742,4.82258241336931));
#9109=CARTESIAN_POINT('Ctrl Pts',(286.748256453501,-60.152330408537,4.81144300768078));
#9110=CARTESIAN_POINT('Ctrl Pts',(288.872917573831,-61.9081233001318,4.71942580135135));
#9111=CARTESIAN_POINT('Ctrl Pts',(289.907740222161,-62.7632875579107,4.67460854167892));
#9112=CARTESIAN_POINT('Ctrl Pts',(275.746763812249,-62.386098648457,7.44815012628787));
#9113=CARTESIAN_POINT('Ctrl Pts',(275.746763812249,-62.2133899928553,4.15267266159778));
#9114=CARTESIAN_POINT('Ctrl Pts',(276.747596314971,-61.6828750385832,7.48500451402076));
#9115=CARTESIAN_POINT('Ctrl Pts',(276.747596314971,-61.5101663829815,4.18952704933067));
#9116=CARTESIAN_POINT('Ctrl Pts',(278.797561841523,-60.2424900053448,7.56049189492531));
#9117=CARTESIAN_POINT('Ctrl Pts',(278.797561841523,-60.0697813497431,4.26501443023522));
#9118=CARTESIAN_POINT('Ctrl Pts',(281.300655241952,-60.0653370684799,7.56977608693987));
#9119=CARTESIAN_POINT('Ctrl Pts',(281.300655241952,-59.8926284128782,4.27429862224978));
#9120=CARTESIAN_POINT('Ctrl Pts',(282.581690417474,-59.9746735944233,7.57452755827726));
#9121=CARTESIAN_POINT('Ctrl Pts',(282.581690417474,-59.8019649388216,4.27905009358717));
#9122=CARTESIAN_POINT('',(275.746763812249,-62.2814267359711,5.45089105677872));
#9123=CARTESIAN_POINT('Ctrl Pts',(275.746763812249,-62.2814267359711,5.45089105677872));
#9124=CARTESIAN_POINT('Ctrl Pts',(276.747596314971,-61.5782031260973,5.48774544451161));
#9125=CARTESIAN_POINT('Ctrl Pts',(278.797561841523,-60.1378180928589,5.56323282541617));
#9126=CARTESIAN_POINT('Ctrl Pts',(281.300655241952,-59.9606651559941,5.57251701743072));
#9127=CARTESIAN_POINT('Ctrl Pts',(282.581690417474,-59.8700016819374,5.57726848876812));
#9128=CARTESIAN_POINT('',(275.746763812249,-62.2421747687889,4.70191890571279));
#9129=CARTESIAN_POINT('',(275.746763812249,-62.386098648457,7.44815012628787));
#9130=CARTESIAN_POINT('Ctrl Pts',(275.746763812249,-62.2421747687889,4.70191890571279));
#9131=CARTESIAN_POINT('Ctrl Pts',(276.747596314971,-61.5389511589151,4.73877329344568));
#9132=CARTESIAN_POINT('Ctrl Pts',(278.797561841523,-60.0985661256767,4.81426067435024));
#9133=CARTESIAN_POINT('Ctrl Pts',(281.300655241952,-59.9214131888118,4.82354486636479));
#9134=CARTESIAN_POINT('Ctrl Pts',(282.581690417474,-59.8307497147552,4.82829633770218));
#9135=CARTESIAN_POINT('Ctrl Pts',(272.390688525384,-71.316544802976,6.98012527532276));
#9136=CARTESIAN_POINT('Ctrl Pts',(272.390688525384,-71.1438361473743,3.68464781063266));
#9137=CARTESIAN_POINT('Ctrl Pts',(272.4746352138,-69.4898337099197,7.07585914710154));
#9138=CARTESIAN_POINT('Ctrl Pts',(272.4746352138,-69.317125054318,3.78038168241144));
#9139=CARTESIAN_POINT('Ctrl Pts',(272.629037515587,-66.1299823234015,7.25194149699));
#9140=CARTESIAN_POINT('Ctrl Pts',(272.629037515587,-65.9572736677998,3.95646403229991));
#9141=CARTESIAN_POINT('Ctrl Pts',(274.769874391211,-63.5591844191883,7.38667130613531));
#9142=CARTESIAN_POINT('Ctrl Pts',(274.769874391211,-63.3864757635866,4.09119384144521));
#9143=CARTESIAN_POINT('Ctrl Pts',(275.746763812249,-62.386098648457,7.44815012628787));
#9144=CARTESIAN_POINT('Ctrl Pts',(275.746763812249,-62.2133899928553,4.15267266159778));
#9145=CARTESIAN_POINT('',(272.390688525384,-71.2118728904901,4.98286620581361));
#9146=CARTESIAN_POINT('Ctrl Pts',(272.390688525384,-71.2118728904901,4.98286620581361));
#9147=CARTESIAN_POINT('Ctrl Pts',(272.4746352138,-69.3851617974339,5.07860007759239));
#9148=CARTESIAN_POINT('Ctrl Pts',(272.629037515587,-66.0253104109157,5.25468242748085));
#9149=CARTESIAN_POINT('Ctrl Pts',(274.769874391211,-63.4545125067025,5.38941223662616));
#9150=CARTESIAN_POINT('Ctrl Pts',(275.746763812249,-62.2814267359711,5.45089105677872));
#9151=CARTESIAN_POINT('',(272.390688525384,-71.1726209233079,4.23389405474768));
#9152=CARTESIAN_POINT('',(272.390688525384,-71.316544802976,6.98012527532276));
#9153=CARTESIAN_POINT('Ctrl Pts',(272.390688525384,-71.1726209233079,4.23389405474768));
#9154=CARTESIAN_POINT('Ctrl Pts',(272.4746352138,-69.3459098302516,4.32962792652646));
#9155=CARTESIAN_POINT('Ctrl Pts',(272.629037515587,-65.9860584437334,4.50571027641492));
#9156=CARTESIAN_POINT('Ctrl Pts',(274.769874391211,-63.4152605395202,4.64044008556023));
#9157=CARTESIAN_POINT('Ctrl Pts',(275.746763812249,-62.2421747687889,4.70191890571279));
#9158=CARTESIAN_POINT('Ctrl Pts',(275.204466448968,-79.7360958794604,6.53887530084407));
#9159=CARTESIAN_POINT('Ctrl Pts',(275.204466448968,-79.5633872238587,3.24339783615398));
#9160=CARTESIAN_POINT('Ctrl Pts',(274.385317377838,-78.5881235425462,6.59903798170011));
#9161=CARTESIAN_POINT('Ctrl Pts',(274.385317377838,-78.4154148869445,3.30356051701001));
#9162=CARTESIAN_POINT('Ctrl Pts',(272.596357699769,-76.081038697237,6.73042873091693));
#9163=CARTESIAN_POINT('Ctrl Pts',(272.596357699769,-75.9083300416353,3.43495126622684));
#9164=CARTESIAN_POINT('Ctrl Pts',(272.462988907885,-72.9914420354356,6.89234763084224));
#9165=CARTESIAN_POINT('Ctrl Pts',(272.462988907885,-72.8187333798339,3.59687016615214));
#9166=CARTESIAN_POINT('Ctrl Pts',(272.390688525384,-71.316544802976,6.98012527532276));
#9167=CARTESIAN_POINT('Ctrl Pts',(272.390688525384,-71.1438361473743,3.68464781063266));
#9168=CARTESIAN_POINT('Ctrl Pts',(275.204466448968,-79.6314239669746,4.54161623133492));
#9169=CARTESIAN_POINT('Ctrl Pts',(274.385317377838,-78.4834516300603,4.60177891219096));
#9170=CARTESIAN_POINT('Ctrl Pts',(272.596357699769,-75.9763667847511,4.73316966140778));
#9171=CARTESIAN_POINT('Ctrl Pts',(272.462988907885,-72.8867701229498,4.89508856133309));
#9172=CARTESIAN_POINT('Ctrl Pts',(272.390688525384,-71.2118728904901,4.98286620581361));
#9173=CARTESIAN_POINT('Ctrl Pts',(275.204466448968,-79.5921719997923,3.79264408026899));
#9174=CARTESIAN_POINT('Ctrl Pts',(274.385317377838,-78.4441996628781,3.85280676112503));
#9175=CARTESIAN_POINT('Ctrl Pts',(272.596357699769,-75.9371148175689,3.98419751034185));
#9176=CARTESIAN_POINT('Ctrl Pts',(272.462988907885,-72.8475181557675,4.14611641026716));
#9177=CARTESIAN_POINT('Ctrl Pts',(272.390688525384,-71.1726209233079,4.23389405474768));
#9178=CARTESIAN_POINT('Origin',(230.368184612935,-71.2032752470287,4.23228752971605));
#9179=CARTESIAN_POINT('Ctrl Pts',(328.359316455071,-59.9746735944233,7.57452755827726));
#9180=CARTESIAN_POINT('Ctrl Pts',(328.359316455071,-59.8019649388216,4.27905009358716));
#9181=CARTESIAN_POINT('Ctrl Pts',(328.997417976516,-60.0334212835281,7.57144872235327));
#9182=CARTESIAN_POINT('Ctrl Pts',(328.997417976516,-59.8607126279264,4.27597125766317));
#9183=CARTESIAN_POINT('Ctrl Pts',(330.342372112027,-60.1572463250893,7.56495932690541));
#9184=CARTESIAN_POINT('Ctrl Pts',(330.342372112027,-59.9845376694876,4.26948186221532));
#9185=CARTESIAN_POINT('Ctrl Pts',(331.524067082041,-60.8145157262687,7.53051329719891));
#9186=CARTESIAN_POINT('Ctrl Pts',(331.524067082041,-60.641807070667,4.23503583250881));
#9187=CARTESIAN_POINT('Ctrl Pts',(332.145117388909,-61.1599495088065,7.51240987976676));
#9188=CARTESIAN_POINT('Ctrl Pts',(332.145117388909,-60.9872408532048,4.21693241507667));
#9189=CARTESIAN_POINT('',(328.359316455071,-59.8700016819374,5.57726848876811));
#9190=CARTESIAN_POINT('',(332.145117388909,-61.0552775963206,5.51515081025761));
#9191=CARTESIAN_POINT('Ctrl Pts',(328.359316455071,-59.8700016819374,5.57726848876811));
#9192=CARTESIAN_POINT('Ctrl Pts',(328.997417976516,-59.9287493710422,5.57418965284412));
#9193=CARTESIAN_POINT('Ctrl Pts',(330.342372112027,-60.0525744126034,5.56770025739627));
#9194=CARTESIAN_POINT('Ctrl Pts',(331.524067082041,-60.7098438137828,5.53325422768976));
#9195=CARTESIAN_POINT('Ctrl Pts',(332.145117388909,-61.0552775963206,5.51515081025761));
#9196=CARTESIAN_POINT('',(328.359316455071,-59.8307497147552,4.82829633770218));
#9197=CARTESIAN_POINT('',(328.359316455071,-59.9746735944233,7.57452755827726));
#9198=CARTESIAN_POINT('',(332.145117388909,-61.0160256291384,4.76617865919168));
#9199=CARTESIAN_POINT('Ctrl Pts',(328.359316455071,-59.8307497147552,4.82829633770218));
#9200=CARTESIAN_POINT('Ctrl Pts',(328.997417976516,-59.88949740386,4.82521750177819));
#9201=CARTESIAN_POINT('Ctrl Pts',(330.342372112027,-60.0133224454212,4.81872810633034));
#9202=CARTESIAN_POINT('Ctrl Pts',(331.524067082041,-60.6705918466006,4.78428207662383));
#9203=CARTESIAN_POINT('Ctrl Pts',(332.145117388909,-61.0160256291384,4.76617865919168));
#9204=CARTESIAN_POINT('',(332.145117388909,-61.1599495088065,7.51240987976676));
#9205=CARTESIAN_POINT('Origin',(332.145117388909,-61.1599495088065,7.51240987976676));
#9206=CARTESIAN_POINT('',(330.876368151849,-64.4680573842491,5.33629460039023));
#9207=CARTESIAN_POINT('',(323.236669997721,-85.0179081228289,4.25932255858331));
#9208=CARTESIAN_POINT('',(330.876368151849,-64.428805417067,4.5873224493243));
#9209=CARTESIAN_POINT('',(332.145117388909,-61.0160256291384,4.76617865919168));
#9210=CARTESIAN_POINT('',(330.876368151849,-64.572729296735,7.33355366989938));
#9211=CARTESIAN_POINT('Ctrl Pts',(330.876368151849,-64.572729296735,7.33355366989938));
#9212=CARTESIAN_POINT('Ctrl Pts',(330.876368151849,-64.4000206411333,4.03807620520928));
#9213=CARTESIAN_POINT('Ctrl Pts',(330.435764105597,-64.3403799156902,7.34573058497772));
#9214=CARTESIAN_POINT('Ctrl Pts',(330.435764105597,-64.1676712600885,4.05025312028763));
#9215=CARTESIAN_POINT('Ctrl Pts',(329.587970687319,-63.8933021421952,7.36916093825341));
#9216=CARTESIAN_POINT('Ctrl Pts',(329.587970687319,-63.7205934865934,4.07368347356331));
#9217=CARTESIAN_POINT('Ctrl Pts',(328.633546345396,-63.8138796334061,7.37332329556413));
#9218=CARTESIAN_POINT('Ctrl Pts',(328.633546345396,-63.6411709778044,4.07784583087403));
#9219=CARTESIAN_POINT('Ctrl Pts',(328.175142871087,-63.7757335464214,7.37532244727134));
#9220=CARTESIAN_POINT('Ctrl Pts',(328.175142871087,-63.6030248908197,4.07984498258124));
#9221=CARTESIAN_POINT('',(328.175142871087,-63.6710616339356,5.37806337776219));
#9222=CARTESIAN_POINT('Ctrl Pts',(330.876368151849,-64.4680573842491,5.33629460039023));
#9223=CARTESIAN_POINT('Ctrl Pts',(330.435764105597,-64.2357080032043,5.34847151546858));
#9224=CARTESIAN_POINT('Ctrl Pts',(329.587970687319,-63.7886302297093,5.37190186874426));
#9225=CARTESIAN_POINT('Ctrl Pts',(328.633546345396,-63.7092077209202,5.37606422605498));
#9226=CARTESIAN_POINT('Ctrl Pts',(328.175142871087,-63.6710616339356,5.37806337776219));
#9227=CARTESIAN_POINT('',(328.175142871087,-63.6318096667533,4.62909122669626));
#9228=CARTESIAN_POINT('Ctrl Pts',(330.876368151849,-64.428805417067,4.5873224493243));
#9229=CARTESIAN_POINT('Ctrl Pts',(330.435764105597,-64.1964560360221,4.59949936440265));
#9230=CARTESIAN_POINT('Ctrl Pts',(329.587970687319,-63.7493782625271,4.62292971767833));
#9231=CARTESIAN_POINT('Ctrl Pts',(328.633546345396,-63.669955753738,4.62709207498905));
#9232=CARTESIAN_POINT('Ctrl Pts',(328.175142871087,-63.6318096667533,4.62909122669626));
#9233=CARTESIAN_POINT('',(328.175142871087,-63.7757335464214,7.37532244727134));
#9234=CARTESIAN_POINT('Ctrl Pts',(328.175142871087,-63.7757335464214,7.37532244727134));
#9235=CARTESIAN_POINT('Ctrl Pts',(328.175142871087,-63.6030248908197,4.07984498258124));
#9236=CARTESIAN_POINT('Ctrl Pts',(327.782993352469,-63.8059059314708,7.37374117957523));
#9237=CARTESIAN_POINT('Ctrl Pts',(327.782993352469,-63.6331972758691,4.07826371488513));
#9238=CARTESIAN_POINT('Ctrl Pts',(326.999050413918,-63.8662233029724,7.37058008008264));
#9239=CARTESIAN_POINT('Ctrl Pts',(326.999050413918,-63.6935146473707,4.07510261539254));
#9240=CARTESIAN_POINT('Ctrl Pts',(326.336898206807,-64.2896079595966,7.34839143044645));
#9241=CARTESIAN_POINT('Ctrl Pts',(326.336898206807,-64.1168993039949,4.05291396575636));
#9242=CARTESIAN_POINT('Ctrl Pts',(326.005972491448,-64.5012041286653,7.33730214512076));
#9243=CARTESIAN_POINT('Ctrl Pts',(326.005972491448,-64.3284954730636,4.04182468043067));
#9244=CARTESIAN_POINT('',(326.005972491448,-64.3965322161794,5.34004307561161));
#9245=CARTESIAN_POINT('Ctrl Pts',(328.175142871087,-63.6710616339356,5.37806337776219));
#9246=CARTESIAN_POINT('Ctrl Pts',(327.782993352469,-63.7012340189849,5.37648211006608));
#9247=CARTESIAN_POINT('Ctrl Pts',(326.999050413918,-63.7615513904865,5.37332101057349));
#9248=CARTESIAN_POINT('Ctrl Pts',(326.336898206807,-64.1849360471107,5.3511323609373));
#9249=CARTESIAN_POINT('Ctrl Pts',(326.005972491448,-64.3965322161794,5.34004307561161));
#9250=CARTESIAN_POINT('',(326.005972491448,-64.3572802489972,4.59107092454568));
#9251=CARTESIAN_POINT('Ctrl Pts',(328.175142871087,-63.6318096667533,4.62909122669626));
#9252=CARTESIAN_POINT('Ctrl Pts',(327.782993352469,-63.6619820518027,4.62750995900015));
#9253=CARTESIAN_POINT('Ctrl Pts',(326.999050413918,-63.7222994233043,4.62434885950756));
#9254=CARTESIAN_POINT('Ctrl Pts',(326.336898206807,-64.1456840799285,4.60216020987137));
#9255=CARTESIAN_POINT('Ctrl Pts',(326.005972491448,-64.3572802489972,4.59107092454568));
#9256=CARTESIAN_POINT('',(326.005972491448,-64.5012041286653,7.33730214512076));
#9257=CARTESIAN_POINT('Ctrl Pts',(326.005972491448,-64.5012041286653,7.33730214512076));
#9258=CARTESIAN_POINT('Ctrl Pts',(326.005972491448,-64.3284954730636,4.04182468043067));
#9259=CARTESIAN_POINT('Ctrl Pts',(325.706454219065,-64.7727240790826,7.32307238748835));
#9260=CARTESIAN_POINT('Ctrl Pts',(325.706454219065,-64.6000154234809,4.02759492279825));
#9261=CARTESIAN_POINT('Ctrl Pts',(325.088302670036,-65.3330921548179,7.29370474105795));
#9262=CARTESIAN_POINT('Ctrl Pts',(325.088302670036,-65.1603834992162,3.99822727636786));
#9263=CARTESIAN_POINT('Ctrl Pts',(324.789114143602,-66.112417807654,7.2528620142545));
#9264=CARTESIAN_POINT('Ctrl Pts',(324.789114143602,-65.9397091520523,3.95738454956441));
#9265=CARTESIAN_POINT('Ctrl Pts',(324.634894000237,-66.5141301170831,7.23180916420666));
#9266=CARTESIAN_POINT('Ctrl Pts',(324.634894000237,-66.3414214614814,3.93633169951657));
#9267=CARTESIAN_POINT('',(324.634894000237,-66.4094582045972,5.23455009469752));
#9268=CARTESIAN_POINT('Ctrl Pts',(326.005972491448,-64.3965322161794,5.34004307561161));
#9269=CARTESIAN_POINT('Ctrl Pts',(325.706454219065,-64.6680521665967,5.3258133179792));
#9270=CARTESIAN_POINT('Ctrl Pts',(325.088302670036,-65.228420242332,5.2964456715488));
#9271=CARTESIAN_POINT('Ctrl Pts',(324.789114143602,-66.0077458951682,5.25560294474535));
#9272=CARTESIAN_POINT('Ctrl Pts',(324.634894000237,-66.4094582045972,5.23455009469752));
#9273=CARTESIAN_POINT('',(324.634894000237,-66.370206237415,4.48557794363159));
#9274=CARTESIAN_POINT('Ctrl Pts',(326.005972491448,-64.3572802489972,4.59107092454568));
#9275=CARTESIAN_POINT('Ctrl Pts',(325.706454219065,-64.6288001994145,4.57684116691327));
#9276=CARTESIAN_POINT('Ctrl Pts',(325.088302670036,-65.1891682751498,4.54747352048287));
#9277=CARTESIAN_POINT('Ctrl Pts',(324.789114143602,-65.9684939279859,4.50663079367942));
#9278=CARTESIAN_POINT('Ctrl Pts',(324.634894000237,-66.370206237415,4.48557794363159));
#9279=CARTESIAN_POINT('',(324.634894000237,-66.5141301170831,7.23180916420666));
#9280=CARTESIAN_POINT('Ctrl Pts',(324.634894000237,-66.5141301170831,7.23180916420666));
#9281=CARTESIAN_POINT('Ctrl Pts',(324.634894000237,-66.3414214614814,3.93633169951657));
#9282=CARTESIAN_POINT('Ctrl Pts',(324.455887020132,-67.1950248504833,7.19612498330364));
#9283=CARTESIAN_POINT('Ctrl Pts',(324.455887020132,-67.0223161948816,3.90064751861355));
#9284=CARTESIAN_POINT('Ctrl Pts',(324.086108168509,-68.6015648214125,7.12241134695441));
#9285=CARTESIAN_POINT('Ctrl Pts',(324.086108168509,-68.4288561658108,3.82693388226431));
#9286=CARTESIAN_POINT('Ctrl Pts',(324.043142188858,-70.0555349098631,7.04621200347474));
#9287=CARTESIAN_POINT('Ctrl Pts',(324.043142188858,-69.8828262542614,3.75073453878465));
#9288=CARTESIAN_POINT('Ctrl Pts',(324.020975695794,-70.8056497249414,7.00690015180918));
#9289=CARTESIAN_POINT('Ctrl Pts',(324.020975695794,-70.6329410693397,3.71142268711909));
#9290=CARTESIAN_POINT('',(324.020975695794,-70.7009778124555,5.00964108230003));
#9291=CARTESIAN_POINT('Ctrl Pts',(324.634894000237,-66.4094582045972,5.23455009469752));
#9292=CARTESIAN_POINT('Ctrl Pts',(324.455887020132,-67.0903529379974,5.19886591379449));
#9293=CARTESIAN_POINT('Ctrl Pts',(324.086108168509,-68.4968929089266,5.12515227744526));
#9294=CARTESIAN_POINT('Ctrl Pts',(324.043142188858,-69.9508629973772,5.0489529339656));
#9295=CARTESIAN_POINT('Ctrl Pts',(324.020975695794,-70.7009778124555,5.00964108230003));
#9296=CARTESIAN_POINT('',(324.020975695794,-70.6617258452733,4.2606689312341));
#9297=CARTESIAN_POINT('Ctrl Pts',(324.634894000237,-66.370206237415,4.48557794363159));
#9298=CARTESIAN_POINT('Ctrl Pts',(324.455887020132,-67.0511009708152,4.44989376272856));
#9299=CARTESIAN_POINT('Ctrl Pts',(324.086108168509,-68.4576409417444,4.37618012637933));
#9300=CARTESIAN_POINT('Ctrl Pts',(324.043142188858,-69.911611030195,4.29998078289967));
#9301=CARTESIAN_POINT('Ctrl Pts',(324.020975695794,-70.6617258452733,4.2606689312341));
#9302=CARTESIAN_POINT('',(324.020975695794,-70.8056497249414,7.00690015180918));
#9303=CARTESIAN_POINT('Origin',(324.020975695794,-70.8056497249414,7.00690015180918));
#9304=CARTESIAN_POINT('',(324.020975695794,-82.0632844431827,4.41416782425065));
#9305=CARTESIAN_POINT('',(324.020975695794,-78.0413506443326,4.62494844307179));
#9306=CARTESIAN_POINT('',(324.020975695794,-82.0240324760005,3.66519567318472));
#9307=CARTESIAN_POINT('',(324.020975695794,-70.6617258452733,4.2606689312341));
#9308=CARTESIAN_POINT('',(324.020975695794,-82.1679563556686,6.4114268937598));
#9309=CARTESIAN_POINT('Ctrl Pts',(325.99573002929,-60.7103630782135,7.53597170618993));
#9310=CARTESIAN_POINT('Ctrl Pts',(325.99573002929,-60.5376544226118,4.24049424149983));
#9311=CARTESIAN_POINT('Ctrl Pts',(326.362204700433,-60.4957880508763,7.54721710686227));
#9312=CARTESIAN_POINT('Ctrl Pts',(326.362204700433,-60.3230793952745,4.25173964217218));
#9313=CARTESIAN_POINT('Ctrl Pts',(327.093120739606,-60.0678285179634,7.56964551560524));
#9314=CARTESIAN_POINT('Ctrl Pts',(327.093120739606,-59.8951198623617,4.27416805091515));
#9315=CARTESIAN_POINT('Ctrl Pts',(327.938034692878,-60.0056675946925,7.57290323155205));
#9316=CARTESIAN_POINT('Ctrl Pts',(327.938034692878,-59.8329589390908,4.27742576686196));
#9317=CARTESIAN_POINT('Ctrl Pts',(328.359316455071,-59.9746735944233,7.57452755827726));
#9318=CARTESIAN_POINT('Ctrl Pts',(328.359316455071,-59.8019649388216,4.27905009358716));
#9319=CARTESIAN_POINT('',(325.99573002929,-60.6056911657277,5.53871263668078));
#9320=CARTESIAN_POINT('Ctrl Pts',(325.99573002929,-60.6056911657277,5.53871263668078));
#9321=CARTESIAN_POINT('Ctrl Pts',(326.362204700433,-60.3911161383904,5.54995803735312));
#9322=CARTESIAN_POINT('Ctrl Pts',(327.093120739606,-59.9631566054775,5.57238644609609));
#9323=CARTESIAN_POINT('Ctrl Pts',(327.938034692878,-59.9009956822066,5.5756441620429));
#9324=CARTESIAN_POINT('Ctrl Pts',(328.359316455071,-59.8700016819374,5.57726848876811));
#9325=CARTESIAN_POINT('',(325.99573002929,-60.5664391985454,4.78974048561485));
#9326=CARTESIAN_POINT('',(325.99573002929,-60.7103630782135,7.53597170618993));
#9327=CARTESIAN_POINT('Ctrl Pts',(325.99573002929,-60.5664391985454,4.78974048561485));
#9328=CARTESIAN_POINT('Ctrl Pts',(326.362204700433,-60.3518641712082,4.80098588628719));
#9329=CARTESIAN_POINT('Ctrl Pts',(327.093120739606,-59.9239046382953,4.82341429503016));
#9330=CARTESIAN_POINT('Ctrl Pts',(327.938034692878,-59.8617437150244,4.82667201097697));
#9331=CARTESIAN_POINT('Ctrl Pts',(328.359316455071,-59.8307497147552,4.82829633770218));
#9332=CARTESIAN_POINT('Ctrl Pts',(323.652628527825,-63.7552969337878,7.37639348475553));
#9333=CARTESIAN_POINT('Ctrl Pts',(323.652628527825,-63.5825882781861,4.08091602006544));
#9334=CARTESIAN_POINT('Ctrl Pts',(324.02190807949,-63.086801358034,7.41142785334132));
#9335=CARTESIAN_POINT('Ctrl Pts',(324.02190807949,-62.9140927024323,4.11595038865123));
#9336=CARTESIAN_POINT('Ctrl Pts',(324.650007699117,-61.9497716607198,7.47101705475643));
#9337=CARTESIAN_POINT('Ctrl Pts',(324.650007699117,-61.7770630051181,4.17553959006634));
#9338=CARTESIAN_POINT('Ctrl Pts',(325.603022606253,-61.0720461235291,7.51701670098061));
#9339=CARTESIAN_POINT('Ctrl Pts',(325.603022606253,-60.8993374679274,4.22153923629052));
#9340=CARTESIAN_POINT('Ctrl Pts',(325.99573002929,-60.7103630782135,7.53597170618993));
#9341=CARTESIAN_POINT('Ctrl Pts',(325.99573002929,-60.5376544226118,4.24049424149983));
#9342=CARTESIAN_POINT('',(323.652628527825,-63.6506250213019,5.37913441524638));
#9343=CARTESIAN_POINT('Ctrl Pts',(323.652628527825,-63.6506250213019,5.37913441524638));
#9344=CARTESIAN_POINT('Ctrl Pts',(324.02190807949,-62.9821294455481,5.41416878383218));
#9345=CARTESIAN_POINT('Ctrl Pts',(324.650007699117,-61.845099748234,5.47375798524728));
#9346=CARTESIAN_POINT('Ctrl Pts',(325.603022606253,-60.9673742110432,5.51975763147146));
#9347=CARTESIAN_POINT('Ctrl Pts',(325.99573002929,-60.6056911657277,5.53871263668078));
#9348=CARTESIAN_POINT('',(323.652628527825,-63.6113730541197,4.63016226418045));
#9349=CARTESIAN_POINT('',(323.652628527825,-63.7552969337878,7.37639348475553));
#9350=CARTESIAN_POINT('Ctrl Pts',(323.652628527825,-63.6113730541197,4.63016226418045));
#9351=CARTESIAN_POINT('Ctrl Pts',(324.02190807949,-62.9428774783659,4.66519663276625));
#9352=CARTESIAN_POINT('Ctrl Pts',(324.650007699117,-61.8058477810517,4.72478583418135));
#9353=CARTESIAN_POINT('Ctrl Pts',(325.603022606253,-60.928122243861,4.77078548040553));
#9354=CARTESIAN_POINT('Ctrl Pts',(325.99573002929,-60.5664391985454,4.78974048561485));
#9355=CARTESIAN_POINT('Origin',(323.652628527825,-60.4651332502835,7.5488236568857));
#9356=CARTESIAN_POINT('',(323.652628527825,-60.3604613377976,5.55156458737656));
#9357=CARTESIAN_POINT('',(323.652628527825,-68.8350209333922,5.10743173856965));
#9358=CARTESIAN_POINT('',(323.652628527825,-60.3212093706154,4.80259243631063));
#9359=CARTESIAN_POINT('',(323.652628527825,-60.4651332502835,7.5488236568857));
#9360=CARTESIAN_POINT('',(323.652628527825,-60.3212093706154,4.80259243631063));
#9361=CARTESIAN_POINT('Origin',(320.33748494262,-60.4651332502835,7.5488236568857));
#9362=CARTESIAN_POINT('',(320.33748494262,-60.3604613377976,5.55156458737656));
#9363=CARTESIAN_POINT('',(277.077676671848,-60.3604613377976,5.55156458737656));
#9364=CARTESIAN_POINT('',(320.33748494262,-60.3212093706154,4.80259243631063));
#9365=CARTESIAN_POINT('',(320.33748494262,-60.4651332502835,7.5488236568857));
#9366=CARTESIAN_POINT('',(320.33748494262,-60.3212093706154,4.80259243631063));
#9367=CARTESIAN_POINT('Origin',(320.33748494262,-82.1679563556686,6.4114268937598));
#9368=CARTESIAN_POINT('',(320.33748494262,-82.0632844431827,4.41416782425065));
#9369=CARTESIAN_POINT('',(320.33748494262,-67.18993909164,5.19364682463474));
#9370=CARTESIAN_POINT('',(320.33748494262,-82.0240324760005,3.66519567318472));
#9371=CARTESIAN_POINT('',(320.33748494262,-82.1679563556686,6.4114268937598));
#9372=CARTESIAN_POINT('',(320.33748494262,-82.0240324760005,3.66519567318472));
#9373=CARTESIAN_POINT('Origin',(324.020975695794,-82.1679563556686,6.4114268937598));
#9374=CARTESIAN_POINT('',(275.420104879246,-82.0632844431827,4.41416782425066));
#9375=CARTESIAN_POINT('',(324.020975695794,-82.0240324760005,3.66519567318472));
#9376=CARTESIAN_POINT('Origin',(230.368184612935,-71.2032752470287,4.23228752971605));
#9377=CARTESIAN_POINT('Ctrl Pts',(348.495749102776,-71.6435187005223,6.96298929946883));
#9378=CARTESIAN_POINT('Ctrl Pts',(348.495749102776,-71.4708100449206,3.66751183477873));
#9379=CARTESIAN_POINT('Ctrl Pts',(348.471220684944,-70.3220401827624,7.03224505395487));
#9380=CARTESIAN_POINT('Ctrl Pts',(348.471220684944,-70.1493315271607,3.73676758926477));
#9381=CARTESIAN_POINT('Ctrl Pts',(348.427942651788,-67.9904184900572,7.15444016899771));
#9382=CARTESIAN_POINT('Ctrl Pts',(348.427942651788,-67.8177098344554,3.85896270430762));
#9383=CARTESIAN_POINT('Ctrl Pts',(347.275897209191,-65.9765435442349,7.25998288266202));
#9384=CARTESIAN_POINT('Ctrl Pts',(347.275897209191,-65.8038348886331,3.96450541797192));
#9385=CARTESIAN_POINT('Ctrl Pts',(346.776789294427,-65.1040597969442,7.30570781831806));
#9386=CARTESIAN_POINT('Ctrl Pts',(346.776789294427,-64.9313511413425,4.01023035362797));
#9387=CARTESIAN_POINT('',(348.495749102776,-71.5388467880364,4.96573022995968));
#9388=CARTESIAN_POINT('',(346.776789294427,-64.9993878844583,5.30844874880892));
#9389=CARTESIAN_POINT('Ctrl Pts',(348.495749102776,-71.5388467880364,4.96573022995968));
#9390=CARTESIAN_POINT('Ctrl Pts',(348.471220684944,-70.2173682702765,5.03498598444572));
#9391=CARTESIAN_POINT('Ctrl Pts',(348.427942651788,-67.8857465775713,5.15718109948857));
#9392=CARTESIAN_POINT('Ctrl Pts',(347.275897209191,-65.871871631749,5.26272381315287));
#9393=CARTESIAN_POINT('Ctrl Pts',(346.776789294427,-64.9993878844583,5.30844874880892));
#9394=CARTESIAN_POINT('',(348.495749102776,-71.4995948208542,4.21675807889375));
#9395=CARTESIAN_POINT('',(348.495749102776,-71.6435187005223,6.96298929946883));
#9396=CARTESIAN_POINT('',(346.776789294427,-64.9601359172761,4.55947659774299));
#9397=CARTESIAN_POINT('Ctrl Pts',(348.495749102776,-71.4995948208542,4.21675807889375));
#9398=CARTESIAN_POINT('Ctrl Pts',(348.471220684944,-70.1781163030943,4.28601383337979));
#9399=CARTESIAN_POINT('Ctrl Pts',(348.427942651788,-67.8464946103891,4.40820894842264));
#9400=CARTESIAN_POINT('Ctrl Pts',(347.275897209191,-65.8326196645668,4.51375166208694));
#9401=CARTESIAN_POINT('Ctrl Pts',(346.776789294427,-64.9601359172761,4.55947659774299));
#9402=CARTESIAN_POINT('',(346.776789294427,-65.1040597969442,7.30570781831806));
#9403=CARTESIAN_POINT('Ctrl Pts',(346.776789294427,-65.1040597969442,7.30570781831806));
#9404=CARTESIAN_POINT('Ctrl Pts',(346.776789294427,-64.9313511413425,4.01023035362797));
#9405=CARTESIAN_POINT('Ctrl Pts',(346.179584725403,-64.4961711499963,7.33756591235598));
#9406=CARTESIAN_POINT('Ctrl Pts',(346.179584725403,-64.3234624943946,4.04208844766588));
#9407=CARTESIAN_POINT('Ctrl Pts',(345.009440096851,-63.3050924612546,7.39998770138429));
#9408=CARTESIAN_POINT('Ctrl Pts',(345.009440096851,-63.1323838056529,4.10451023669419));
#9409=CARTESIAN_POINT('Ctrl Pts',(343.352210268235,-63.1134452270556,7.41003150733439));
#9410=CARTESIAN_POINT('Ctrl Pts',(343.352210268235,-62.9407365714539,4.1145540426443));
#9411=CARTESIAN_POINT('Ctrl Pts',(342.5407777893,-63.0196086404567,7.41494927445354));
#9412=CARTESIAN_POINT('Ctrl Pts',(342.5407777893,-62.846899984855,4.11947180976345));
#9413=CARTESIAN_POINT('',(342.5407777893,-62.9149367279708,5.41769020494439));
#9414=CARTESIAN_POINT('Ctrl Pts',(346.776789294427,-64.9993878844583,5.30844874880892));
#9415=CARTESIAN_POINT('Ctrl Pts',(346.179584725403,-64.3914992375104,5.34030684284683));
#9416=CARTESIAN_POINT('Ctrl Pts',(345.009440096851,-63.2004205487687,5.40272863187514));
#9417=CARTESIAN_POINT('Ctrl Pts',(343.352210268235,-63.0087733145697,5.41277243782524));
#9418=CARTESIAN_POINT('Ctrl Pts',(342.5407777893,-62.9149367279708,5.41769020494439));
#9419=CARTESIAN_POINT('',(342.5407777893,-62.8756847607886,4.66871805387846));
#9420=CARTESIAN_POINT('Ctrl Pts',(346.776789294427,-64.9601359172761,4.55947659774299));
#9421=CARTESIAN_POINT('Ctrl Pts',(346.179584725403,-64.3522472703282,4.5913346917809));
#9422=CARTESIAN_POINT('Ctrl Pts',(345.009440096851,-63.1611685815865,4.65375648080921));
#9423=CARTESIAN_POINT('Ctrl Pts',(343.352210268235,-62.9695213473875,4.66380028675932));
#9424=CARTESIAN_POINT('Ctrl Pts',(342.5407777893,-62.8756847607886,4.66871805387846));
#9425=CARTESIAN_POINT('',(342.5407777893,-63.0196086404567,7.41494927445354));
#9426=CARTESIAN_POINT('Ctrl Pts',(342.5407777893,-63.0196086404567,7.41494927445354));
#9427=CARTESIAN_POINT('Ctrl Pts',(342.5407777893,-62.846899984855,4.11947180976345));
#9428=CARTESIAN_POINT('Ctrl Pts',(341.751666351737,-63.1082750623682,7.41030246418419));
#9429=CARTESIAN_POINT('Ctrl Pts',(341.751666351737,-62.9355664067665,4.11482499949409));
#9430=CARTESIAN_POINT('Ctrl Pts',(340.147751647841,-63.2884947006555,7.40085755315836));
#9431=CARTESIAN_POINT('Ctrl Pts',(340.147751647841,-63.1157860450538,4.10538008846826));
#9432=CARTESIAN_POINT('Ctrl Pts',(339.013828205856,-64.4382380322972,7.34060205840153));
#9433=CARTESIAN_POINT('Ctrl Pts',(339.013828205856,-64.2655293766955,4.04512459371143));
#9434=CARTESIAN_POINT('Ctrl Pts',(338.437784777825,-65.0223181082464,7.30999171869756));
#9435=CARTESIAN_POINT('Ctrl Pts',(338.437784777825,-64.8496094526446,4.01451425400747));
#9436=CARTESIAN_POINT('',(338.437784777825,-64.9176461957605,5.31273264918842));
#9437=CARTESIAN_POINT('Ctrl Pts',(342.5407777893,-62.9149367279708,5.41769020494439));
#9438=CARTESIAN_POINT('Ctrl Pts',(341.751666351737,-63.0036031498823,5.41304339467504));
#9439=CARTESIAN_POINT('Ctrl Pts',(340.147751647841,-63.1838227881696,5.40359848364921));
#9440=CARTESIAN_POINT('Ctrl Pts',(339.013828205856,-64.3335661198114,5.34334298889238));
#9441=CARTESIAN_POINT('Ctrl Pts',(338.437784777825,-64.9176461957605,5.31273264918842));
#9442=CARTESIAN_POINT('',(338.437784777825,-64.8783942285783,4.56376049812249));
#9443=CARTESIAN_POINT('Ctrl Pts',(342.5407777893,-62.8756847607886,4.66871805387846));
#9444=CARTESIAN_POINT('Ctrl Pts',(341.751666351737,-62.9643511827001,4.66407124360911));
#9445=CARTESIAN_POINT('Ctrl Pts',(340.147751647841,-63.1445708209874,4.65462633258328));
#9446=CARTESIAN_POINT('Ctrl Pts',(339.013828205856,-64.2943141526291,4.59437083782645));
#9447=CARTESIAN_POINT('Ctrl Pts',(338.437784777825,-64.8783942285783,4.56376049812249));
#9448=CARTESIAN_POINT('',(338.437784777825,-65.0223181082464,7.30999171869756));
#9449=CARTESIAN_POINT('Ctrl Pts',(338.437784777825,-65.0223181082464,7.30999171869756));
#9450=CARTESIAN_POINT('Ctrl Pts',(338.437784777825,-64.8496094526446,4.01451425400747));
#9451=CARTESIAN_POINT('Ctrl Pts',(337.959534108639,-65.8634052919354,7.26591220721699));
#9452=CARTESIAN_POINT('Ctrl Pts',(337.959534108639,-65.6906966363337,3.9704347425269));
#9453=CARTESIAN_POINT('Ctrl Pts',(336.852968425208,-67.8094939734772,7.16392202112953));
#9454=CARTESIAN_POINT('Ctrl Pts',(336.852968425208,-67.6367853178755,3.86844455643944));
#9455=CARTESIAN_POINT('Ctrl Pts',(336.813089447271,-70.0594442093099,7.04600712577218));
#9456=CARTESIAN_POINT('Ctrl Pts',(336.813089447271,-69.8867355537082,3.75052966108209));
#9457=CARTESIAN_POINT('Ctrl Pts',(336.790445910638,-71.3369802251505,6.97905430022788));
#9458=CARTESIAN_POINT('Ctrl Pts',(336.790445910638,-71.1642715695488,3.68357683553778));
#9459=CARTESIAN_POINT('',(336.790445910638,-71.2323083126646,4.98179523071873));
#9460=CARTESIAN_POINT('Ctrl Pts',(338.437784777825,-64.9176461957605,5.31273264918842));
#9461=CARTESIAN_POINT('Ctrl Pts',(337.959534108639,-65.7587333794495,5.26865313770785));
#9462=CARTESIAN_POINT('Ctrl Pts',(336.852968425208,-67.7048220609913,5.16666295162038));
#9463=CARTESIAN_POINT('Ctrl Pts',(336.813089447271,-69.9547722968241,5.04874805626303));
#9464=CARTESIAN_POINT('Ctrl Pts',(336.790445910638,-71.2323083126646,4.98179523071873));
#9465=CARTESIAN_POINT('',(336.790445910638,-71.1930563454824,4.2328230796528));
#9466=CARTESIAN_POINT('Ctrl Pts',(338.437784777825,-64.8783942285783,4.56376049812249));
#9467=CARTESIAN_POINT('Ctrl Pts',(337.959534108639,-65.7194814122673,4.51968098664192));
#9468=CARTESIAN_POINT('Ctrl Pts',(336.852968425208,-67.6655700938091,4.41769080055445));
#9469=CARTESIAN_POINT('Ctrl Pts',(336.813089447271,-69.9155203296419,4.2997759051971));
#9470=CARTESIAN_POINT('Ctrl Pts',(336.790445910638,-71.1930563454824,4.2328230796528));
#9471=CARTESIAN_POINT('',(336.790445910638,-71.3369802251505,6.97905430022788));
#9472=CARTESIAN_POINT('Ctrl Pts',(334.08920155639,-65.4412502151185,7.28803641730603));
#9473=CARTESIAN_POINT('Ctrl Pts',(334.08920155639,-65.2685415595168,3.99255895261594));
#9474=CARTESIAN_POINT('Ctrl Pts',(334.485676475468,-64.6174042117753,7.33121235681246));
#9475=CARTESIAN_POINT('Ctrl Pts',(334.485676475468,-64.4446955561736,4.03573489212237));
#9476=CARTESIAN_POINT('Ctrl Pts',(335.257752175909,-63.0130871428293,7.41529105166179));
#9477=CARTESIAN_POINT('Ctrl Pts',(335.257752175909,-62.8403784872276,4.1198135869717));
#9478=CARTESIAN_POINT('Ctrl Pts',(336.660537247225,-61.9176527948612,7.47270033318917));
#9479=CARTESIAN_POINT('Ctrl Pts',(336.660537247225,-61.7449441392595,4.17722286849908));
#9480=CARTESIAN_POINT('Ctrl Pts',(337.342966662591,-61.3847439145622,7.50062890416585));
#9481=CARTESIAN_POINT('Ctrl Pts',(337.342966662591,-61.2120352589605,4.20515143947576));
#9482=CARTESIAN_POINT('',(334.08920155639,-65.3365783026326,5.29077734779688));
#9483=CARTESIAN_POINT('',(337.342966662591,-61.2800720020763,5.5033698346567));
#9484=CARTESIAN_POINT('Ctrl Pts',(334.08920155639,-65.3365783026326,5.29077734779688));
#9485=CARTESIAN_POINT('Ctrl Pts',(334.485676475468,-64.5127322992894,5.33395328730331));
#9486=CARTESIAN_POINT('Ctrl Pts',(335.257752175909,-62.9084152303435,5.41803198215264));
#9487=CARTESIAN_POINT('Ctrl Pts',(336.660537247225,-61.8129808823753,5.47544126368002));
#9488=CARTESIAN_POINT('Ctrl Pts',(337.342966662591,-61.2800720020763,5.5033698346567));
#9489=CARTESIAN_POINT('',(334.08920155639,-65.2973263354504,4.54180519673096));
#9490=CARTESIAN_POINT('',(334.08920155639,-65.4412502151185,7.28803641730603));
#9491=CARTESIAN_POINT('',(337.342966662591,-61.2408200348941,4.75439768359077));
#9492=CARTESIAN_POINT('Ctrl Pts',(334.08920155639,-65.2973263354504,4.54180519673096));
#9493=CARTESIAN_POINT('Ctrl Pts',(334.485676475468,-64.4734803321072,4.58498113623738));
#9494=CARTESIAN_POINT('Ctrl Pts',(335.257752175909,-62.8691632631613,4.66905983108671));
#9495=CARTESIAN_POINT('Ctrl Pts',(336.660537247225,-61.7737289151931,4.72646911261409));
#9496=CARTESIAN_POINT('Ctrl Pts',(337.342966662591,-61.2408200348941,4.75439768359077));
#9497=CARTESIAN_POINT('',(337.342966662591,-61.3847439145622,7.50062890416585));
#9498=CARTESIAN_POINT('Ctrl Pts',(337.342966662591,-61.3847439145622,7.50062890416585));
#9499=CARTESIAN_POINT('Ctrl Pts',(337.342966662591,-61.2120352589605,4.20515143947576));
#9500=CARTESIAN_POINT('Ctrl Pts',(338.091438411823,-60.9734841719192,7.52218211398628));
#9501=CARTESIAN_POINT('Ctrl Pts',(338.091438411823,-60.8007755163175,4.22670464929619));
#9502=CARTESIAN_POINT('Ctrl Pts',(339.60250927012,-60.1432021834054,7.565695349183));
#9503=CARTESIAN_POINT('Ctrl Pts',(339.60250927012,-59.9704935278037,4.27021788449291));
#9504=CARTESIAN_POINT('Ctrl Pts',(341.324068981467,-60.0311988393598,7.57156519571671));
#9505=CARTESIAN_POINT('Ctrl Pts',(341.324068981467,-59.8584901837581,4.27608773102661));
#9506=CARTESIAN_POINT('Ctrl Pts',(342.192896472161,-59.9746735944233,7.57452755827726));
#9507=CARTESIAN_POINT('Ctrl Pts',(342.192896472161,-59.8019649388216,4.27905009358716));
#9508=CARTESIAN_POINT('',(342.192896472161,-59.8700016819374,5.57726848876811));
#9509=CARTESIAN_POINT('Ctrl Pts',(337.342966662591,-61.2800720020763,5.5033698346567));
#9510=CARTESIAN_POINT('Ctrl Pts',(338.091438411823,-60.8688122594333,5.52492304447714));
#9511=CARTESIAN_POINT('Ctrl Pts',(339.60250927012,-60.0385302709195,5.56843627967385));
#9512=CARTESIAN_POINT('Ctrl Pts',(341.324068981467,-59.9265269268739,5.57430612620756));
#9513=CARTESIAN_POINT('Ctrl Pts',(342.192896472161,-59.8700016819374,5.57726848876811));
#9514=CARTESIAN_POINT('',(342.192896472161,-59.8307497147552,4.82829633770218));
#9515=CARTESIAN_POINT('Ctrl Pts',(337.342966662591,-61.2408200348941,4.75439768359077));
#9516=CARTESIAN_POINT('Ctrl Pts',(338.091438411823,-60.8295602922511,4.77595089341121));
#9517=CARTESIAN_POINT('Ctrl Pts',(339.60250927012,-59.9992783037373,4.81946412860792));
#9518=CARTESIAN_POINT('Ctrl Pts',(341.324068981467,-59.8872749596917,4.82533397514163));
#9519=CARTESIAN_POINT('Ctrl Pts',(342.192896472161,-59.8307497147552,4.82829633770218));
#9520=CARTESIAN_POINT('',(342.192896472161,-59.9746735944233,7.57452755827726));
#9521=CARTESIAN_POINT('Ctrl Pts',(342.192896472161,-59.9746735944233,7.57452755827726));
#9522=CARTESIAN_POINT('Ctrl Pts',(342.192896472161,-59.8019649388216,4.27905009358716));
#9523=CARTESIAN_POINT('Ctrl Pts',(342.82133304084,-60.0046635032079,7.57295585375695));
#9524=CARTESIAN_POINT('Ctrl Pts',(342.82133304084,-59.8319548476062,4.27747838906686));
#9525=CARTESIAN_POINT('Ctrl Pts',(344.040309179758,-60.0628348207902,7.5699072241845));
#9526=CARTESIAN_POINT('Ctrl Pts',(344.040309179758,-59.8901261651885,4.27442975949441));
#9527=CARTESIAN_POINT('Ctrl Pts',(345.153110860486,-60.5609897999046,7.54380002799032));
#9528=CARTESIAN_POINT('Ctrl Pts',(345.153110860486,-60.3882811443029,4.24832256330023));
#9529=CARTESIAN_POINT('Ctrl Pts',(345.692213641351,-60.8023236684577,7.53115225587367));
#9530=CARTESIAN_POINT('Ctrl Pts',(345.692213641351,-60.629615012856,4.23567479118357));
#9531=CARTESIAN_POINT('',(345.692213641351,-60.6976517559719,5.53389318636452));
#9532=CARTESIAN_POINT('Ctrl Pts',(342.192896472161,-59.8700016819374,5.57726848876811));
#9533=CARTESIAN_POINT('Ctrl Pts',(342.82133304084,-59.899991590722,5.57569678424781));
#9534=CARTESIAN_POINT('Ctrl Pts',(344.040309179758,-59.9581629083043,5.57264815467535));
#9535=CARTESIAN_POINT('Ctrl Pts',(345.153110860486,-60.4563178874187,5.54654095848117));
#9536=CARTESIAN_POINT('Ctrl Pts',(345.692213641351,-60.6976517559719,5.53389318636452));
#9537=CARTESIAN_POINT('',(345.692213641351,-60.6583997887897,4.78492103529859));
#9538=CARTESIAN_POINT('Ctrl Pts',(342.192896472161,-59.8307497147552,4.82829633770218));
#9539=CARTESIAN_POINT('Ctrl Pts',(342.82133304084,-59.8607396235398,4.82672463318188));
#9540=CARTESIAN_POINT('Ctrl Pts',(344.040309179758,-59.9189109411221,4.82367600360942));
#9541=CARTESIAN_POINT('Ctrl Pts',(345.153110860486,-60.4170659202365,4.79756880741524));
#9542=CARTESIAN_POINT('Ctrl Pts',(345.692213641351,-60.6583997887897,4.78492103529859));
#9543=CARTESIAN_POINT('',(345.692213641351,-60.8023236684577,7.53115225587367));
#9544=CARTESIAN_POINT('Ctrl Pts',(345.692213641351,-60.8023236684577,7.53115225587367));
#9545=CARTESIAN_POINT('Ctrl Pts',(345.692213641351,-60.629615012856,4.23567479118357));
#9546=CARTESIAN_POINT('Ctrl Pts',(346.177315490507,-61.0954753972737,7.51578882477344));
#9547=CARTESIAN_POINT('Ctrl Pts',(346.177315490507,-60.922766741672,4.22031136008334));
#9548=CARTESIAN_POINT('Ctrl Pts',(347.132453755542,-61.6726746681899,7.48553909278093));
#9549=CARTESIAN_POINT('Ctrl Pts',(347.132453755542,-61.4999660125882,4.19006162809084));
#9550=CARTESIAN_POINT('Ctrl Pts',(347.840406431813,-62.5342891044671,7.44038379357743));
#9551=CARTESIAN_POINT('Ctrl Pts',(347.840406431813,-62.3615804488654,4.14490632888734));
#9552=CARTESIAN_POINT('Ctrl Pts',(348.188799487298,-62.9583011834742,7.41816226212748));
#9553=CARTESIAN_POINT('Ctrl Pts',(348.188799487298,-62.7855925278725,4.12268479743739));
#9554=CARTESIAN_POINT('',(348.188799487298,-62.8536292709883,5.42090319261834));
#9555=CARTESIAN_POINT('Ctrl Pts',(345.692213641351,-60.6976517559719,5.53389318636452));
#9556=CARTESIAN_POINT('Ctrl Pts',(346.177315490507,-60.9908034847878,5.51852975526429));
#9557=CARTESIAN_POINT('Ctrl Pts',(347.132453755542,-61.568002755704,5.48828002327178));
#9558=CARTESIAN_POINT('Ctrl Pts',(347.840406431813,-62.4296171919812,5.44312472406828));
#9559=CARTESIAN_POINT('Ctrl Pts',(348.188799487298,-62.8536292709883,5.42090319261834));
#9560=CARTESIAN_POINT('',(348.188799487298,-62.8143773038061,4.67193104155241));
#9561=CARTESIAN_POINT('Ctrl Pts',(345.692213641351,-60.6583997887897,4.78492103529859));
#9562=CARTESIAN_POINT('Ctrl Pts',(346.177315490507,-60.9515515176056,4.76955760419836));
#9563=CARTESIAN_POINT('Ctrl Pts',(347.132453755542,-61.5287507885218,4.73930787220585));
#9564=CARTESIAN_POINT('Ctrl Pts',(347.840406431813,-62.390365224799,4.69415257300235));
#9565=CARTESIAN_POINT('Ctrl Pts',(348.188799487298,-62.8143773038061,4.67193104155241));
#9566=CARTESIAN_POINT('',(348.188799487298,-62.9583011834742,7.41816226212748));
#9567=CARTESIAN_POINT('Origin',(348.188799487298,-62.9583011834742,7.41816226212748));
#9568=CARTESIAN_POINT('',(348.188799487298,-52.1043960196271,5.9842466363176));
#9569=CARTESIAN_POINT('',(348.188799487298,-63.0619064325548,5.40998784910526));
#9570=CARTESIAN_POINT('',(348.188799487298,-52.0651440524449,5.23527448525167));
#9571=CARTESIAN_POINT('',(348.188799487298,-62.8143773038061,4.67193104155241));
#9572=CARTESIAN_POINT('',(348.188799487298,-52.209067932113,7.98150570582675));
#9573=CARTESIAN_POINT('Origin',(348.188799487298,-52.209067932113,7.98150570582675));
#9574=CARTESIAN_POINT('',(351.851824389642,-52.1043960196271,5.9842466363176));
#9575=CARTESIAN_POINT('',(291.177274602756,-52.1043960196272,5.98424663631761));
#9576=CARTESIAN_POINT('',(351.851824389642,-52.0651440524449,5.23527448525167));
#9577=CARTESIAN_POINT('',(348.188799487298,-52.0651440524449,5.23527448525167));
#9578=CARTESIAN_POINT('',(351.851824389642,-52.209067932113,7.98150570582675));
#9579=CARTESIAN_POINT('Ctrl Pts',(346.807497607415,-77.661861243601,6.64758133182142));
#9580=CARTESIAN_POINT('Ctrl Pts',(346.807497607415,-77.4891525879993,3.35210386713133));
#9581=CARTESIAN_POINT('Ctrl Pts',(347.298106265168,-76.8524072981369,6.69000301553509));
#9582=CARTESIAN_POINT('Ctrl Pts',(347.298106265168,-76.6796986425352,3.394525550845));
#9583=CARTESIAN_POINT('Ctrl Pts',(348.412743836635,-75.0133696747077,6.78638289339698));
#9584=CARTESIAN_POINT('Ctrl Pts',(348.412743836635,-74.840661019106,3.49090542870688));
#9585=CARTESIAN_POINT('Ctrl Pts',(348.46595748575,-72.8529999096695,6.89960307521285));
#9586=CARTESIAN_POINT('Ctrl Pts',(348.46595748575,-72.6802912540678,3.60412561052276));
#9587=CARTESIAN_POINT('Ctrl Pts',(348.495749102776,-71.6435187005223,6.96298929946883));
#9588=CARTESIAN_POINT('Ctrl Pts',(348.495749102776,-71.4708100449206,3.66751183477873));
#9589=CARTESIAN_POINT('',(346.807497607415,-77.5571893311151,4.65032226231227));
#9590=CARTESIAN_POINT('Ctrl Pts',(346.807497607415,-77.5571893311151,4.65032226231227));
#9591=CARTESIAN_POINT('Ctrl Pts',(347.298106265168,-76.747735385651,4.69274394602594));
#9592=CARTESIAN_POINT('Ctrl Pts',(348.412743836635,-74.9086977622218,4.78912382388783));
#9593=CARTESIAN_POINT('Ctrl Pts',(348.46595748575,-72.7483279971836,4.90234400570371));
#9594=CARTESIAN_POINT('Ctrl Pts',(348.495749102776,-71.5388467880364,4.96573022995968));
#9595=CARTESIAN_POINT('',(346.807497607415,-77.5179373639329,3.90135011124634));
#9596=CARTESIAN_POINT('',(346.807497607415,-77.661861243601,6.64758133182142));
#9597=CARTESIAN_POINT('Ctrl Pts',(346.807497607415,-77.5179373639329,3.90135011124634));
#9598=CARTESIAN_POINT('Ctrl Pts',(347.298106265168,-76.7084834184688,3.94377179496002));
#9599=CARTESIAN_POINT('Ctrl Pts',(348.412743836635,-74.8694457950396,4.0401516728219));
#9600=CARTESIAN_POINT('Ctrl Pts',(348.46595748575,-72.7090760300014,4.15337185463778));
#9601=CARTESIAN_POINT('Ctrl Pts',(348.495749102776,-71.4995948208542,4.21675807889375));
#9602=CARTESIAN_POINT('Ctrl Pts',(342.704485522454,-79.6339163876699,6.54423030109708));
#9603=CARTESIAN_POINT('Ctrl Pts',(342.704485522454,-79.4612077320682,3.24875283640698));
#9604=CARTESIAN_POINT('Ctrl Pts',(343.484781382795,-79.5450435173461,6.54888793086926));
#9605=CARTESIAN_POINT('Ctrl Pts',(343.484781382795,-79.3723348617444,3.25341046617916));
#9606=CARTESIAN_POINT('Ctrl Pts',(345.078924323679,-79.3634764143235,6.55840345952953));
#9607=CARTESIAN_POINT('Ctrl Pts',(345.078924323679,-79.1907677587218,3.26292599483943));
#9608=CARTESIAN_POINT('Ctrl Pts',(346.223278275958,-78.2369693323296,6.61744119404344));
#9609=CARTESIAN_POINT('Ctrl Pts',(346.223278275958,-78.0642606767279,3.32196372935335));
#9610=CARTESIAN_POINT('Ctrl Pts',(346.807497607415,-77.661861243601,6.64758133182142));
#9611=CARTESIAN_POINT('Ctrl Pts',(346.807497607415,-77.4891525879993,3.35210386713133));
#9612=CARTESIAN_POINT('',(342.704485522454,-79.529244475184,4.54697123158793));
#9613=CARTESIAN_POINT('Ctrl Pts',(342.704485522454,-79.529244475184,4.54697123158793));
#9614=CARTESIAN_POINT('Ctrl Pts',(343.484781382795,-79.4403716048602,4.55162886136011));
#9615=CARTESIAN_POINT('Ctrl Pts',(345.078924323679,-79.2588045018376,4.56114439002038));
#9616=CARTESIAN_POINT('Ctrl Pts',(346.223278275958,-78.1322974198437,4.6201821245343));
#9617=CARTESIAN_POINT('Ctrl Pts',(346.807497607415,-77.5571893311151,4.65032226231227));
#9618=CARTESIAN_POINT('',(342.704485522454,-79.4899925080018,3.797999080522));
#9619=CARTESIAN_POINT('',(342.704485522454,-79.6339163876699,6.54423030109708));
#9620=CARTESIAN_POINT('Ctrl Pts',(342.704485522454,-79.4899925080018,3.797999080522));
#9621=CARTESIAN_POINT('Ctrl Pts',(343.484781382795,-79.401119637678,3.80265671029418));
#9622=CARTESIAN_POINT('Ctrl Pts',(345.078924323679,-79.2195525346554,3.81217223895445));
#9623=CARTESIAN_POINT('Ctrl Pts',(346.223278275958,-78.0930454526615,3.87120997346836));
#9624=CARTESIAN_POINT('Ctrl Pts',(346.807497607415,-77.5179373639329,3.90135011124634));
#9625=CARTESIAN_POINT('Ctrl Pts',(338.550337420647,-77.5699006533568,6.65240078213768));
#9626=CARTESIAN_POINT('Ctrl Pts',(338.550337420647,-77.3971919977551,3.35692331744758));
#9627=CARTESIAN_POINT('Ctrl Pts',(339.147988328046,-78.1716735823101,6.62086319929859));
#9628=CARTESIAN_POINT('Ctrl Pts',(339.147988328046,-77.9989649267084,3.32538573460849));
#9629=CARTESIAN_POINT('Ctrl Pts',(340.301640952316,-79.3332829936034,6.55998582965843));
#9630=CARTESIAN_POINT('Ctrl Pts',(340.301640952316,-79.1605743380017,3.26450836496833));
#9631=CARTESIAN_POINT('Ctrl Pts',(341.923049372337,-79.5361465173356,6.54935420288209));
#9632=CARTESIAN_POINT('Ctrl Pts',(341.923049372337,-79.3634378617338,3.25387673819199));
#9633=CARTESIAN_POINT('Ctrl Pts',(342.704485522454,-79.6339163876699,6.54423030109708));
#9634=CARTESIAN_POINT('Ctrl Pts',(342.704485522454,-79.4612077320682,3.24875283640698));
#9635=CARTESIAN_POINT('',(338.550337420647,-77.4652287408709,4.65514171262853));
#9636=CARTESIAN_POINT('Ctrl Pts',(338.550337420647,-77.4652287408709,4.65514171262853));
#9637=CARTESIAN_POINT('Ctrl Pts',(339.147988328046,-78.0670016698242,4.62360412978944));
#9638=CARTESIAN_POINT('Ctrl Pts',(340.301640952316,-79.2286110811175,4.56272676014928));
#9639=CARTESIAN_POINT('Ctrl Pts',(341.923049372337,-79.4314746048497,4.55209513337294));
#9640=CARTESIAN_POINT('Ctrl Pts',(342.704485522454,-79.529244475184,4.54697123158793));
#9641=CARTESIAN_POINT('',(338.550337420647,-77.4259767736887,3.9061695615626));
#9642=CARTESIAN_POINT('',(338.550337420647,-77.5699006533568,6.65240078213768));
#9643=CARTESIAN_POINT('Ctrl Pts',(338.550337420647,-77.4259767736887,3.9061695615626));
#9644=CARTESIAN_POINT('Ctrl Pts',(339.147988328046,-78.027749702642,3.87463197872351));
#9645=CARTESIAN_POINT('Ctrl Pts',(340.301640952316,-79.1893591139353,3.81375460908335));
#9646=CARTESIAN_POINT('Ctrl Pts',(341.923049372337,-79.3922226376675,3.80312298230701));
#9647=CARTESIAN_POINT('Ctrl Pts',(342.704485522454,-79.4899925080018,3.797999080522));
#9648=CARTESIAN_POINT('Ctrl Pts',(336.790445910638,-71.3369802251505,6.97905430022788));
#9649=CARTESIAN_POINT('Ctrl Pts',(336.790445910638,-71.1642715695488,3.68357683553778));
#9650=CARTESIAN_POINT('Ctrl Pts',(336.823050236983,-72.5858635853229,6.9136030967377));
#9651=CARTESIAN_POINT('Ctrl Pts',(336.823050236983,-72.4131549297212,3.6181256320476));
#9652=CARTESIAN_POINT('Ctrl Pts',(336.881480906609,-74.824004936454,6.79630707880337));
#9653=CARTESIAN_POINT('Ctrl Pts',(336.881480906609,-74.6512962808523,3.50082961411328));
#9654=CARTESIAN_POINT('Ctrl Pts',(338.038801825797,-76.7282324888816,6.69651074153106));
#9655=CARTESIAN_POINT('Ctrl Pts',(338.038801825797,-76.5555238332799,3.40103327684096));
#9656=CARTESIAN_POINT('Ctrl Pts',(338.550337420647,-77.5699006533568,6.65240078213768));
#9657=CARTESIAN_POINT('Ctrl Pts',(338.550337420647,-77.3971919977551,3.35692331744758));
#9658=CARTESIAN_POINT('Ctrl Pts',(336.790445910638,-71.2323083126646,4.98179523071873));
#9659=CARTESIAN_POINT('Ctrl Pts',(336.823050236983,-72.481191672837,4.91634402722855));
#9660=CARTESIAN_POINT('Ctrl Pts',(336.881480906609,-74.7193330239681,4.79904800929422));
#9661=CARTESIAN_POINT('Ctrl Pts',(338.038801825797,-76.6235605763957,4.69925167202191));
#9662=CARTESIAN_POINT('Ctrl Pts',(338.550337420647,-77.4652287408709,4.65514171262853));
#9663=CARTESIAN_POINT('Ctrl Pts',(336.790445910638,-71.1930563454824,4.2328230796528));
#9664=CARTESIAN_POINT('Ctrl Pts',(336.823050236983,-72.4419397056548,4.16737187616262));
#9665=CARTESIAN_POINT('Ctrl Pts',(336.881480906609,-74.6800810567859,4.05007585822829));
#9666=CARTESIAN_POINT('Ctrl Pts',(338.038801825797,-76.5843086092135,3.95027952095598));
#9667=CARTESIAN_POINT('Ctrl Pts',(338.550337420647,-77.4259767736887,3.9061695615626));
#9668=CARTESIAN_POINT('Origin',(351.851824389642,-52.209067932113,7.98150570582675));
#9669=CARTESIAN_POINT('',(351.851824389642,-82.0632844431827,4.41416782425064));
#9670=CARTESIAN_POINT('',(351.851824389642,-78.0413506443326,4.62494844307178));
#9671=CARTESIAN_POINT('',(351.851824389642,-82.0240324760005,3.66519567318471));
#9672=CARTESIAN_POINT('',(351.851824389642,-52.0651440524449,5.23527448525167));
#9673=CARTESIAN_POINT('',(351.851824389642,-82.1679563556686,6.41142689375979));
#9674=CARTESIAN_POINT('Ctrl Pts',(333.004625903313,-71.3369802251505,6.97905430022788));
#9675=CARTESIAN_POINT('Ctrl Pts',(333.004625903313,-71.1642715695488,3.68357683553778));
#9676=CARTESIAN_POINT('Ctrl Pts',(333.043574998382,-70.2945147923517,7.0336875985402));
#9677=CARTESIAN_POINT('Ctrl Pts',(333.043574998382,-70.12180613675,3.7382101338501));
#9678=CARTESIAN_POINT('Ctrl Pts',(333.118997943629,-68.2758334052589,7.13948220711773));
#9679=CARTESIAN_POINT('Ctrl Pts',(333.118997943629,-68.1031247496572,3.84400474242764));
#9680=CARTESIAN_POINT('Ctrl Pts',(333.772954240462,-66.3652102105911,7.23961372579695));
#9681=CARTESIAN_POINT('Ctrl Pts',(333.772954240462,-66.1925015549893,3.94413626110685));
#9682=CARTESIAN_POINT('Ctrl Pts',(334.08920155639,-65.4412502151185,7.28803641730603));
#9683=CARTESIAN_POINT('Ctrl Pts',(334.08920155639,-65.2685415595168,3.99255895261594));
#9684=CARTESIAN_POINT('',(333.004625903313,-71.2323083126646,4.98179523071873));
#9685=CARTESIAN_POINT('Ctrl Pts',(333.004625903313,-71.2323083126646,4.98179523071873));
#9686=CARTESIAN_POINT('Ctrl Pts',(333.043574998382,-70.1898428798658,5.03642852903105));
#9687=CARTESIAN_POINT('Ctrl Pts',(333.118997943629,-68.171161492773,5.14222313760859));
#9688=CARTESIAN_POINT('Ctrl Pts',(333.772954240462,-66.2605382981052,5.2423546562878));
#9689=CARTESIAN_POINT('Ctrl Pts',(334.08920155639,-65.3365783026326,5.29077734779688));
#9690=CARTESIAN_POINT('',(333.004625903313,-71.1930563454824,4.2328230796528));
#9691=CARTESIAN_POINT('',(333.004625903313,-71.3369802251505,6.97905430022788));
#9692=CARTESIAN_POINT('Ctrl Pts',(333.004625903313,-71.1930563454824,4.2328230796528));
#9693=CARTESIAN_POINT('Ctrl Pts',(333.043574998382,-70.1505909126836,4.28745637796512));
#9694=CARTESIAN_POINT('Ctrl Pts',(333.118997943629,-68.1319095255908,4.39325098654266));
#9695=CARTESIAN_POINT('Ctrl Pts',(333.772954240462,-66.221286330923,4.49338250522187));
#9696=CARTESIAN_POINT('Ctrl Pts',(334.08920155639,-65.2973263354504,4.54180519673096));
#9697=CARTESIAN_POINT('Ctrl Pts',(334.201754199212,-77.2327102351825,6.67007218314972));
#9698=CARTESIAN_POINT('Ctrl Pts',(334.201754199212,-77.0600015795808,3.37459471845962));
#9699=CARTESIAN_POINT('Ctrl Pts',(333.852761980675,-76.3242568226794,6.7176822090811));
#9700=CARTESIAN_POINT('Ctrl Pts',(333.852761980675,-76.1515481670777,3.42220474439101));
#9701=CARTESIAN_POINT('Ctrl Pts',(333.12405013825,-74.4273642135575,6.8170941382636));
#9702=CARTESIAN_POINT('Ctrl Pts',(333.12405013825,-74.2546555579557,3.5216166735735));
#9703=CARTESIAN_POINT('Ctrl Pts',(333.045537522075,-72.3956649354036,6.9235709856026));
#9704=CARTESIAN_POINT('Ctrl Pts',(333.045537522075,-72.2229562798019,3.6280935209125));
#9705=CARTESIAN_POINT('Ctrl Pts',(333.004625903313,-71.3369802251505,6.97905430022788));
#9706=CARTESIAN_POINT('Ctrl Pts',(333.004625903313,-71.1642715695488,3.68357683553778));
#9707=CARTESIAN_POINT('',(334.201754199212,-77.1280383226966,4.67281311364057));
#9708=CARTESIAN_POINT('Ctrl Pts',(334.201754199212,-77.1280383226966,4.67281311364057));
#9709=CARTESIAN_POINT('Ctrl Pts',(333.852761980675,-76.2195849101936,4.72042313957195));
#9710=CARTESIAN_POINT('Ctrl Pts',(333.12405013825,-74.3226923010716,4.81983506875445));
#9711=CARTESIAN_POINT('Ctrl Pts',(333.045537522075,-72.2909930229177,4.92631191609345));
#9712=CARTESIAN_POINT('Ctrl Pts',(333.004625903313,-71.2323083126646,4.98179523071873));
#9713=CARTESIAN_POINT('',(334.201754199212,-77.0887863555144,3.92384096257464));
#9714=CARTESIAN_POINT('',(334.201754199212,-77.2327102351825,6.67007218314972));
#9715=CARTESIAN_POINT('Ctrl Pts',(334.201754199212,-77.0887863555144,3.92384096257464));
#9716=CARTESIAN_POINT('Ctrl Pts',(333.852761980675,-76.1803329430114,3.97145098850602));
#9717=CARTESIAN_POINT('Ctrl Pts',(333.12405013825,-74.2834403338894,4.07086291768852));
#9718=CARTESIAN_POINT('Ctrl Pts',(333.045537522075,-72.2517410557355,4.17733976502752));
#9719=CARTESIAN_POINT('Ctrl Pts',(333.004625903313,-71.1930563454824,4.2328230796528));
#9720=CARTESIAN_POINT('Ctrl Pts',(337.578295336907,-81.2279102692155,6.46069262157452));
#9721=CARTESIAN_POINT('Ctrl Pts',(337.578295336907,-81.0552016136138,3.16521515688442));
#9722=CARTESIAN_POINT('Ctrl Pts',(336.888609752787,-80.6947918527836,6.4886321738746));
#9723=CARTESIAN_POINT('Ctrl Pts',(336.888609752787,-80.5220831971819,3.19315470918451));
#9724=CARTESIAN_POINT('Ctrl Pts',(335.478283597942,-79.604627198577,6.54576528245444));
#9725=CARTESIAN_POINT('Ctrl Pts',(335.478283597942,-79.4319185429753,3.25028781776434));
#9726=CARTESIAN_POINT('Ctrl Pts',(334.633445066746,-78.0348342541561,6.62803464460572));
#9727=CARTESIAN_POINT('Ctrl Pts',(334.633445066746,-77.8621255985544,3.33255717991563));
#9728=CARTESIAN_POINT('Ctrl Pts',(334.201754199212,-77.2327102351825,6.67007218314972));
#9729=CARTESIAN_POINT('Ctrl Pts',(334.201754199212,-77.0600015795808,3.37459471845962));
#9730=CARTESIAN_POINT('',(337.578295336907,-81.1232383567296,4.46343355206537));
#9731=CARTESIAN_POINT('Ctrl Pts',(337.578295336907,-81.1232383567296,4.46343355206537));
#9732=CARTESIAN_POINT('Ctrl Pts',(336.888609752787,-80.5901199402977,4.49137310436546));
#9733=CARTESIAN_POINT('Ctrl Pts',(335.478283597942,-79.4999552860911,4.54850621294529));
#9734=CARTESIAN_POINT('Ctrl Pts',(334.633445066746,-77.9301623416703,4.63077557509657));
#9735=CARTESIAN_POINT('Ctrl Pts',(334.201754199212,-77.1280383226966,4.67281311364057));
#9736=CARTESIAN_POINT('',(337.578295336907,-81.0839863895474,3.71446140099944));
#9737=CARTESIAN_POINT('',(337.578295336907,-81.2279102692155,6.46069262157452));
#9738=CARTESIAN_POINT('Ctrl Pts',(337.578295336907,-81.0839863895474,3.71446140099944));
#9739=CARTESIAN_POINT('Ctrl Pts',(336.888609752787,-80.5508679731155,3.74240095329952));
#9740=CARTESIAN_POINT('Ctrl Pts',(335.478283597942,-79.4607033189089,3.79953406187936));
#9741=CARTESIAN_POINT('Ctrl Pts',(334.633445066746,-77.890910374488,3.88180342403064));
#9742=CARTESIAN_POINT('Ctrl Pts',(334.201754199212,-77.0887863555144,3.92384096257464));
#9743=CARTESIAN_POINT('Ctrl Pts',(342.356604205315,-82.6584160115289,6.38572299236823));
#9744=CARTESIAN_POINT('Ctrl Pts',(342.356604205315,-82.4857073559272,3.09024552767814));
#9745=CARTESIAN_POINT('Ctrl Pts',(341.507443476475,-82.5985898360291,6.38885834936917));
#9746=CARTESIAN_POINT('Ctrl Pts',(341.507443476475,-82.4258811804274,3.09338088467908));
#9747=CARTESIAN_POINT('Ctrl Pts',(339.807536474764,-82.4788257782205,6.39513491767685));
#9748=CARTESIAN_POINT('Ctrl Pts',(339.807536474764,-82.3061171226188,3.09965745298675));
#9749=CARTESIAN_POINT('Ctrl Pts',(338.32183763184,-81.6451413047182,6.43882646955586));
#9750=CARTESIAN_POINT('Ctrl Pts',(338.32183763184,-81.4724326491164,3.14334900486577));
#9751=CARTESIAN_POINT('Ctrl Pts',(337.578295336907,-81.2279102692155,6.46069262157452));
#9752=CARTESIAN_POINT('Ctrl Pts',(337.578295336907,-81.0552016136138,3.16521515688442));
#9753=CARTESIAN_POINT('',(342.356604205315,-82.553744099043,4.38846392285908));
#9754=CARTESIAN_POINT('Ctrl Pts',(342.356604205315,-82.553744099043,4.38846392285908));
#9755=CARTESIAN_POINT('Ctrl Pts',(341.507443476475,-82.4939179235432,4.39159927986003));
#9756=CARTESIAN_POINT('Ctrl Pts',(339.807536474764,-82.3741538657346,4.3978758481677));
#9757=CARTESIAN_POINT('Ctrl Pts',(338.32183763184,-81.5404693922323,4.44156740004671));
#9758=CARTESIAN_POINT('Ctrl Pts',(337.578295336907,-81.1232383567296,4.46343355206537));
#9759=CARTESIAN_POINT('',(342.356604205315,-82.5144921318608,3.63949177179315));
#9760=CARTESIAN_POINT('',(342.356604205315,-82.6584160115289,6.38572299236823));
#9761=CARTESIAN_POINT('Ctrl Pts',(342.356604205315,-82.5144921318608,3.63949177179315));
#9762=CARTESIAN_POINT('Ctrl Pts',(341.507443476475,-82.454665956361,3.6426271287941));
#9763=CARTESIAN_POINT('Ctrl Pts',(339.807536474764,-82.3349018985524,3.64890369710177));
#9764=CARTESIAN_POINT('Ctrl Pts',(338.32183763184,-81.5012174250501,3.69259524898078));
#9765=CARTESIAN_POINT('Ctrl Pts',(337.578295336907,-81.0839863895474,3.71446140099944));
#9766=CARTESIAN_POINT('Ctrl Pts',(348.434370623772,-79.429559785007,6.55494017682446));
#9767=CARTESIAN_POINT('Ctrl Pts',(348.434370623772,-79.2568511294053,3.25946271213437));
#9768=CARTESIAN_POINT('Ctrl Pts',(347.655690492721,-80.371261820452,6.50558766440047));
#9769=CARTESIAN_POINT('Ctrl Pts',(347.655690492721,-80.1985531648503,3.21011019971038));
#9770=CARTESIAN_POINT('Ctrl Pts',(346.077240111788,-82.2801713679021,6.40554595416642));
#9771=CARTESIAN_POINT('Ctrl Pts',(346.077240111788,-82.1074627123004,3.11006848947633));
#9772=CARTESIAN_POINT('Ctrl Pts',(343.60781440427,-82.5312163693972,6.39238924313795));
#9773=CARTESIAN_POINT('Ctrl Pts',(343.60781440427,-82.3585077137955,3.09691177844786));
#9774=CARTESIAN_POINT('Ctrl Pts',(342.356604205315,-82.6584160115289,6.38572299236823));
#9775=CARTESIAN_POINT('Ctrl Pts',(342.356604205315,-82.4857073559272,3.09024552767814));
#9776=CARTESIAN_POINT('',(348.434370623772,-79.3248878725211,4.55768110731532));
#9777=CARTESIAN_POINT('Ctrl Pts',(348.434370623772,-79.3248878725211,4.55768110731532));
#9778=CARTESIAN_POINT('Ctrl Pts',(347.655690492721,-80.2665899079661,4.50832859489132));
#9779=CARTESIAN_POINT('Ctrl Pts',(346.077240111788,-82.1754994554162,4.40828688465727));
#9780=CARTESIAN_POINT('Ctrl Pts',(343.60781440427,-82.4265444569113,4.39513017362881));
#9781=CARTESIAN_POINT('Ctrl Pts',(342.356604205315,-82.553744099043,4.38846392285908));
#9782=CARTESIAN_POINT('',(348.434370623772,-79.2856359053389,3.80870895624939));
#9783=CARTESIAN_POINT('',(348.434370623772,-79.429559785007,6.55494017682446));
#9784=CARTESIAN_POINT('Ctrl Pts',(348.434370623772,-79.2856359053389,3.80870895624939));
#9785=CARTESIAN_POINT('Ctrl Pts',(347.655690492721,-80.2273379407839,3.75935644382539));
#9786=CARTESIAN_POINT('Ctrl Pts',(346.077240111788,-82.136247488234,3.65931473359134));
#9787=CARTESIAN_POINT('Ctrl Pts',(343.60781440427,-82.3872924897291,3.64615802256288));
#9788=CARTESIAN_POINT('Ctrl Pts',(342.356604205315,-82.5144921318608,3.63949177179315));
#9789=CARTESIAN_POINT('Origin',(348.434370623772,-82.1679563556686,6.41142689375979));
#9790=CARTESIAN_POINT('',(348.434370623772,-82.0632844431827,4.41416782425064));
#9791=CARTESIAN_POINT('',(348.434370623772,-76.6721523590018,4.69670508460412));
#9792=CARTESIAN_POINT('',(348.434370623772,-82.0240324760005,3.66519567318471));
#9793=CARTESIAN_POINT('',(348.434370623772,-82.1679563556686,6.41142689375979));
#9794=CARTESIAN_POINT('',(348.434370623772,-82.0240324760005,3.66519567318471));
#9795=CARTESIAN_POINT('Origin',(351.851824389642,-82.1679563556686,6.41142689375979));
#9796=CARTESIAN_POINT('',(289.468547719822,-82.0632844431827,4.41416782425065));
#9797=CARTESIAN_POINT('',(351.851824389642,-82.0240324760005,3.66519567318471));
#9798=CARTESIAN_POINT('Origin',(230.368184612935,-71.2032752470287,4.23228752971605));
#9799=CARTESIAN_POINT('Ctrl Pts',(300.866144763177,-78.7960497930073,6.58814102865879));
#9800=CARTESIAN_POINT('Ctrl Pts',(300.866144763177,-78.6233411374056,3.2926635639687));
#9801=CARTESIAN_POINT('Ctrl Pts',(301.311120084898,-79.0814030256281,6.5731862994259));
#9802=CARTESIAN_POINT('Ctrl Pts',(301.311120084898,-78.9086943700264,3.2777088347358));
#9803=CARTESIAN_POINT('Ctrl Pts',(302.300274491714,-79.7157267594804,6.53994280118817));
#9804=CARTESIAN_POINT('Ctrl Pts',(302.300274491714,-79.5430181038787,3.24446533649808));
#9805=CARTESIAN_POINT('Ctrl Pts',(303.480705236557,-79.7552326992572,6.53787238261598));
#9806=CARTESIAN_POINT('Ctrl Pts',(303.480705236557,-79.5825240436555,3.24239491792589));
#9807=CARTESIAN_POINT('Ctrl Pts',(304.130114184563,-79.7769667238094,6.53673335065432));
#9808=CARTESIAN_POINT('Ctrl Pts',(304.130114184563,-79.6042580682076,3.24125588596422));
#9809=CARTESIAN_POINT('',(300.866144763177,-78.6913778805214,4.59088195914964));
#9810=CARTESIAN_POINT('',(304.130114184563,-79.6722948113235,4.53947428114517));
#9811=CARTESIAN_POINT('Ctrl Pts',(300.866144763177,-78.6913778805214,4.59088195914964));
#9812=CARTESIAN_POINT('Ctrl Pts',(301.311120084898,-78.9767311131423,4.57592722991675));
#9813=CARTESIAN_POINT('Ctrl Pts',(302.300274491714,-79.6110548469945,4.54268373167902));
#9814=CARTESIAN_POINT('Ctrl Pts',(303.480705236557,-79.6505607867713,4.54061331310683));
#9815=CARTESIAN_POINT('Ctrl Pts',(304.130114184563,-79.6722948113235,4.53947428114517));
#9816=CARTESIAN_POINT('',(300.866144763177,-78.6521259133392,3.84190980808371));
#9817=CARTESIAN_POINT('',(300.866144763177,-78.7960497930073,6.58814102865879));
#9818=CARTESIAN_POINT('',(304.130114184563,-79.6330428441412,3.79050213007924));
#9819=CARTESIAN_POINT('Ctrl Pts',(300.866144763177,-78.6521259133392,3.84190980808371));
#9820=CARTESIAN_POINT('Ctrl Pts',(301.311120084898,-78.9374791459601,3.82695507885082));
#9821=CARTESIAN_POINT('Ctrl Pts',(302.300274491714,-79.5718028798123,3.79371158061309));
#9822=CARTESIAN_POINT('Ctrl Pts',(303.480705236557,-79.6113088195891,3.7916411620409));
#9823=CARTESIAN_POINT('Ctrl Pts',(304.130114184563,-79.6330428441412,3.79050213007924));
#9824=CARTESIAN_POINT('',(304.130114184563,-79.7769667238094,6.53673335065432));
#9825=CARTESIAN_POINT('Ctrl Pts',(304.130114184563,-79.7769667238094,6.53673335065432));
#9826=CARTESIAN_POINT('Ctrl Pts',(304.130114184563,-79.6042580682076,3.24125588596422));
#9827=CARTESIAN_POINT('Ctrl Pts',(304.811207133455,-79.7430199251007,6.53851242698841));
#9828=CARTESIAN_POINT('Ctrl Pts',(304.811207133455,-79.570311269499,3.24303496229831));
#9829=CARTESIAN_POINT('Ctrl Pts',(306.134241617948,-79.6770776988559,6.54196831262688));
#9830=CARTESIAN_POINT('Ctrl Pts',(306.134241617948,-79.5043690432542,3.24649084793678));
#9831=CARTESIAN_POINT('Ctrl Pts',(307.333869853601,-79.1182735229342,6.57125399854102));
#9832=CARTESIAN_POINT('Ctrl Pts',(307.333869853601,-78.9455648673325,3.27577653385093));
#9833=CARTESIAN_POINT('Ctrl Pts',(307.915934191888,-78.8471395389026,6.58546352853228));
#9834=CARTESIAN_POINT('Ctrl Pts',(307.915934191888,-78.6744308833009,3.28998606384219));
#9835=CARTESIAN_POINT('',(307.915934191888,-78.7424676264167,4.58820445902313));
#9836=CARTESIAN_POINT('Ctrl Pts',(304.130114184563,-79.6722948113235,4.53947428114517));
#9837=CARTESIAN_POINT('Ctrl Pts',(304.811207133455,-79.6383480126148,4.54125335747926));
#9838=CARTESIAN_POINT('Ctrl Pts',(306.134241617948,-79.57240578637,4.54470924311773));
#9839=CARTESIAN_POINT('Ctrl Pts',(307.333869853601,-79.0136016104484,4.57399492903187));
#9840=CARTESIAN_POINT('Ctrl Pts',(307.915934191888,-78.7424676264167,4.58820445902313));
#9841=CARTESIAN_POINT('',(307.915934191888,-78.7032156592345,3.8392323079572));
#9842=CARTESIAN_POINT('Ctrl Pts',(304.130114184563,-79.6330428441412,3.79050213007924));
#9843=CARTESIAN_POINT('Ctrl Pts',(304.811207133455,-79.5990960454326,3.79228120641333));
#9844=CARTESIAN_POINT('Ctrl Pts',(306.134241617948,-79.5331538191878,3.7957370920518));
#9845=CARTESIAN_POINT('Ctrl Pts',(307.333869853601,-78.9743496432662,3.82502277796594));
#9846=CARTESIAN_POINT('Ctrl Pts',(307.915934191888,-78.7032156592345,3.8392323079572));
#9847=CARTESIAN_POINT('',(307.915934191888,-78.8471395389026,6.58546352853228));
#9848=CARTESIAN_POINT('Ctrl Pts',(307.915934191888,-78.8471395389026,6.58546352853228));
#9849=CARTESIAN_POINT('Ctrl Pts',(307.915934191888,-78.6744308833009,3.28998606384219));
#9850=CARTESIAN_POINT('Ctrl Pts',(308.42969628709,-78.5129785415298,6.6029761643276));
#9851=CARTESIAN_POINT('Ctrl Pts',(308.42969628709,-78.3402698859281,3.3074986996375));
#9852=CARTESIAN_POINT('Ctrl Pts',(309.441469787069,-77.8549011064182,6.63746454129808));
#9853=CARTESIAN_POINT('Ctrl Pts',(309.441469787069,-77.6821924508165,3.34198707660798));
#9854=CARTESIAN_POINT('Ctrl Pts',(310.051068208275,-76.8148237121499,6.69197268781417));
#9855=CARTESIAN_POINT('Ctrl Pts',(310.051068208275,-76.6421150565482,3.39649522312408));
#9856=CARTESIAN_POINT('Ctrl Pts',(310.351122485345,-76.3028806693574,6.71880248580633));
#9857=CARTESIAN_POINT('Ctrl Pts',(310.351122485345,-76.1301720137557,3.42332502111623));
#9858=CARTESIAN_POINT('',(310.351122485345,-76.1982087568715,4.72154341629718));
#9859=CARTESIAN_POINT('Ctrl Pts',(307.915934191888,-78.7424676264167,4.58820445902313));
#9860=CARTESIAN_POINT('Ctrl Pts',(308.42969628709,-78.4083066290439,4.60571709481845));
#9861=CARTESIAN_POINT('Ctrl Pts',(309.441469787069,-77.7502291939323,4.64020547178893));
#9862=CARTESIAN_POINT('Ctrl Pts',(310.051068208275,-76.710151799664,4.69471361830502));
#9863=CARTESIAN_POINT('Ctrl Pts',(310.351122485345,-76.1982087568715,4.72154341629718));
#9864=CARTESIAN_POINT('',(310.351122485345,-76.1589567896893,3.97257126523125));
#9865=CARTESIAN_POINT('Ctrl Pts',(307.915934191888,-78.7032156592345,3.8392323079572));
#9866=CARTESIAN_POINT('Ctrl Pts',(308.42969628709,-78.3690546618617,3.85674494375252));
#9867=CARTESIAN_POINT('Ctrl Pts',(309.441469787069,-77.7109772267501,3.891233320723));
#9868=CARTESIAN_POINT('Ctrl Pts',(310.051068208275,-76.6708998324818,3.94574146723909));
#9869=CARTESIAN_POINT('Ctrl Pts',(310.351122485345,-76.1589567896893,3.97257126523125));
#9870=CARTESIAN_POINT('',(310.351122485345,-76.3028806693574,6.71880248580633));
#9871=CARTESIAN_POINT('Ctrl Pts',(310.351122485345,-76.3028806693574,6.71880248580633));
#9872=CARTESIAN_POINT('Ctrl Pts',(310.351122485345,-76.1301720137557,3.42332502111623));
#9873=CARTESIAN_POINT('Ctrl Pts',(310.523325802033,-75.7927861721584,6.74553540562902));
#9874=CARTESIAN_POINT('Ctrl Pts',(310.523325802033,-75.6200775165567,3.45005794093893));
#9875=CARTESIAN_POINT('Ctrl Pts',(310.925113212525,-74.6026258948913,6.80790906275148));
#9876=CARTESIAN_POINT('Ctrl Pts',(310.925113212525,-74.4299172392896,3.51243159806139));
#9877=CARTESIAN_POINT('Ctrl Pts',(310.937498118423,-73.3437601747074,6.87388341956186));
#9878=CARTESIAN_POINT('Ctrl Pts',(310.937498118423,-73.1710515191057,3.57840595487177));
#9879=CARTESIAN_POINT('Ctrl Pts',(310.944574938958,-72.6244356313243,6.91158162146436));
#9880=CARTESIAN_POINT('Ctrl Pts',(310.944574938958,-72.4517269757226,3.61610415677427));
#9881=CARTESIAN_POINT('',(310.944574938958,-72.5197637188384,4.91432255195521));
#9882=CARTESIAN_POINT('Ctrl Pts',(310.351122485345,-76.1982087568715,4.72154341629718));
#9883=CARTESIAN_POINT('Ctrl Pts',(310.523325802033,-75.6881142596725,4.74827633611988));
#9884=CARTESIAN_POINT('Ctrl Pts',(310.925113212525,-74.4979539824054,4.81064999324233));
#9885=CARTESIAN_POINT('Ctrl Pts',(310.937498118423,-73.2390882622215,4.87662435005272));
#9886=CARTESIAN_POINT('Ctrl Pts',(310.944574938958,-72.5197637188384,4.91432255195521));
#9887=CARTESIAN_POINT('',(310.944574938958,-72.4805117516563,4.16535040088928));
#9888=CARTESIAN_POINT('Ctrl Pts',(310.351122485345,-76.1589567896893,3.97257126523125));
#9889=CARTESIAN_POINT('Ctrl Pts',(310.523325802033,-75.6488622924903,3.99930418505395));
#9890=CARTESIAN_POINT('Ctrl Pts',(310.925113212525,-74.4587020152232,4.0616778421764));
#9891=CARTESIAN_POINT('Ctrl Pts',(310.937498118423,-73.1998362950393,4.12765219898679));
#9892=CARTESIAN_POINT('Ctrl Pts',(310.944574938958,-72.4805117516563,4.16535040088928));
#9893=CARTESIAN_POINT('',(310.944574938958,-72.6244356313243,6.91158162146436));
#9894=CARTESIAN_POINT('Origin',(310.944574938958,-72.6244356313243,6.91158162146436));
#9895=CARTESIAN_POINT('',(310.944574938958,-71.1710020461412,4.98500815600335));
#9896=CARTESIAN_POINT('',(310.944574938958,-72.5952094458119,4.91036860894814));
#9897=CARTESIAN_POINT('',(310.944574938958,-71.131750078959,4.23603600493743));
#9898=CARTESIAN_POINT('',(310.944574938958,-72.4805117516563,4.16535040088928));
#9899=CARTESIAN_POINT('',(310.944574938958,-71.2756739586271,6.9822672255125));
#9900=CARTESIAN_POINT('Ctrl Pts',(305.726297961419,-63.0196086404567,7.41494927445355));
#9901=CARTESIAN_POINT('Ctrl Pts',(305.726297961419,-62.846899984855,4.11947180976345));
#9902=CARTESIAN_POINT('Ctrl Pts',(304.95677714691,-63.0315707076467,7.41432236907648));
#9903=CARTESIAN_POINT('Ctrl Pts',(304.95677714691,-62.858862052045,4.11884490438639));
#9904=CARTESIAN_POINT('Ctrl Pts',(303.604318117087,-63.0525944479816,7.41322056153331));
#9905=CARTESIAN_POINT('Ctrl Pts',(303.604318117087,-62.8798857923799,4.11774309684321));
#9906=CARTESIAN_POINT('Ctrl Pts',(302.405876390309,-63.6650293168111,7.38112421010245));
#9907=CARTESIAN_POINT('Ctrl Pts',(302.405876390309,-63.4923206612094,4.08564674541236));
#9908=CARTESIAN_POINT('Ctrl Pts',(301.889322863763,-63.9290015936481,7.36729000928114));
#9909=CARTESIAN_POINT('Ctrl Pts',(301.889322863763,-63.7562929380464,4.07181254459104));
#9910=CARTESIAN_POINT('',(305.726297961419,-62.9149367279708,5.4176902049444));
#9911=CARTESIAN_POINT('',(301.889322863763,-63.8243296811622,5.37003093977199));
#9912=CARTESIAN_POINT('Ctrl Pts',(305.726297961419,-62.9149367279708,5.4176902049444));
#9913=CARTESIAN_POINT('Ctrl Pts',(304.95677714691,-62.9268987951609,5.41706329956734));
#9914=CARTESIAN_POINT('Ctrl Pts',(303.604318117087,-62.9479225354957,5.41596149202416));
#9915=CARTESIAN_POINT('Ctrl Pts',(302.405876390309,-63.5603574043252,5.38386514059331));
#9916=CARTESIAN_POINT('Ctrl Pts',(301.889322863763,-63.8243296811622,5.37003093977199));
#9917=CARTESIAN_POINT('',(305.726297961419,-62.8756847607886,4.66871805387847));
#9918=CARTESIAN_POINT('',(305.726297961419,-63.0196086404567,7.41494927445355));
#9919=CARTESIAN_POINT('',(301.889322863763,-63.78507771398,4.62105878870606));
#9920=CARTESIAN_POINT('Ctrl Pts',(305.726297961419,-62.8756847607886,4.66871805387847));
#9921=CARTESIAN_POINT('Ctrl Pts',(304.95677714691,-62.8876468279786,4.6680911485014));
#9922=CARTESIAN_POINT('Ctrl Pts',(303.604318117087,-62.9086705683135,4.66698934095823));
#9923=CARTESIAN_POINT('Ctrl Pts',(302.405876390309,-63.521105437143,4.63489298952738));
#9924=CARTESIAN_POINT('Ctrl Pts',(301.889322863763,-63.78507771398,4.62105878870606));
#9925=CARTESIAN_POINT('',(301.889322863763,-63.9290015936481,7.36729000928114));
#9926=CARTESIAN_POINT('Ctrl Pts',(301.889322863763,-63.9290015936481,7.36729000928114));
#9927=CARTESIAN_POINT('Ctrl Pts',(301.889322863763,-63.7562929380464,4.07181254459104));
#9928=CARTESIAN_POINT('Ctrl Pts',(301.494956042524,-64.327742938011,7.34639286091475));
#9929=CARTESIAN_POINT('Ctrl Pts',(301.494956042524,-64.1550342824093,4.05091539622465));
#9930=CARTESIAN_POINT('Ctrl Pts',(300.60069433246,-65.2319242668633,7.29900672540041));
#9931=CARTESIAN_POINT('Ctrl Pts',(300.60069433246,-65.0592156112616,4.00352926071031));
#9932=CARTESIAN_POINT('Ctrl Pts',(300.252469245741,-66.4607326564123,7.23460760653977));
#9933=CARTESIAN_POINT('Ctrl Pts',(300.252469245741,-66.2880240008106,3.93913014184968));
#9934=CARTESIAN_POINT('Ctrl Pts',(300.057810412591,-67.1476401090827,7.19860831237235));
#9935=CARTESIAN_POINT('Ctrl Pts',(300.057810412591,-66.974931453481,3.90313084768225));
#9936=CARTESIAN_POINT('',(300.057810412591,-67.0429681965968,5.2013492428632));
#9937=CARTESIAN_POINT('Ctrl Pts',(301.889322863763,-63.8243296811622,5.37003093977199));
#9938=CARTESIAN_POINT('Ctrl Pts',(301.494956042524,-64.2230710255251,5.3491337914056));
#9939=CARTESIAN_POINT('Ctrl Pts',(300.60069433246,-65.1272523543774,5.30174765589126));
#9940=CARTESIAN_POINT('Ctrl Pts',(300.252469245741,-66.3560607439264,5.23734853703063));
#9941=CARTESIAN_POINT('Ctrl Pts',(300.057810412591,-67.0429681965968,5.2013492428632));
#9942=CARTESIAN_POINT('',(300.057810412591,-67.0037162294146,4.45237709179727));
#9943=CARTESIAN_POINT('Ctrl Pts',(301.889322863763,-63.78507771398,4.62105878870606));
#9944=CARTESIAN_POINT('Ctrl Pts',(301.494956042524,-64.1838190583429,4.60016164033967));
#9945=CARTESIAN_POINT('Ctrl Pts',(300.60069433246,-65.0880003871953,4.55277550482533));
#9946=CARTESIAN_POINT('Ctrl Pts',(300.252469245741,-66.3168087767442,4.4883763859647));
#9947=CARTESIAN_POINT('Ctrl Pts',(300.057810412591,-67.0037162294146,4.45237709179727));
#9948=CARTESIAN_POINT('',(300.057810412591,-67.1476401090827,7.19860831237235));
#9949=CARTESIAN_POINT('Origin',(300.057810412591,-67.1476401090827,7.19860831237235));
#9950=CARTESIAN_POINT('',(296.456183062737,-66.5525085407367,5.22705314425476));
#9951=CARTESIAN_POINT('',(264.581968320451,-62.2119660929036,5.45453133482947));
#9952=CARTESIAN_POINT('',(296.456183062737,-66.5132565735545,4.47808099318883));
#9953=CARTESIAN_POINT('',(300.057810412591,-67.0037162294146,4.45237709179727));
#9954=CARTESIAN_POINT('',(296.456183062737,-66.6571804532226,7.2243122137639));
#9955=CARTESIAN_POINT('Ctrl Pts',(296.456183062737,-66.6571804532226,7.2243122137639));
#9956=CARTESIAN_POINT('Ctrl Pts',(296.456183062737,-66.4844717976209,3.92883474907381));
#9957=CARTESIAN_POINT('Ctrl Pts',(296.631851110269,-65.9434450566145,7.26171750089583));
#9958=CARTESIAN_POINT('Ctrl Pts',(296.631851110269,-65.7707364010128,3.96624003620574));
#9959=CARTESIAN_POINT('Ctrl Pts',(296.960664496865,-64.6074835303754,7.3317322776936));
#9960=CARTESIAN_POINT('Ctrl Pts',(296.960664496865,-64.4347748747737,4.03625481300351));
#9961=CARTESIAN_POINT('Ctrl Pts',(297.719421417532,-63.4614260699571,7.39179460412489));
#9962=CARTESIAN_POINT('Ctrl Pts',(297.719421417532,-63.2887174143554,4.0963171394348));
#9963=CARTESIAN_POINT('Ctrl Pts',(298.072813616937,-62.9276480502125,7.41976872476981));
#9964=CARTESIAN_POINT('Ctrl Pts',(298.072813616937,-62.7549393946108,4.12429126007971));
#9965=CARTESIAN_POINT('',(298.072813616937,-62.8229761377266,5.42250965526066));
#9966=CARTESIAN_POINT('Ctrl Pts',(296.456183062737,-66.5525085407367,5.22705314425476));
#9967=CARTESIAN_POINT('Ctrl Pts',(296.631851110269,-65.8387731441286,5.26445843138669));
#9968=CARTESIAN_POINT('Ctrl Pts',(296.960664496865,-64.5028116178895,5.33447320818446));
#9969=CARTESIAN_POINT('Ctrl Pts',(297.719421417532,-63.3567541574712,5.39453553461574));
#9970=CARTESIAN_POINT('Ctrl Pts',(298.072813616937,-62.8229761377266,5.42250965526066));
#9971=CARTESIAN_POINT('',(298.072813616937,-62.7837241705444,4.67353750419473));
#9972=CARTESIAN_POINT('Ctrl Pts',(296.456183062737,-66.5132565735545,4.47808099318883));
#9973=CARTESIAN_POINT('Ctrl Pts',(296.631851110269,-65.7995211769464,4.51548628032075));
#9974=CARTESIAN_POINT('Ctrl Pts',(296.960664496865,-64.4635596507073,4.58550105711853));
#9975=CARTESIAN_POINT('Ctrl Pts',(297.719421417532,-63.317502190289,4.64556338354981));
#9976=CARTESIAN_POINT('Ctrl Pts',(298.072813616937,-62.7837241705444,4.67353750419473));
#9977=CARTESIAN_POINT('',(298.072813616937,-62.9276480502125,7.41976872476981));
#9978=CARTESIAN_POINT('Ctrl Pts',(298.072813616937,-62.9276480502125,7.41976872476981));
#9979=CARTESIAN_POINT('Ctrl Pts',(298.072813616937,-62.7549393946108,4.12429126007971));
#9980=CARTESIAN_POINT('Ctrl Pts',(298.508436625881,-62.4750165280709,7.44349013767875));
#9981=CARTESIAN_POINT('Ctrl Pts',(298.508436625881,-62.3023078724692,4.14801267298865));
#9982=CARTESIAN_POINT('Ctrl Pts',(299.433607895337,-61.5137227687031,7.49386940884586));
#9983=CARTESIAN_POINT('Ctrl Pts',(299.433607895337,-61.3410141131014,4.19839194415577));
#9984=CARTESIAN_POINT('Ctrl Pts',(300.671536818139,-61.0084036648485,7.52035206090818));
#9985=CARTESIAN_POINT('Ctrl Pts',(300.671536818139,-60.8356950092467,4.22487459621809));
#9986=CARTESIAN_POINT('Ctrl Pts',(301.326578723138,-60.7410174019345,7.53436518115829));
#9987=CARTESIAN_POINT('Ctrl Pts',(301.326578723138,-60.5683087463327,4.2388877164682));
#9988=CARTESIAN_POINT('',(301.326578723138,-60.6363454894486,5.53710611164914));
#9989=CARTESIAN_POINT('Ctrl Pts',(298.072813616937,-62.8229761377266,5.42250965526066));
#9990=CARTESIAN_POINT('Ctrl Pts',(298.508436625881,-62.370344615585,5.4462310681696));
#9991=CARTESIAN_POINT('Ctrl Pts',(299.433607895337,-61.4090508562172,5.49661033933671));
#9992=CARTESIAN_POINT('Ctrl Pts',(300.671536818139,-60.9037317523626,5.52309299139903));
#9993=CARTESIAN_POINT('Ctrl Pts',(301.326578723138,-60.6363454894486,5.53710611164914));
#9994=CARTESIAN_POINT('',(301.326578723138,-60.5970935222664,4.78813396058321));
#9995=CARTESIAN_POINT('Ctrl Pts',(298.072813616937,-62.7837241705444,4.67353750419473));
#9996=CARTESIAN_POINT('Ctrl Pts',(298.508436625881,-62.3310926484028,4.69725891710367));
#9997=CARTESIAN_POINT('Ctrl Pts',(299.433607895337,-61.369798889035,4.74763818827078));
#9998=CARTESIAN_POINT('Ctrl Pts',(300.671536818139,-60.8644797851804,4.7741208403331));
#9999=CARTESIAN_POINT('Ctrl Pts',(301.326578723138,-60.5970935222664,4.78813396058321));
#10000=CARTESIAN_POINT('',(301.326578723138,-60.7410174019345,7.53436518115829));
#10001=CARTESIAN_POINT('Ctrl Pts',(301.326578723138,-60.7410174019345,7.53436518115829));
#10002=CARTESIAN_POINT('Ctrl Pts',(301.326578723138,-60.5683087463327,4.2388877164682));
#10003=CARTESIAN_POINT('Ctrl Pts',(302.087163354307,-60.5176808178829,7.54606975556109));
#10004=CARTESIAN_POINT('Ctrl Pts',(302.087163354307,-60.3449721622812,4.250592290871));
#10005=CARTESIAN_POINT('Ctrl Pts',(303.696217195824,-60.0452013937756,7.57083135293549));
#10006=CARTESIAN_POINT('Ctrl Pts',(303.696217195824,-59.8724927381739,4.27535388824539));
#10007=CARTESIAN_POINT('Ctrl Pts',(305.373765747766,-59.9990235862489,7.57325142928012));
#10008=CARTESIAN_POINT('Ctrl Pts',(305.373765747766,-59.8263149306472,4.27777396459003));
#10009=CARTESIAN_POINT('Ctrl Pts',(306.258352862542,-59.9746735944233,7.57452755827726));
#10010=CARTESIAN_POINT('Ctrl Pts',(306.258352862542,-59.8019649388216,4.27905009358717));
#10011=CARTESIAN_POINT('',(306.258352862542,-59.8700016819375,5.57726848876811));
#10012=CARTESIAN_POINT('Ctrl Pts',(301.326578723138,-60.6363454894486,5.53710611164914));
#10013=CARTESIAN_POINT('Ctrl Pts',(302.087163354307,-60.413008905397,5.54881068605195));
#10014=CARTESIAN_POINT('Ctrl Pts',(303.696217195824,-59.9405294812898,5.57357228342634));
#10015=CARTESIAN_POINT('Ctrl Pts',(305.373765747766,-59.894351673763,5.57599235977097));
#10016=CARTESIAN_POINT('Ctrl Pts',(306.258352862542,-59.8700016819375,5.57726848876811));
#10017=CARTESIAN_POINT('',(306.258352862542,-59.8307497147552,4.82829633770218));
#10018=CARTESIAN_POINT('Ctrl Pts',(301.326578723138,-60.5970935222664,4.78813396058321));
#10019=CARTESIAN_POINT('Ctrl Pts',(302.087163354307,-60.3737569382148,4.79983853498602));
#10020=CARTESIAN_POINT('Ctrl Pts',(303.696217195824,-59.9012775141075,4.82460013236041));
#10021=CARTESIAN_POINT('Ctrl Pts',(305.373765747766,-59.8550997065808,4.82702020870504));
#10022=CARTESIAN_POINT('Ctrl Pts',(306.258352862542,-59.8307497147552,4.82829633770218));
#10023=CARTESIAN_POINT('',(306.258352862542,-59.9746735944233,7.57452755827726));
#10024=CARTESIAN_POINT('Ctrl Pts',(306.258352862542,-59.9746735944233,7.57452755827726));
#10025=CARTESIAN_POINT('Ctrl Pts',(306.258352862542,-59.8019649388216,4.27905009358717));
#10026=CARTESIAN_POINT('Ctrl Pts',(307.105281029917,-59.9889158826311,7.57378115158038));
#10027=CARTESIAN_POINT('Ctrl Pts',(307.105281029917,-59.8162072270294,4.27830368689029));
#10028=CARTESIAN_POINT('Ctrl Pts',(308.642412826986,-60.0147649155366,7.57242646116919));
#10029=CARTESIAN_POINT('Ctrl Pts',(308.642412826986,-59.8420562599349,4.2769489964791));
#10030=CARTESIAN_POINT('Ctrl Pts',(310.118205912646,-60.4383987489805,7.55022475272923));
#10031=CARTESIAN_POINT('Ctrl Pts',(310.118205912646,-60.2656900933788,4.25474728803914));
#10032=CARTESIAN_POINT('Ctrl Pts',(310.780867205804,-60.6286190085974,7.54025573134807));
#10033=CARTESIAN_POINT('Ctrl Pts',(310.780867205804,-60.4559103529957,4.24477826665797));
#10034=CARTESIAN_POINT('',(310.780867205804,-60.5239470961115,5.54299666183892));
#10035=CARTESIAN_POINT('Ctrl Pts',(306.258352862542,-59.8700016819375,5.57726848876811));
#10036=CARTESIAN_POINT('Ctrl Pts',(307.105281029917,-59.8842439701452,5.57652208207123));
#10037=CARTESIAN_POINT('Ctrl Pts',(308.642412826986,-59.9100930030508,5.57516739166004));
#10038=CARTESIAN_POINT('Ctrl Pts',(310.118205912646,-60.3337268364946,5.55296568322008));
#10039=CARTESIAN_POINT('Ctrl Pts',(310.780867205804,-60.5239470961115,5.54299666183892));
#10040=CARTESIAN_POINT('',(310.780867205804,-60.4846951289293,4.79402451077299));
#10041=CARTESIAN_POINT('Ctrl Pts',(306.258352862542,-59.8307497147552,4.82829633770218));
#10042=CARTESIAN_POINT('Ctrl Pts',(307.105281029917,-59.844992002963,4.8275499310053));
#10043=CARTESIAN_POINT('Ctrl Pts',(308.642412826986,-59.8708410358686,4.82619524059411));
#10044=CARTESIAN_POINT('Ctrl Pts',(310.118205912646,-60.2944748693124,4.80399353215415));
#10045=CARTESIAN_POINT('Ctrl Pts',(310.780867205804,-60.4846951289293,4.79402451077299));
#10046=CARTESIAN_POINT('',(310.780867205804,-60.6286190085974,7.54025573134807));
#10047=CARTESIAN_POINT('Ctrl Pts',(310.780867205804,-60.6286190085974,7.54025573134807));
#10048=CARTESIAN_POINT('Ctrl Pts',(310.780867205804,-60.4559103529957,4.24477826665797));
#10049=CARTESIAN_POINT('Ctrl Pts',(311.305732798403,-60.8418058318815,7.52908308336734));
#10050=CARTESIAN_POINT('Ctrl Pts',(311.305732798403,-60.6690971762798,4.23360561867725));
#10051=CARTESIAN_POINT('Ctrl Pts',(312.263873211932,-61.230977676827,7.50868745121427));
#10052=CARTESIAN_POINT('Ctrl Pts',(312.263873211932,-61.0582690212253,4.21320998652417));
#10053=CARTESIAN_POINT('Ctrl Pts',(313.004111824888,-61.9490069889069,7.47105712950803));
#10054=CARTESIAN_POINT('Ctrl Pts',(313.004111824888,-61.7762983333052,4.17557966481793));
#10055=CARTESIAN_POINT('Ctrl Pts',(313.338850604241,-62.2737026360384,7.454040551699));
#10056=CARTESIAN_POINT('Ctrl Pts',(313.338850604241,-62.1009939804367,4.1585630870089));
#10057=CARTESIAN_POINT('',(313.338850604241,-62.1690307235525,5.45678148218985));
#10058=CARTESIAN_POINT('Ctrl Pts',(310.780867205804,-60.5239470961115,5.54299666183892));
#10059=CARTESIAN_POINT('Ctrl Pts',(311.305732798403,-60.7371339193956,5.53182401385819));
#10060=CARTESIAN_POINT('Ctrl Pts',(312.263873211932,-61.1263057643411,5.51142838170512));
#10061=CARTESIAN_POINT('Ctrl Pts',(313.004111824888,-61.8443350764211,5.47379805999888));
#10062=CARTESIAN_POINT('Ctrl Pts',(313.338850604241,-62.1690307235525,5.45678148218985));
#10063=CARTESIAN_POINT('',(313.338850604241,-62.1297787563703,4.70780933112392));
#10064=CARTESIAN_POINT('Ctrl Pts',(310.780867205804,-60.4846951289293,4.79402451077299));
#10065=CARTESIAN_POINT('Ctrl Pts',(311.305732798403,-60.6978819522134,4.78285186279227));
#10066=CARTESIAN_POINT('Ctrl Pts',(312.263873211932,-61.0870537971589,4.76245623063919));
#10067=CARTESIAN_POINT('Ctrl Pts',(313.004111824888,-61.8050831092388,4.72482590893295));
#10068=CARTESIAN_POINT('Ctrl Pts',(313.338850604241,-62.1297787563703,4.70780933112392));
#10069=CARTESIAN_POINT('',(313.338850604241,-62.2737026360384,7.454040551699));
#10070=CARTESIAN_POINT('Ctrl Pts',(313.338850604241,-62.2737026360384,7.454040551699));
#10071=CARTESIAN_POINT('Ctrl Pts',(313.338850604241,-62.1009939804367,4.1585630870089));
#10072=CARTESIAN_POINT('Ctrl Pts',(313.593538103412,-62.6369531085142,7.43500340111302));
#10073=CARTESIAN_POINT('Ctrl Pts',(313.593538103412,-62.4642444529125,4.13952593642293));
#10074=CARTESIAN_POINT('Ctrl Pts',(314.12879286496,-63.400365312335,7.3949946628332));
#10075=CARTESIAN_POINT('Ctrl Pts',(314.12879286496,-63.2276566567333,4.09951719814311));
#10076=CARTESIAN_POINT('Ctrl Pts',(314.362382119601,-64.3036230111142,7.34765693271987));
#10077=CARTESIAN_POINT('Ctrl Pts',(314.362382119601,-64.1309143555125,4.05217946802978));
#10078=CARTESIAN_POINT('Ctrl Pts',(314.484823809808,-64.7770882803163,7.32284366939335));
#10079=CARTESIAN_POINT('Ctrl Pts',(314.484823809808,-64.6043796247146,4.02736620470325));
#10080=CARTESIAN_POINT('',(314.484823809808,-64.6724163678304,5.3255845998842));
#10081=CARTESIAN_POINT('Ctrl Pts',(313.338850604241,-62.1690307235525,5.45678148218985));
#10082=CARTESIAN_POINT('Ctrl Pts',(313.593538103412,-62.5322811960283,5.43774433160387));
#10083=CARTESIAN_POINT('Ctrl Pts',(314.12879286496,-63.2956933998492,5.39773559332405));
#10084=CARTESIAN_POINT('Ctrl Pts',(314.362382119601,-64.1989510986283,5.35039786321073));
#10085=CARTESIAN_POINT('Ctrl Pts',(314.484823809808,-64.6724163678304,5.3255845998842));
#10086=CARTESIAN_POINT('',(314.484823809808,-64.6331644006482,4.57661244881827));
#10087=CARTESIAN_POINT('Ctrl Pts',(313.338850604241,-62.1297787563703,4.70780933112392));
#10088=CARTESIAN_POINT('Ctrl Pts',(313.593538103412,-62.4930292288461,4.68877218053794));
#10089=CARTESIAN_POINT('Ctrl Pts',(314.12879286496,-63.2564414326669,4.64876344225812));
#10090=CARTESIAN_POINT('Ctrl Pts',(314.362382119601,-64.1596991314461,4.60142571214479));
#10091=CARTESIAN_POINT('Ctrl Pts',(314.484823809808,-64.6331644006482,4.57661244881827));
#10092=CARTESIAN_POINT('',(314.484823809808,-64.7770882803163,7.32284366939335));
#10093=CARTESIAN_POINT('Ctrl Pts',(314.484823809808,-64.7770882803163,7.32284366939335));
#10094=CARTESIAN_POINT('Ctrl Pts',(314.484823809808,-64.6043796247146,4.02736620470325));
#10095=CARTESIAN_POINT('Ctrl Pts',(314.537930115979,-65.2160117086527,7.29984066723893));
#10096=CARTESIAN_POINT('Ctrl Pts',(314.537930115979,-65.043303053051,4.00436320254884));
#10097=CARTESIAN_POINT('Ctrl Pts',(314.674173236687,-66.3420606082855,7.24082694504507));
#10098=CARTESIAN_POINT('Ctrl Pts',(314.674173236687,-66.1693519526837,3.94534948035498));
#10099=CARTESIAN_POINT('Ctrl Pts',(314.670958845236,-67.4769253098434,7.18135120624971));
#10100=CARTESIAN_POINT('Ctrl Pts',(314.670958845236,-67.3042166542417,3.88587374155962));
#10101=CARTESIAN_POINT('Ctrl Pts',(314.668997393792,-68.169430265152,7.14505855939948));
#10102=CARTESIAN_POINT('Ctrl Pts',(314.668997393792,-67.9967216095503,3.84958109470939));
#10103=CARTESIAN_POINT('',(314.668997393792,-68.0647583526661,5.14779948989033));
#10104=CARTESIAN_POINT('Ctrl Pts',(314.484823809808,-64.6724163678304,5.3255845998842));
#10105=CARTESIAN_POINT('Ctrl Pts',(314.537930115979,-65.1113397961668,5.30258159772979));
#10106=CARTESIAN_POINT('Ctrl Pts',(314.674173236687,-66.2373886957996,5.24356787553593));
#10107=CARTESIAN_POINT('Ctrl Pts',(314.670958845236,-67.3722533973575,5.18409213674056));
#10108=CARTESIAN_POINT('Ctrl Pts',(314.668997393792,-68.0647583526661,5.14779948989033));
#10109=CARTESIAN_POINT('',(314.668997393792,-68.0255063854839,4.3988273388244));
#10110=CARTESIAN_POINT('Ctrl Pts',(314.484823809808,-64.6331644006482,4.57661244881827));
#10111=CARTESIAN_POINT('Ctrl Pts',(314.537930115979,-65.0720878289846,4.55360944666386));
#10112=CARTESIAN_POINT('Ctrl Pts',(314.674173236687,-66.1981367286174,4.49459572446999));
#10113=CARTESIAN_POINT('Ctrl Pts',(314.670958845236,-67.3330014301753,4.43511998567463));
#10114=CARTESIAN_POINT('Ctrl Pts',(314.668997393792,-68.0255063854839,4.3988273388244));
#10115=CARTESIAN_POINT('',(314.668997393792,-68.169430265152,7.14505855939948));
#10116=CARTESIAN_POINT('Origin',(314.668997393792,-68.169430265152,7.14505855939948));
#10117=CARTESIAN_POINT('',(314.668997393792,-72.9693525303498,4.8907606007534));
#10118=CARTESIAN_POINT('',(314.668997393792,-73.4943846879161,4.86324483132317));
#10119=CARTESIAN_POINT('',(314.668997393792,-72.9301005631676,4.14178844968747));
#10120=CARTESIAN_POINT('',(314.668997393792,-68.0255063854839,4.3988273388244));
#10121=CARTESIAN_POINT('',(314.668997393792,-73.0740244428357,6.88801967026255));
#10122=CARTESIAN_POINT('Ctrl Pts',(314.668997393792,-73.0740244428357,6.88801967026255));
#10123=CARTESIAN_POINT('Ctrl Pts',(314.668997393792,-72.9013157872339,3.59254220557246));
#10124=CARTESIAN_POINT('Ctrl Pts',(314.660534184853,-74.4708887480728,6.81481311406532));
#10125=CARTESIAN_POINT('Ctrl Pts',(314.660534184853,-74.2981800924711,3.51933564937523));
#10126=CARTESIAN_POINT('Ctrl Pts',(314.647405372717,-76.6378172943007,6.70124920109249));
#10127=CARTESIAN_POINT('Ctrl Pts',(314.647405372717,-76.465108638699,3.4057717364024));
#10128=CARTESIAN_POINT('Ctrl Pts',(314.836976869884,-78.7955831396457,6.58816548492516));
#10129=CARTESIAN_POINT('Ctrl Pts',(314.836976869884,-78.622874484044,3.29268802023507));
#10130=CARTESIAN_POINT('Ctrl Pts',(314.904345141595,-79.5623912196001,6.54797877631846));
#10131=CARTESIAN_POINT('Ctrl Pts',(314.904345141595,-79.3896825639984,3.25250131162837));
#10132=CARTESIAN_POINT('',(314.904345141595,-79.4577193071142,4.55071970680932));
#10133=CARTESIAN_POINT('Ctrl Pts',(314.668997393792,-72.9693525303498,4.8907606007534));
#10134=CARTESIAN_POINT('Ctrl Pts',(314.660534184853,-74.3662168355869,4.81755404455618));
#10135=CARTESIAN_POINT('Ctrl Pts',(314.647405372717,-76.5331453818148,4.70399013158334));
#10136=CARTESIAN_POINT('Ctrl Pts',(314.836976869884,-78.6909112271598,4.59090641541602));
#10137=CARTESIAN_POINT('Ctrl Pts',(314.904345141595,-79.4577193071142,4.55071970680932));
#10138=CARTESIAN_POINT('',(314.904345141595,-79.418467339932,3.80174755574339));
#10139=CARTESIAN_POINT('Ctrl Pts',(314.668997393792,-72.9301005631676,4.14178844968747));
#10140=CARTESIAN_POINT('Ctrl Pts',(314.660534184853,-74.3269648684047,4.06858189349025));
#10141=CARTESIAN_POINT('Ctrl Pts',(314.647405372717,-76.4938934146326,3.95501798051741));
#10142=CARTESIAN_POINT('Ctrl Pts',(314.836976869884,-78.6516592599776,3.84193426435009));
#10143=CARTESIAN_POINT('Ctrl Pts',(314.904345141595,-79.418467339932,3.80174755574339));
#10144=CARTESIAN_POINT('',(314.904345141595,-79.5623912196001,6.54797877631846));
#10145=CARTESIAN_POINT('Ctrl Pts',(314.904345141595,-79.5623912196001,6.54797877631846));
#10146=CARTESIAN_POINT('Ctrl Pts',(314.904345141595,-79.3896825639984,3.25250131162837));
#10147=CARTESIAN_POINT('Ctrl Pts',(315.0029709292,-80.0124849203199,6.52439036499445));
#10148=CARTESIAN_POINT('Ctrl Pts',(315.0029709292,-79.8397762647182,3.22891290030436));
#10149=CARTESIAN_POINT('Ctrl Pts',(315.201960454463,-80.9206037197192,6.47679787539275));
#10150=CARTESIAN_POINT('Ctrl Pts',(315.201960454463,-80.7478950641175,3.18132041070266));
#10151=CARTESIAN_POINT('Ctrl Pts',(315.623051864742,-81.7497582324898,6.43334372869594));
#10152=CARTESIAN_POINT('Ctrl Pts',(315.623051864742,-81.5770495768881,3.13786626400584));
#10153=CARTESIAN_POINT('Ctrl Pts',(315.835436450188,-82.1679563556686,6.4114268937598));
#10154=CARTESIAN_POINT('Ctrl Pts',(315.835436450188,-81.9952477000669,3.1159494290697));
#10155=CARTESIAN_POINT('',(315.835436450188,-82.0632844431827,4.41416782425065));
#10156=CARTESIAN_POINT('Ctrl Pts',(314.904345141595,-79.4577193071142,4.55071970680932));
#10157=CARTESIAN_POINT('Ctrl Pts',(315.0029709292,-79.9078130078341,4.5271312954853));
#10158=CARTESIAN_POINT('Ctrl Pts',(315.201960454463,-80.8159318072333,4.4795388058836));
#10159=CARTESIAN_POINT('Ctrl Pts',(315.623051864742,-81.6450863200039,4.43608465918679));
#10160=CARTESIAN_POINT('Ctrl Pts',(315.835436450188,-82.0632844431827,4.41416782425065));
#10161=CARTESIAN_POINT('',(315.835436450188,-82.0240324760005,3.66519567318472));
#10162=CARTESIAN_POINT('Ctrl Pts',(314.904345141595,-79.418467339932,3.80174755574339));
#10163=CARTESIAN_POINT('Ctrl Pts',(315.0029709292,-79.8685610406518,3.77815914441937));
#10164=CARTESIAN_POINT('Ctrl Pts',(315.201960454463,-80.7766798400511,3.73056665481767));
#10165=CARTESIAN_POINT('Ctrl Pts',(315.623051864742,-81.6058343528217,3.68711250812086));
#10166=CARTESIAN_POINT('Ctrl Pts',(315.835436450188,-82.0240324760005,3.66519567318472));
#10167=CARTESIAN_POINT('',(315.835436450188,-82.1679563556686,6.4114268937598));
#10168=CARTESIAN_POINT('Ctrl Pts',(299.750860797112,-76.3437515137064,6.71666053561658));
#10169=CARTESIAN_POINT('Ctrl Pts',(299.750860797112,-76.1710428581046,3.42118307092648));
#10170=CARTESIAN_POINT('Ctrl Pts',(299.797786386911,-76.814178442066,6.69200650498631));
#10171=CARTESIAN_POINT('Ctrl Pts',(299.797786386911,-76.6414697864643,3.39652904029621));
#10172=CARTESIAN_POINT('Ctrl Pts',(299.891870145349,-77.7573638912051,6.64257625014485));
#10173=CARTESIAN_POINT('Ctrl Pts',(299.891870145349,-77.5846552356034,3.34709878545476));
#10174=CARTESIAN_POINT('Ctrl Pts',(300.540851787648,-78.4492510347777,6.60631598143572));
#10175=CARTESIAN_POINT('Ctrl Pts',(300.540851787648,-78.276542379176,3.31083851674563));
#10176=CARTESIAN_POINT('Ctrl Pts',(300.866144763177,-78.7960497930073,6.58814102865879));
#10177=CARTESIAN_POINT('Ctrl Pts',(300.866144763177,-78.6233411374056,3.2926635639687));
#10178=CARTESIAN_POINT('',(299.750860797112,-76.2390796012205,4.71940146610743));
#10179=CARTESIAN_POINT('Ctrl Pts',(299.750860797112,-76.2390796012205,4.71940146610743));
#10180=CARTESIAN_POINT('Ctrl Pts',(299.797786386911,-76.7095065295801,4.69474743547716));
#10181=CARTESIAN_POINT('Ctrl Pts',(299.891870145349,-77.6526919787192,4.6453171806357));
#10182=CARTESIAN_POINT('Ctrl Pts',(300.540851787648,-78.3445791222918,4.60905691192658));
#10183=CARTESIAN_POINT('Ctrl Pts',(300.866144763177,-78.6913778805214,4.59088195914964));
#10184=CARTESIAN_POINT('',(299.750860797112,-76.1998276340382,3.9704293150415));
#10185=CARTESIAN_POINT('',(299.750860797112,-76.3437515137064,6.71666053561658));
#10186=CARTESIAN_POINT('Ctrl Pts',(299.750860797112,-76.1998276340382,3.9704293150415));
#10187=CARTESIAN_POINT('Ctrl Pts',(299.797786386911,-76.6702545623979,3.94577528441123));
#10188=CARTESIAN_POINT('Ctrl Pts',(299.891870145349,-77.613440011537,3.89634502956977));
#10189=CARTESIAN_POINT('Ctrl Pts',(300.540851787648,-78.3053271551096,3.86008476086064));
#10190=CARTESIAN_POINT('Ctrl Pts',(300.866144763177,-78.6521259133392,3.84190980808371));
#10191=CARTESIAN_POINT('Ctrl Pts',(300.262449847405,-74.5964907753932,6.80823059074002));
#10192=CARTESIAN_POINT('Ctrl Pts',(300.262449847405,-74.4237821197915,3.51275312604992));
#10193=CARTESIAN_POINT('Ctrl Pts',(300.113242793592,-74.8669801906742,6.79405484116557));
#10194=CARTESIAN_POINT('Ctrl Pts',(300.113242793592,-74.6942715350724,3.49857737647548));
#10195=CARTESIAN_POINT('Ctrl Pts',(299.812942919732,-75.4113776250671,6.76552418058165));
#10196=CARTESIAN_POINT('Ctrl Pts',(299.812942919732,-75.2386689694654,3.47004671589156));
#10197=CARTESIAN_POINT('Ctrl Pts',(299.7716412907,-76.0316618364165,6.7330164625405));
#10198=CARTESIAN_POINT('Ctrl Pts',(299.7716412907,-75.8589531808148,3.43753899785041));
#10199=CARTESIAN_POINT('Ctrl Pts',(299.750860797112,-76.3437515137064,6.71666053561658));
#10200=CARTESIAN_POINT('Ctrl Pts',(299.750860797112,-76.1710428581046,3.42118307092648));
#10201=CARTESIAN_POINT('',(300.262449847405,-74.4918188629073,4.81097152123087));
#10202=CARTESIAN_POINT('Ctrl Pts',(300.262449847405,-74.4918188629073,4.81097152123087));
#10203=CARTESIAN_POINT('Ctrl Pts',(300.113242793592,-74.7623082781883,4.79679577165642));
#10204=CARTESIAN_POINT('Ctrl Pts',(299.812942919732,-75.3067057125812,4.76826511107251));
#10205=CARTESIAN_POINT('Ctrl Pts',(299.7716412907,-75.9269899239306,4.73575739303135));
#10206=CARTESIAN_POINT('Ctrl Pts',(299.750860797112,-76.2390796012205,4.71940146610743));
#10207=CARTESIAN_POINT('',(300.262449847405,-74.4525668957251,4.06199937016494));
#10208=CARTESIAN_POINT('',(300.262449847405,-74.5964907753932,6.80823059074002));
#10209=CARTESIAN_POINT('Ctrl Pts',(300.262449847405,-74.4525668957251,4.06199937016494));
#10210=CARTESIAN_POINT('Ctrl Pts',(300.113242793592,-74.7230563110061,4.04782362059049));
#10211=CARTESIAN_POINT('Ctrl Pts',(299.812942919732,-75.267453745399,4.01929296000658));
#10212=CARTESIAN_POINT('Ctrl Pts',(299.7716412907,-75.8877379567484,3.98678524196542));
#10213=CARTESIAN_POINT('Ctrl Pts',(299.750860797112,-76.1998276340382,3.9704293150415));
#10214=CARTESIAN_POINT('Ctrl Pts',(301.715391741937,-73.4009959594636,6.87088381918727));
#10215=CARTESIAN_POINT('Ctrl Pts',(301.715391741937,-73.2282873038619,3.57540635449718));
#10216=CARTESIAN_POINT('Ctrl Pts',(301.421654528031,-73.5497608598868,6.86308738112083));
#10217=CARTESIAN_POINT('Ctrl Pts',(301.421654528031,-73.3770522042851,3.56760991643074));
#10218=CARTESIAN_POINT('Ctrl Pts',(300.84772836434,-73.8404290644919,6.84785410600929));
#10219=CARTESIAN_POINT('Ctrl Pts',(300.84772836434,-73.6677204088902,3.55237664131919));
#10220=CARTESIAN_POINT('Ctrl Pts',(300.454448057487,-74.3484678410046,6.82122892194259));
#10221=CARTESIAN_POINT('Ctrl Pts',(300.454448057487,-74.1757591854029,3.52575145725249));
#10222=CARTESIAN_POINT('Ctrl Pts',(300.262449847405,-74.5964907753932,6.80823059074002));
#10223=CARTESIAN_POINT('Ctrl Pts',(300.262449847405,-74.4237821197915,3.51275312604992));
#10224=CARTESIAN_POINT('',(301.715391741937,-73.2963240469777,4.87362474967813));
#10225=CARTESIAN_POINT('Ctrl Pts',(301.715391741937,-73.2963240469777,4.87362474967813));
#10226=CARTESIAN_POINT('Ctrl Pts',(301.421654528031,-73.445088947401,4.86582831161168));
#10227=CARTESIAN_POINT('Ctrl Pts',(300.84772836434,-73.735757152006,4.85059503650014));
#10228=CARTESIAN_POINT('Ctrl Pts',(300.454448057487,-74.2437959285187,4.82396985243344));
#10229=CARTESIAN_POINT('Ctrl Pts',(300.262449847405,-74.4918188629073,4.81097152123087));
#10230=CARTESIAN_POINT('',(301.715391741937,-73.2570720797955,4.1246525986122));
#10231=CARTESIAN_POINT('',(301.715391741937,-73.4009959594636,6.87088381918727));
#10232=CARTESIAN_POINT('Ctrl Pts',(301.715391741937,-73.2570720797955,4.1246525986122));
#10233=CARTESIAN_POINT('Ctrl Pts',(301.421654528031,-73.4058369802188,4.11685616054575));
#10234=CARTESIAN_POINT('Ctrl Pts',(300.84772836434,-73.6965051848238,4.10162288543421));
#10235=CARTESIAN_POINT('Ctrl Pts',(300.454448057487,-74.2045439613365,4.07499770136751));
#10236=CARTESIAN_POINT('Ctrl Pts',(300.262449847405,-74.4525668957251,4.06199937016494));
#10237=CARTESIAN_POINT('Ctrl Pts',(304.928206072991,-72.6653064756733,6.90943967127461));
#10238=CARTESIAN_POINT('Ctrl Pts',(304.928206072991,-72.4925978200716,3.61396220658452));
#10239=CARTESIAN_POINT('Ctrl Pts',(304.27644116432,-72.7585512331019,6.90455292060799));
#10240=CARTESIAN_POINT('Ctrl Pts',(304.27644116432,-72.5858425775002,3.6090754559179));
#10241=CARTESIAN_POINT('Ctrl Pts',(303.184001869625,-72.9148410788487,6.89636211686791));
#10242=CARTESIAN_POINT('Ctrl Pts',(303.184001869625,-72.742132423247,3.60088465217781));
#10243=CARTESIAN_POINT('Ctrl Pts',(302.137525386993,-73.2612568088565,6.87820723774949));
#10244=CARTESIAN_POINT('Ctrl Pts',(302.137525386993,-73.0885481532548,3.58272977305939));
#10245=CARTESIAN_POINT('Ctrl Pts',(301.715391741937,-73.4009959594636,6.87088381918727));
#10246=CARTESIAN_POINT('Ctrl Pts',(301.715391741937,-73.2282873038619,3.57540635449718));
#10247=CARTESIAN_POINT('',(304.928206072991,-72.5606345631874,4.91218060176546));
#10248=CARTESIAN_POINT('Ctrl Pts',(304.928206072991,-72.5606345631874,4.91218060176546));
#10249=CARTESIAN_POINT('Ctrl Pts',(304.27644116432,-72.653879320616,4.90729385109884));
#10250=CARTESIAN_POINT('Ctrl Pts',(303.184001869625,-72.8101691663629,4.89910304735876));
#10251=CARTESIAN_POINT('Ctrl Pts',(302.137525386993,-73.1565848963707,4.88094816824034));
#10252=CARTESIAN_POINT('Ctrl Pts',(301.715391741937,-73.2963240469777,4.87362474967813));
#10253=CARTESIAN_POINT('',(304.928206072991,-72.5213825960052,4.16320845069953));
#10254=CARTESIAN_POINT('',(304.928206072991,-72.6653064756733,6.90943967127461));
#10255=CARTESIAN_POINT('Ctrl Pts',(304.928206072991,-72.5213825960052,4.16320845069953));
#10256=CARTESIAN_POINT('Ctrl Pts',(304.27644116432,-72.6146273534338,4.15832170003291));
#10257=CARTESIAN_POINT('Ctrl Pts',(303.184001869625,-72.7709171991806,4.15013089629283));
#10258=CARTESIAN_POINT('Ctrl Pts',(302.137525386993,-73.1173329291884,4.13197601717441));
#10259=CARTESIAN_POINT('Ctrl Pts',(301.715391741937,-73.2570720797955,4.1246525986122));
#10260=CARTESIAN_POINT('Ctrl Pts',(310.944574938958,-71.2756739586271,6.9822672255125));
#10261=CARTESIAN_POINT('Ctrl Pts',(310.944574938958,-71.1029653030254,3.68678976082241));
#10262=CARTESIAN_POINT('Ctrl Pts',(310.11391781208,-71.5482464923538,6.96798230432634));
#10263=CARTESIAN_POINT('Ctrl Pts',(310.11391781208,-71.3755378367521,3.67250483963624));
#10264=CARTESIAN_POINT('Ctrl Pts',(308.151963631465,-72.1920438002462,6.93424231711129));
#10265=CARTESIAN_POINT('Ctrl Pts',(308.151963631465,-72.0193351446445,3.6387648524212));
#10266=CARTESIAN_POINT('Ctrl Pts',(306.107233300835,-72.4922197685838,6.91851076121658));
#10267=CARTESIAN_POINT('Ctrl Pts',(306.107233300835,-72.3195111129821,3.62303329652649));
#10268=CARTESIAN_POINT('Ctrl Pts',(304.928206072991,-72.6653064756733,6.90943967127461));
#10269=CARTESIAN_POINT('Ctrl Pts',(304.928206072991,-72.4925978200716,3.61396220658452));
#10270=CARTESIAN_POINT('Ctrl Pts',(310.944574938958,-71.1710020461412,4.98500815600335));
#10271=CARTESIAN_POINT('Ctrl Pts',(310.11391781208,-71.4435745798679,4.97072323481719));
#10272=CARTESIAN_POINT('Ctrl Pts',(308.151963631465,-72.0873718877604,4.93698324760214));
#10273=CARTESIAN_POINT('Ctrl Pts',(306.107233300835,-72.387547856098,4.92125169170743));
#10274=CARTESIAN_POINT('Ctrl Pts',(304.928206072991,-72.5606345631874,4.91218060176546));
#10275=CARTESIAN_POINT('Ctrl Pts',(310.944574938958,-71.131750078959,4.23603600493743));
#10276=CARTESIAN_POINT('Ctrl Pts',(310.11391781208,-71.4043226126857,4.22175108375126));
#10277=CARTESIAN_POINT('Ctrl Pts',(308.151963631465,-72.0481199205781,4.18801109653621));
#10278=CARTESIAN_POINT('Ctrl Pts',(306.107233300835,-72.3482958889157,4.1722795406415));
#10279=CARTESIAN_POINT('Ctrl Pts',(304.928206072991,-72.5213825960052,4.16320845069953));
#10280=CARTESIAN_POINT('Origin',(315.835436450188,-82.1679563556686,6.4114268937598));
#10281=CARTESIAN_POINT('',(311.98823796386,-82.0632844431827,4.41416782425065));
#10282=CARTESIAN_POINT('',(271.245481389866,-82.0632844431827,4.41416782425066));
#10283=CARTESIAN_POINT('',(311.98823796386,-82.0240324760005,3.66519567318472));
#10284=CARTESIAN_POINT('',(315.835436450188,-82.0240324760005,3.66519567318472));
#10285=CARTESIAN_POINT('',(311.98823796386,-82.1679563556686,6.4114268937598));
#10286=CARTESIAN_POINT('Ctrl Pts',(309.921396838372,-64.2661932022817,7.34961854587978));
#10287=CARTESIAN_POINT('Ctrl Pts',(309.921396838372,-64.09348454668,4.05414108118968));
#10288=CARTESIAN_POINT('Ctrl Pts',(309.35271727039,-63.9036602970292,7.36861809036109));
#10289=CARTESIAN_POINT('Ctrl Pts',(309.35271727039,-63.7309516414275,4.07314062567099));
#10290=CARTESIAN_POINT('Ctrl Pts',(308.080606437368,-63.0926903553179,7.41111922407148));
#10291=CARTESIAN_POINT('Ctrl Pts',(308.080606437368,-62.9199816997162,4.11564175938138));
#10292=CARTESIAN_POINT('Ctrl Pts',(306.564596568751,-63.0456308463041,7.41358550843304));
#10293=CARTESIAN_POINT('Ctrl Pts',(306.564596568751,-62.8729221907024,4.11810804374294));
#10294=CARTESIAN_POINT('Ctrl Pts',(305.726297961419,-63.0196086404567,7.41494927445355));
#10295=CARTESIAN_POINT('Ctrl Pts',(305.726297961419,-62.846899984855,4.11947180976345));
#10296=CARTESIAN_POINT('',(309.921396838372,-64.1615212897958,5.35235947637063));
#10297=CARTESIAN_POINT('Ctrl Pts',(309.921396838372,-64.1615212897958,5.35235947637063));
#10298=CARTESIAN_POINT('Ctrl Pts',(309.35271727039,-63.7989883845433,5.37135902085194));
#10299=CARTESIAN_POINT('Ctrl Pts',(308.080606437368,-62.988018442832,5.41386015456233));
#10300=CARTESIAN_POINT('Ctrl Pts',(306.564596568751,-62.9409589338182,5.41632643892389));
#10301=CARTESIAN_POINT('Ctrl Pts',(305.726297961419,-62.9149367279708,5.4176902049444));
#10302=CARTESIAN_POINT('',(309.921396838372,-64.1222693226136,4.6033873253047));
#10303=CARTESIAN_POINT('',(309.921396838372,-64.2661932022817,7.34961854587978));
#10304=CARTESIAN_POINT('Ctrl Pts',(309.921396838372,-64.1222693226136,4.6033873253047));
#10305=CARTESIAN_POINT('Ctrl Pts',(309.35271727039,-63.7597364173611,4.62238686978601));
#10306=CARTESIAN_POINT('Ctrl Pts',(308.080606437368,-62.9487664756498,4.6648880034964));
#10307=CARTESIAN_POINT('Ctrl Pts',(306.564596568751,-62.901706966636,4.66735428785796));
#10308=CARTESIAN_POINT('Ctrl Pts',(305.726297961419,-62.8756847607886,4.66871805387847));
#10309=CARTESIAN_POINT('Ctrl Pts',(310.965040789788,-67.4337407813617,7.18361441148682));
#10310=CARTESIAN_POINT('Ctrl Pts',(310.965040789788,-67.26103212576,3.88813694679673));
#10311=CARTESIAN_POINT('Ctrl Pts',(310.950348413265,-66.7690450787571,7.21844963715931));
#10312=CARTESIAN_POINT('Ctrl Pts',(310.950348413265,-66.5963364231554,3.92297217246921));
#10313=CARTESIAN_POINT('Ctrl Pts',(310.92444225758,-65.5970283986338,7.27987242864725));
#10314=CARTESIAN_POINT('Ctrl Pts',(310.92444225758,-65.4243197430321,3.98439496395716));
#10315=CARTESIAN_POINT('Ctrl Pts',(310.224412721004,-64.6682330241468,7.32854853163248));
#10316=CARTESIAN_POINT('Ctrl Pts',(310.224412721004,-64.495524368545,4.03307106694239));
#10317=CARTESIAN_POINT('Ctrl Pts',(309.921396838372,-64.2661932022817,7.34961854587978));
#10318=CARTESIAN_POINT('Ctrl Pts',(309.921396838372,-64.09348454668,4.05414108118968));
#10319=CARTESIAN_POINT('',(310.965040789788,-67.3290688688758,5.18635534197767));
#10320=CARTESIAN_POINT('Ctrl Pts',(310.965040789788,-67.3290688688758,5.18635534197767));
#10321=CARTESIAN_POINT('Ctrl Pts',(310.950348413265,-66.6643731662712,5.22119056765016));
#10322=CARTESIAN_POINT('Ctrl Pts',(310.92444225758,-65.4923564861479,5.28261335913811));
#10323=CARTESIAN_POINT('Ctrl Pts',(310.224412721004,-64.5635611116609,5.33128946212333));
#10324=CARTESIAN_POINT('Ctrl Pts',(309.921396838372,-64.1615212897958,5.35235947637063));
#10325=CARTESIAN_POINT('',(310.965040789788,-67.2898169016936,4.43738319091174));
#10326=CARTESIAN_POINT('',(310.965040789788,-67.4337407813617,7.18361441148682));
#10327=CARTESIAN_POINT('Ctrl Pts',(310.965040789788,-67.2898169016936,4.43738319091174));
#10328=CARTESIAN_POINT('Ctrl Pts',(310.950348413265,-66.625121199089,4.47221841658423));
#10329=CARTESIAN_POINT('Ctrl Pts',(310.92444225758,-65.4531045189657,4.53364120807218));
#10330=CARTESIAN_POINT('Ctrl Pts',(310.224412721004,-64.5243091444787,4.5823173110574));
#10331=CARTESIAN_POINT('Ctrl Pts',(309.921396838372,-64.1222693226136,4.6033873253047));
#10332=CARTESIAN_POINT('Ctrl Pts',(310.944574938958,-68.3942246709077,7.13327758379858));
#10333=CARTESIAN_POINT('Ctrl Pts',(310.944574938958,-68.221516015306,3.83780011910848));
#10334=CARTESIAN_POINT('Ctrl Pts',(310.950349608894,-68.1881763517651,7.14407611862984));
#10335=CARTESIAN_POINT('Ctrl Pts',(310.950349608894,-68.0154676961634,3.84859865393975));
#10336=CARTESIAN_POINT('Ctrl Pts',(310.959321192146,-67.8680576835405,7.16085282713854));
#10337=CARTESIAN_POINT('Ctrl Pts',(310.959321192146,-67.6953490279388,3.86537536244845));
#10338=CARTESIAN_POINT('Ctrl Pts',(310.963538134323,-67.5478447284193,7.1776344770141));
#10339=CARTESIAN_POINT('Ctrl Pts',(310.963538134323,-67.3751360728176,3.88215701232401));
#10340=CARTESIAN_POINT('Ctrl Pts',(310.965040789788,-67.4337407813617,7.18361441148682));
#10341=CARTESIAN_POINT('Ctrl Pts',(310.965040789788,-67.26103212576,3.88813694679673));
#10342=CARTESIAN_POINT('',(310.944574938958,-68.2895527584218,5.13601851428943));
#10343=CARTESIAN_POINT('Ctrl Pts',(310.944574938958,-68.2895527584218,5.13601851428943));
#10344=CARTESIAN_POINT('Ctrl Pts',(310.950349608894,-68.0835044392792,5.1468170491207));
#10345=CARTESIAN_POINT('Ctrl Pts',(310.959321192146,-67.7633857710546,5.16359375762939));
#10346=CARTESIAN_POINT('Ctrl Pts',(310.963538134323,-67.4431728159334,5.18037540750495));
#10347=CARTESIAN_POINT('Ctrl Pts',(310.965040789788,-67.3290688688758,5.18635534197767));
#10348=CARTESIAN_POINT('',(310.944574938958,-68.2503007912396,4.3870463632235));
#10349=CARTESIAN_POINT('',(310.944574938958,-68.3942246709077,7.13327758379858));
#10350=CARTESIAN_POINT('Ctrl Pts',(310.944574938958,-68.2503007912396,4.3870463632235));
#10351=CARTESIAN_POINT('Ctrl Pts',(310.950349608894,-68.044252472097,4.39784489805477));
#10352=CARTESIAN_POINT('Ctrl Pts',(310.959321192146,-67.7241338038724,4.41462160656346));
#10353=CARTESIAN_POINT('Ctrl Pts',(310.963538134323,-67.4039208487512,4.43140325643902));
#10354=CARTESIAN_POINT('Ctrl Pts',(310.965040789788,-67.2898169016936,4.43738319091174));
#10355=CARTESIAN_POINT('Ctrl Pts',(304.375685321038,-69.6612446549071,7.06687588012993));
#10356=CARTESIAN_POINT('Ctrl Pts',(304.375685321038,-69.4885359993054,3.77139841543984));
#10357=CARTESIAN_POINT('Ctrl Pts',(305.674124899154,-69.5042691822286,7.07510261605492));
#10358=CARTESIAN_POINT('Ctrl Pts',(305.674124899154,-69.3315605266269,3.77962515136483));
#10359=CARTESIAN_POINT('Ctrl Pts',(307.894863945316,-69.2357918750498,7.08917291551205));
#10360=CARTESIAN_POINT('Ctrl Pts',(307.894863945316,-69.0630832194481,3.79369545082196));
#10361=CARTESIAN_POINT('Ctrl Pts',(310.049661684024,-68.6411758238119,7.12033542228348));
#10362=CARTESIAN_POINT('Ctrl Pts',(310.049661684024,-68.4684671682102,3.82485795759339));
#10363=CARTESIAN_POINT('Ctrl Pts',(310.944574938958,-68.3942246709077,7.13327758379858));
#10364=CARTESIAN_POINT('Ctrl Pts',(310.944574938958,-68.221516015306,3.83780011910848));
#10365=CARTESIAN_POINT('',(304.375685321038,-69.5565727424212,5.06961681062079));
#10366=CARTESIAN_POINT('Ctrl Pts',(304.375685321038,-69.5565727424212,5.06961681062079));
#10367=CARTESIAN_POINT('Ctrl Pts',(305.674124899154,-69.3995972697427,5.07784354654577));
#10368=CARTESIAN_POINT('Ctrl Pts',(307.894863945316,-69.131119962564,5.0919138460029));
#10369=CARTESIAN_POINT('Ctrl Pts',(310.049661684024,-68.536503911326,5.12307635277434));
#10370=CARTESIAN_POINT('Ctrl Pts',(310.944574938958,-68.2895527584218,5.13601851428943));
#10371=CARTESIAN_POINT('',(304.375685321038,-69.517320775239,4.32064465955486));
#10372=CARTESIAN_POINT('',(304.375685321038,-69.6612446549071,7.06687588012993));
#10373=CARTESIAN_POINT('Ctrl Pts',(304.375685321038,-69.517320775239,4.32064465955486));
#10374=CARTESIAN_POINT('Ctrl Pts',(305.674124899154,-69.3603453025605,4.32887139547984));
#10375=CARTESIAN_POINT('Ctrl Pts',(307.894863945316,-69.0918679953817,4.34294169493697));
#10376=CARTESIAN_POINT('Ctrl Pts',(310.049661684024,-68.4972519441438,4.37410420170841));
#10377=CARTESIAN_POINT('Ctrl Pts',(310.944574938958,-68.2503007912396,4.3870463632235));
#10378=CARTESIAN_POINT('Ctrl Pts',(301.101473437493,-70.2130105772906,7.03795905345376));
#10379=CARTESIAN_POINT('Ctrl Pts',(301.101473437493,-70.0403019216889,3.74248158876366));
#10380=CARTESIAN_POINT('Ctrl Pts',(301.554037000578,-70.1133316321364,7.04318300561056));
#10381=CARTESIAN_POINT('Ctrl Pts',(301.554037000578,-69.9406229765347,3.74770554092047));
#10382=CARTESIAN_POINT('Ctrl Pts',(302.635963150518,-69.8750330456887,7.05567170533257));
#10383=CARTESIAN_POINT('Ctrl Pts',(302.635963150518,-69.702324390087,3.76019424064248));
#10384=CARTESIAN_POINT('Ctrl Pts',(303.735865738226,-69.7398698522621,7.06275530814087));
#10385=CARTESIAN_POINT('Ctrl Pts',(303.735865738226,-69.5671611966604,3.76727784345078));
#10386=CARTESIAN_POINT('Ctrl Pts',(304.375685321038,-69.6612446549071,7.06687588012993));
#10387=CARTESIAN_POINT('Ctrl Pts',(304.375685321038,-69.4885359993054,3.77139841543984));
#10388=CARTESIAN_POINT('',(301.101473437493,-70.1083386648047,5.04069998394461));
#10389=CARTESIAN_POINT('Ctrl Pts',(301.101473437493,-70.1083386648047,5.04069998394461));
#10390=CARTESIAN_POINT('Ctrl Pts',(301.554037000578,-70.0086597196505,5.04592393610142));
#10391=CARTESIAN_POINT('Ctrl Pts',(302.635963150518,-69.7703611332028,5.05841263582343));
#10392=CARTESIAN_POINT('Ctrl Pts',(303.735865738226,-69.6351979397762,5.06549623863172));
#10393=CARTESIAN_POINT('Ctrl Pts',(304.375685321038,-69.5565727424212,5.06961681062079));
#10394=CARTESIAN_POINT('',(301.101473437493,-70.0690866976225,4.29172783287868));
#10395=CARTESIAN_POINT('',(301.101473437493,-70.2130105772906,7.03795905345376));
#10396=CARTESIAN_POINT('Ctrl Pts',(301.101473437493,-70.0690866976225,4.29172783287868));
#10397=CARTESIAN_POINT('Ctrl Pts',(301.554037000578,-69.9694077524683,4.29695178503549));
#10398=CARTESIAN_POINT('Ctrl Pts',(302.635963150518,-69.7311091660206,4.3094404847575));
#10399=CARTESIAN_POINT('Ctrl Pts',(303.735865738226,-69.595945972594,4.31652408756579));
#10400=CARTESIAN_POINT('Ctrl Pts',(304.375685321038,-69.517320775239,4.32064465955486));
#10401=CARTESIAN_POINT('Ctrl Pts',(298.451403247063,-71.4187242947666,6.97477027506974));
#10402=CARTESIAN_POINT('Ctrl Pts',(298.451403247063,-71.2460156391649,3.67929281037965));
#10403=CARTESIAN_POINT('Ctrl Pts',(298.860392481245,-71.1680304824226,6.98790858105469));
#10404=CARTESIAN_POINT('Ctrl Pts',(298.860392481245,-70.9953218268209,3.6924311163646));
#10405=CARTESIAN_POINT('Ctrl Pts',(299.693837195636,-70.6571626762152,7.01468202828522));
#10406=CARTESIAN_POINT('Ctrl Pts',(299.693837195636,-70.4844540206135,3.71920456359512));
#10407=CARTESIAN_POINT('Ctrl Pts',(300.626492258889,-70.3628816030241,7.0301046458162));
#10408=CARTESIAN_POINT('Ctrl Pts',(300.626492258889,-70.1901729474224,3.7346271811261));
#10409=CARTESIAN_POINT('Ctrl Pts',(301.101473437493,-70.2130105772906,7.03795905345376));
#10410=CARTESIAN_POINT('Ctrl Pts',(301.101473437493,-70.0403019216889,3.74248158876366));
#10411=CARTESIAN_POINT('',(298.451403247063,-71.3140523822807,4.97751120556059));
#10412=CARTESIAN_POINT('Ctrl Pts',(298.451403247063,-71.3140523822807,4.97751120556059));
#10413=CARTESIAN_POINT('Ctrl Pts',(298.860392481245,-71.0633585699367,4.99064951154554));
#10414=CARTESIAN_POINT('Ctrl Pts',(299.693837195636,-70.5524907637293,5.01742295877607));
#10415=CARTESIAN_POINT('Ctrl Pts',(300.626492258889,-70.2582096905382,5.03284557630705));
#10416=CARTESIAN_POINT('Ctrl Pts',(301.101473437493,-70.1083386648047,5.04069998394461));
#10417=CARTESIAN_POINT('',(298.451403247063,-71.2748004150985,4.22853905449466));
#10418=CARTESIAN_POINT('',(298.451403247063,-71.4187242947666,6.97477027506974));
#10419=CARTESIAN_POINT('Ctrl Pts',(298.451403247063,-71.2748004150985,4.22853905449466));
#10420=CARTESIAN_POINT('Ctrl Pts',(298.860392481245,-71.0241066027545,4.24167736047961));
#10421=CARTESIAN_POINT('Ctrl Pts',(299.693837195636,-70.5132387965471,4.26845080771014));
#10422=CARTESIAN_POINT('Ctrl Pts',(300.626492258889,-70.218957723356,4.28387342524112));
#10423=CARTESIAN_POINT('Ctrl Pts',(301.101473437493,-70.0690866976225,4.29172783287868));
#10424=CARTESIAN_POINT('Ctrl Pts',(296.548269854729,-73.533829774975,6.86392229390263));
#10425=CARTESIAN_POINT('Ctrl Pts',(296.548269854729,-73.3611211193733,3.56844482921254));
#10426=CARTESIAN_POINT('Ctrl Pts',(296.806142227999,-73.1182504840036,6.88570188165846));
#10427=CARTESIAN_POINT('Ctrl Pts',(296.806142227999,-72.9455418284019,3.59022441696836));
#10428=CARTESIAN_POINT('Ctrl Pts',(297.314211174768,-72.29946198803,6.92861276843494));
#10429=CARTESIAN_POINT('Ctrl Pts',(297.314211174768,-72.1267533324283,3.63313530374484));
#10430=CARTESIAN_POINT('Ctrl Pts',(298.076176427047,-71.7093316705684,6.9595401878607));
#10431=CARTESIAN_POINT('Ctrl Pts',(298.076176427047,-71.5366230149667,3.6640627231706));
#10432=CARTESIAN_POINT('Ctrl Pts',(298.451403247063,-71.4187242947666,6.97477027506974));
#10433=CARTESIAN_POINT('Ctrl Pts',(298.451403247063,-71.2460156391649,3.67929281037965));
#10434=CARTESIAN_POINT('',(296.548269854729,-73.4291578624891,4.86666322439348));
#10435=CARTESIAN_POINT('Ctrl Pts',(296.548269854729,-73.4291578624891,4.86666322439348));
#10436=CARTESIAN_POINT('Ctrl Pts',(296.806142227999,-73.0135785715178,4.88844281214931));
#10437=CARTESIAN_POINT('Ctrl Pts',(297.314211174768,-72.1947900755441,4.93135369892579));
#10438=CARTESIAN_POINT('Ctrl Pts',(298.076176427047,-71.6046597580825,4.96228111835155));
#10439=CARTESIAN_POINT('Ctrl Pts',(298.451403247063,-71.3140523822807,4.97751120556059));
#10440=CARTESIAN_POINT('',(296.548269854729,-73.3899058953069,4.11769107332755));
#10441=CARTESIAN_POINT('',(296.548269854729,-73.533829774975,6.86392229390263));
#10442=CARTESIAN_POINT('Ctrl Pts',(296.548269854729,-73.3899058953069,4.11769107332755));
#10443=CARTESIAN_POINT('Ctrl Pts',(296.806142227999,-72.9743266043355,4.13947066108338));
#10444=CARTESIAN_POINT('Ctrl Pts',(297.314211174768,-72.155538108362,4.18238154785986));
#10445=CARTESIAN_POINT('Ctrl Pts',(298.076176427047,-71.5654077909003,4.21330896728562));
#10446=CARTESIAN_POINT('Ctrl Pts',(298.451403247063,-71.2748004150985,4.22853905449466));
#10447=CARTESIAN_POINT('Ctrl Pts',(295.821798907464,-76.4459310054969,6.71130553536356));
#10448=CARTESIAN_POINT('Ctrl Pts',(295.821798907464,-76.2732223498952,3.41582807067347));
#10449=CARTESIAN_POINT('Ctrl Pts',(295.850194079688,-75.929527469496,6.73836909789928));
#10450=CARTESIAN_POINT('Ctrl Pts',(295.850194079688,-75.7568188138942,3.44289163320919));
#10451=CARTESIAN_POINT('Ctrl Pts',(295.906137854006,-74.912116388218,6.79168935328702));
#10452=CARTESIAN_POINT('Ctrl Pts',(295.906137854006,-74.7394077326163,3.49621188859693));
#10453=CARTESIAN_POINT('Ctrl Pts',(296.336396151523,-73.988600271538,6.84008878209431));
#10454=CARTESIAN_POINT('Ctrl Pts',(296.336396151523,-73.8158916159363,3.54461131740422));
#10455=CARTESIAN_POINT('Ctrl Pts',(296.548269854729,-73.533829774975,6.86392229390263));
#10456=CARTESIAN_POINT('Ctrl Pts',(296.548269854729,-73.3611211193733,3.56844482921254));
#10457=CARTESIAN_POINT('',(295.821798907464,-76.341259093011,4.71404646585442));
#10458=CARTESIAN_POINT('Ctrl Pts',(295.821798907464,-76.341259093011,4.71404646585442));
#10459=CARTESIAN_POINT('Ctrl Pts',(295.850194079688,-75.8248555570101,4.74111002839014));
#10460=CARTESIAN_POINT('Ctrl Pts',(295.906137854006,-74.8074444757321,4.79443028377787));
#10461=CARTESIAN_POINT('Ctrl Pts',(296.336396151523,-73.8839283590521,4.84282971258517));
#10462=CARTESIAN_POINT('Ctrl Pts',(296.548269854729,-73.4291578624891,4.86666322439348));
#10463=CARTESIAN_POINT('',(295.821798907464,-76.3020071258288,3.96507431478848));
#10464=CARTESIAN_POINT('',(295.821798907464,-76.4459310054969,6.71130553536356));
#10465=CARTESIAN_POINT('Ctrl Pts',(295.821798907464,-76.3020071258288,3.96507431478848));
#10466=CARTESIAN_POINT('Ctrl Pts',(295.850194079688,-75.7856035898279,3.99213787732421));
#10467=CARTESIAN_POINT('Ctrl Pts',(295.906137854006,-74.7681925085499,4.04545813271194));
#10468=CARTESIAN_POINT('Ctrl Pts',(296.336396151523,-73.8446763918699,4.09385756151924));
#10469=CARTESIAN_POINT('Ctrl Pts',(296.548269854729,-73.3899058953069,4.11769107332755));
#10470=CARTESIAN_POINT('Ctrl Pts',(297.745398150628,-80.9111552732156,6.47729304749169));
#10471=CARTESIAN_POINT('Ctrl Pts',(297.745398150628,-80.7384466176139,3.18181558280159));
#10472=CARTESIAN_POINT('Ctrl Pts',(297.184375112701,-80.2825382830029,6.51023746796832));
#10473=CARTESIAN_POINT('Ctrl Pts',(297.184375112701,-80.1098296274011,3.21476000327823));
#10474=CARTESIAN_POINT('Ctrl Pts',(296.047550793613,-79.0087455266364,6.57699411759631));
#10475=CARTESIAN_POINT('Ctrl Pts',(296.047550793613,-78.8360368710347,3.28151665290622));
#10476=CARTESIAN_POINT('Ctrl Pts',(295.897698873721,-77.3075740198464,6.66614873844676));
#10477=CARTESIAN_POINT('Ctrl Pts',(295.897698873721,-77.1348653642447,3.37067127375667));
#10478=CARTESIAN_POINT('Ctrl Pts',(295.821798907464,-76.4459310054969,6.71130553536356));
#10479=CARTESIAN_POINT('Ctrl Pts',(295.821798907464,-76.2732223498952,3.41582807067347));
#10480=CARTESIAN_POINT('',(297.745398150628,-80.8064833607297,4.48003397798254));
#10481=CARTESIAN_POINT('Ctrl Pts',(297.745398150628,-80.8064833607297,4.48003397798254));
#10482=CARTESIAN_POINT('Ctrl Pts',(297.184375112701,-80.177866370517,4.51297839845917));
#10483=CARTESIAN_POINT('Ctrl Pts',(296.047550793613,-78.9040736141505,4.57973504808716));
#10484=CARTESIAN_POINT('Ctrl Pts',(295.897698873721,-77.2029021073605,4.66888966893761));
#10485=CARTESIAN_POINT('Ctrl Pts',(295.821798907464,-76.341259093011,4.71404646585442));
#10486=CARTESIAN_POINT('',(297.745398150628,-80.7672313935475,3.73106182691661));
#10487=CARTESIAN_POINT('',(297.745398150628,-80.9111552732156,6.47729304749169));
#10488=CARTESIAN_POINT('Ctrl Pts',(297.745398150628,-80.7672313935475,3.73106182691661));
#10489=CARTESIAN_POINT('Ctrl Pts',(297.184375112701,-80.1386144033347,3.76400624739325));
#10490=CARTESIAN_POINT('Ctrl Pts',(296.047550793613,-78.8648216469683,3.83076289702124));
#10491=CARTESIAN_POINT('Ctrl Pts',(295.897698873721,-77.1636501401783,3.91991751787168));
#10492=CARTESIAN_POINT('Ctrl Pts',(295.821798907464,-76.3020071258288,3.96507431478848));
#10493=CARTESIAN_POINT('Ctrl Pts',(303.250177966302,-82.6584160115288,6.38572299236824));
#10494=CARTESIAN_POINT('Ctrl Pts',(303.250177966302,-82.4857073559271,3.09024552767815));
#10495=CARTESIAN_POINT('Ctrl Pts',(302.160224367052,-82.6148535245638,6.38800600557012));
#10496=CARTESIAN_POINT('Ctrl Pts',(302.160224367052,-82.4421448689621,3.09252854088003));
#10497=CARTESIAN_POINT('Ctrl Pts',(300.156169366628,-82.5347568856854,6.39220369254178));
#10498=CARTESIAN_POINT('Ctrl Pts',(300.156169366628,-82.3620482300837,3.09672622785168));
#10499=CARTESIAN_POINT('Ctrl Pts',(298.500563070935,-81.4197423071714,6.45063913046992));
#10500=CARTESIAN_POINT('Ctrl Pts',(298.500563070935,-81.2470336515696,3.15516166577982));
#10501=CARTESIAN_POINT('Ctrl Pts',(297.745398150628,-80.9111552732156,6.47729304749169));
#10502=CARTESIAN_POINT('Ctrl Pts',(297.745398150628,-80.7384466176139,3.18181558280159));
#10503=CARTESIAN_POINT('',(303.250177966302,-82.5537440990429,4.38846392285909));
#10504=CARTESIAN_POINT('Ctrl Pts',(303.250177966302,-82.5537440990429,4.38846392285909));
#10505=CARTESIAN_POINT('Ctrl Pts',(302.160224367052,-82.5101816120779,4.39074693606098));
#10506=CARTESIAN_POINT('Ctrl Pts',(300.156169366628,-82.4300849731995,4.39494462303263));
#10507=CARTESIAN_POINT('Ctrl Pts',(298.500563070935,-81.3150703946855,4.45338006096077));
#10508=CARTESIAN_POINT('Ctrl Pts',(297.745398150628,-80.8064833607297,4.48003397798254));
#10509=CARTESIAN_POINT('',(303.250177966302,-82.5144921318607,3.63949177179316));
#10510=CARTESIAN_POINT('',(303.250177966302,-82.6584160115288,6.38572299236824));
#10511=CARTESIAN_POINT('Ctrl Pts',(303.250177966302,-82.5144921318607,3.63949177179316));
#10512=CARTESIAN_POINT('Ctrl Pts',(302.160224367052,-82.4709296448957,3.64177478499505));
#10513=CARTESIAN_POINT('Ctrl Pts',(300.156169366628,-82.3908330060173,3.6459724719667));
#10514=CARTESIAN_POINT('Ctrl Pts',(298.500563070935,-81.2758184275033,3.70440790989484));
#10515=CARTESIAN_POINT('Ctrl Pts',(297.745398150628,-80.7672313935475,3.73106182691661));
#10516=CARTESIAN_POINT('Ctrl Pts',(307.312258349603,-81.943161949913,6.4232078693607));
#10517=CARTESIAN_POINT('Ctrl Pts',(307.312258349603,-81.7704532943113,3.12773040467061));
#10518=CARTESIAN_POINT('Ctrl Pts',(306.663575279178,-82.1517589611074,6.41227576323892));
#10519=CARTESIAN_POINT('Ctrl Pts',(306.663575279178,-81.9790503055057,3.11679829854883));
#10520=CARTESIAN_POINT('Ctrl Pts',(305.342757578361,-82.5764943014988,6.39001632726598));
#10521=CARTESIAN_POINT('Ctrl Pts',(305.342757578361,-82.4037856458971,3.09453886257589));
#10522=CARTESIAN_POINT('Ctrl Pts',(303.955912469878,-82.6307874438858,6.38717094424318));
#10523=CARTESIAN_POINT('Ctrl Pts',(303.955912469878,-82.4580787882841,3.09169347955309));
#10524=CARTESIAN_POINT('Ctrl Pts',(303.250177966302,-82.6584160115288,6.38572299236824));
#10525=CARTESIAN_POINT('Ctrl Pts',(303.250177966302,-82.4857073559271,3.09024552767815));
#10526=CARTESIAN_POINT('',(307.312258349603,-81.8384900374271,4.42594879985155));
#10527=CARTESIAN_POINT('Ctrl Pts',(307.312258349603,-81.8384900374271,4.42594879985155));
#10528=CARTESIAN_POINT('Ctrl Pts',(306.663575279178,-82.0470870486215,4.41501669372978));
#10529=CARTESIAN_POINT('Ctrl Pts',(305.342757578361,-82.471822389013,4.39275725775683));
#10530=CARTESIAN_POINT('Ctrl Pts',(303.955912469878,-82.5261155313999,4.38991187473404));
#10531=CARTESIAN_POINT('Ctrl Pts',(303.250177966302,-82.5537440990429,4.38846392285909));
#10532=CARTESIAN_POINT('',(307.312258349603,-81.7992380702449,3.67697664878563));
#10533=CARTESIAN_POINT('',(307.312258349603,-81.943161949913,6.4232078693607));
#10534=CARTESIAN_POINT('Ctrl Pts',(307.312258349603,-81.7992380702449,3.67697664878563));
#10535=CARTESIAN_POINT('Ctrl Pts',(306.663575279178,-82.0078350814393,3.66604454266385));
#10536=CARTESIAN_POINT('Ctrl Pts',(305.342757578361,-82.4325704218307,3.6437851066909));
#10537=CARTESIAN_POINT('Ctrl Pts',(303.955912469878,-82.4868635642177,3.64093972366811));
#10538=CARTESIAN_POINT('Ctrl Pts',(303.250177966302,-82.5144921318607,3.63949177179316));
#10539=CARTESIAN_POINT('Ctrl Pts',(311.251543627923,-79.4908660515304,6.55172725153984));
#10540=CARTESIAN_POINT('Ctrl Pts',(311.251543627923,-79.3181573959287,3.25624978684975));
#10541=CARTESIAN_POINT('Ctrl Pts',(310.602041197983,-80.0169470558374,6.52415651438112));
#10542=CARTESIAN_POINT('Ctrl Pts',(310.602041197983,-79.8442384002357,3.22867904969103));
#10543=CARTESIAN_POINT('Ctrl Pts',(309.390073061189,-80.998611458004,6.47270966306236));
#10544=CARTESIAN_POINT('Ctrl Pts',(309.390073061189,-80.8259028024023,3.17723219837226));
#10545=CARTESIAN_POINT('Ctrl Pts',(307.970890692898,-81.6437553183314,6.43889910602451));
#10546=CARTESIAN_POINT('Ctrl Pts',(307.970890692898,-81.4710466627297,3.14342164133442));
#10547=CARTESIAN_POINT('Ctrl Pts',(307.312258349603,-81.943161949913,6.4232078693607));
#10548=CARTESIAN_POINT('Ctrl Pts',(307.312258349603,-81.7704532943113,3.12773040467061));
#10549=CARTESIAN_POINT('',(311.251543627923,-79.3861941390445,4.5544681820307));
#10550=CARTESIAN_POINT('Ctrl Pts',(311.251543627923,-79.3861941390445,4.5544681820307));
#10551=CARTESIAN_POINT('Ctrl Pts',(310.602041197983,-79.9122751433515,4.52689744487197));
#10552=CARTESIAN_POINT('Ctrl Pts',(309.390073061189,-80.8939395455181,4.47545059355321));
#10553=CARTESIAN_POINT('Ctrl Pts',(307.970890692898,-81.5390834058455,4.44164003651536));
#10554=CARTESIAN_POINT('Ctrl Pts',(307.312258349603,-81.8384900374271,4.42594879985155));
#10555=CARTESIAN_POINT('',(311.251543627923,-79.3469421718623,3.80549603096477));
#10556=CARTESIAN_POINT('',(311.251543627923,-79.4908660515304,6.55172725153984));
#10557=CARTESIAN_POINT('Ctrl Pts',(311.251543627923,-79.3469421718623,3.80549603096477));
#10558=CARTESIAN_POINT('Ctrl Pts',(310.602041197983,-79.8730231761693,3.77792529380604));
#10559=CARTESIAN_POINT('Ctrl Pts',(309.390073061189,-80.8546875783359,3.72647844248728));
#10560=CARTESIAN_POINT('Ctrl Pts',(307.970890692898,-81.4998314386633,3.69266788544943));
#10561=CARTESIAN_POINT('Ctrl Pts',(307.312258349603,-81.7992380702449,3.67697664878563));
#10562=CARTESIAN_POINT('Ctrl Pts',(311.98823796386,-82.1679563556686,6.4114268937598));
#10563=CARTESIAN_POINT('Ctrl Pts',(311.98823796386,-81.9952477000669,3.1159494290697));
#10564=CARTESIAN_POINT('Ctrl Pts',(311.813194499711,-81.759197617483,6.43284903149064));
#10565=CARTESIAN_POINT('Ctrl Pts',(311.813194499711,-81.5864889618813,3.13737156680055));
#10566=CARTESIAN_POINT('Ctrl Pts',(311.445632818236,-80.9008733729616,6.47783189905081));
#10567=CARTESIAN_POINT('Ctrl Pts',(311.445632818236,-80.7281647173598,3.18235443436071));
#10568=CARTESIAN_POINT('Ctrl Pts',(311.318258582345,-79.9755327866133,6.52632694426179));
#10569=CARTESIAN_POINT('Ctrl Pts',(311.318258582345,-79.8028241310115,3.23084947957169));
#10570=CARTESIAN_POINT('Ctrl Pts',(311.251543627923,-79.4908660515304,6.55172725153984));
#10571=CARTESIAN_POINT('Ctrl Pts',(311.251543627923,-79.3181573959287,3.25624978684975));
#10572=CARTESIAN_POINT('Ctrl Pts',(311.98823796386,-82.0632844431827,4.41416782425065));
#10573=CARTESIAN_POINT('Ctrl Pts',(311.813194499711,-81.6545257049971,4.4355899619815));
#10574=CARTESIAN_POINT('Ctrl Pts',(311.445632818236,-80.7962014604757,4.48057282954166));
#10575=CARTESIAN_POINT('Ctrl Pts',(311.318258582345,-79.8708608741274,4.52906787475264));
#10576=CARTESIAN_POINT('Ctrl Pts',(311.251543627923,-79.3861941390445,4.5544681820307));
#10577=CARTESIAN_POINT('Ctrl Pts',(311.98823796386,-82.0240324760005,3.66519567318472));
#10578=CARTESIAN_POINT('Ctrl Pts',(311.813194499711,-81.6152737378149,3.68661781091557));
#10579=CARTESIAN_POINT('Ctrl Pts',(311.445632818236,-80.7569494932935,3.73160067847573));
#10580=CARTESIAN_POINT('Ctrl Pts',(311.318258582345,-79.8316089069452,3.78009572368671));
#10581=CARTESIAN_POINT('Ctrl Pts',(311.251543627923,-79.3469421718623,3.80549603096477));
#10582=CARTESIAN_POINT('Origin',(230.368184612935,-71.2032752470287,4.23228752971605));
#10583=CARTESIAN_POINT('Ctrl Pts',(263.407066928094,-60.3425183363184,7.5552496322336));
#10584=CARTESIAN_POINT('Ctrl Pts',(263.407066928094,-60.1698096807167,4.25977216754351));
#10585=CARTESIAN_POINT('Ctrl Pts',(263.380749291513,-59.8658274467154,7.58023194316215));
#10586=CARTESIAN_POINT('Ctrl Pts',(263.380749291513,-59.6931187911137,4.28475447847206));
#10587=CARTESIAN_POINT('Ctrl Pts',(263.329561118855,-58.9386569735208,7.62882288867909));
#10588=CARTESIAN_POINT('Ctrl Pts',(263.329561118855,-58.7659483179191,4.33334542398899));
#10589=CARTESIAN_POINT('Ctrl Pts',(262.899688783065,-58.1161466628878,7.67192882749677));
#10590=CARTESIAN_POINT('Ctrl Pts',(262.899688783065,-57.9434380072861,4.37645136280667));
#10591=CARTESIAN_POINT('Ctrl Pts',(262.690828906243,-57.7165177780755,7.69287248988714));
#10592=CARTESIAN_POINT('Ctrl Pts',(262.690828906243,-57.5438091224737,4.39739502519705));
#10593=CARTESIAN_POINT('',(263.407066928094,-60.2378464238325,5.55799056272445));
#10594=CARTESIAN_POINT('',(262.690828906243,-57.6118458655896,5.69561342037799));
#10595=CARTESIAN_POINT('Ctrl Pts',(263.407066928094,-60.2378464238325,5.55799056272445));
#10596=CARTESIAN_POINT('Ctrl Pts',(263.380749291513,-59.7611555342295,5.582972873653));
#10597=CARTESIAN_POINT('Ctrl Pts',(263.329561118855,-58.8339850610349,5.63156381916994));
#10598=CARTESIAN_POINT('Ctrl Pts',(262.899688783065,-58.0114747504019,5.67466975798762));
#10599=CARTESIAN_POINT('Ctrl Pts',(262.690828906243,-57.6118458655896,5.69561342037799));
#10600=CARTESIAN_POINT('',(263.407066928094,-60.1985944566503,4.80901841165852));
#10601=CARTESIAN_POINT('',(263.407066928094,-60.3425183363184,7.5552496322336));
#10602=CARTESIAN_POINT('',(262.690828906243,-57.5725938984074,4.94664126931206));
#10603=CARTESIAN_POINT('Ctrl Pts',(263.407066928094,-60.1985944566503,4.80901841165852));
#10604=CARTESIAN_POINT('Ctrl Pts',(263.380749291513,-59.7219035670473,4.83400072258707));
#10605=CARTESIAN_POINT('Ctrl Pts',(263.329561118855,-58.7947330938527,4.88259166810401));
#10606=CARTESIAN_POINT('Ctrl Pts',(262.899688783065,-57.9722227832197,4.92569760692169));
#10607=CARTESIAN_POINT('Ctrl Pts',(262.690828906243,-57.5725938984074,4.94664126931206));
#10608=CARTESIAN_POINT('',(262.690828906243,-57.7165177780755,7.69287248988714));
#10609=CARTESIAN_POINT('Ctrl Pts',(262.690828906243,-57.7165177780755,7.69287248988714));
#10610=CARTESIAN_POINT('Ctrl Pts',(262.690828906243,-57.5438091224737,4.39739502519705));
#10611=CARTESIAN_POINT('Ctrl Pts',(262.424235391985,-57.3675507500821,7.71116107686727));
#10612=CARTESIAN_POINT('Ctrl Pts',(262.424235391985,-57.1948420944804,4.41568361217718));
#10613=CARTESIAN_POINT('Ctrl Pts',(261.885430780401,-56.6622633596621,7.74812362275552));
#10614=CARTESIAN_POINT('Ctrl Pts',(261.885430780401,-56.4895547040604,4.45264615806542));
#10615=CARTESIAN_POINT('Ctrl Pts',(261.060971597,-56.3308376837201,7.76549290642902));
#10616=CARTESIAN_POINT('Ctrl Pts',(261.060971597,-56.1581290281184,4.47001544173892));
#10617=CARTESIAN_POINT('Ctrl Pts',(260.644444094842,-56.1633971217971,7.77426809444131));
#10618=CARTESIAN_POINT('Ctrl Pts',(260.644444094842,-55.9906884661954,4.47879062975121));
#10619=CARTESIAN_POINT('',(260.644444094842,-56.0587252093112,5.77700902493216));
#10620=CARTESIAN_POINT('Ctrl Pts',(262.690828906243,-57.6118458655896,5.69561342037799));
#10621=CARTESIAN_POINT('Ctrl Pts',(262.424235391985,-57.2628788375963,5.71390200735812));
#10622=CARTESIAN_POINT('Ctrl Pts',(261.885430780401,-56.5575914471763,5.75086455324637));
#10623=CARTESIAN_POINT('Ctrl Pts',(261.060971597,-56.2261657712342,5.76823383691987));
#10624=CARTESIAN_POINT('Ctrl Pts',(260.644444094842,-56.0587252093112,5.77700902493216));
#10625=CARTESIAN_POINT('',(260.644444094842,-56.019473242129,5.02803687386623));
#10626=CARTESIAN_POINT('Ctrl Pts',(262.690828906243,-57.5725938984074,4.94664126931206));
#10627=CARTESIAN_POINT('Ctrl Pts',(262.424235391985,-57.223626870414,4.96492985629219));
#10628=CARTESIAN_POINT('Ctrl Pts',(261.885430780401,-56.5183394799941,5.00189240218044));
#10629=CARTESIAN_POINT('Ctrl Pts',(261.060971597,-56.186913804052,5.01926168585394));
#10630=CARTESIAN_POINT('Ctrl Pts',(260.644444094842,-56.019473242129,5.02803687386623));
#10631=CARTESIAN_POINT('',(260.644444094842,-56.1633971217971,7.77426809444131));
#10632=CARTESIAN_POINT('Ctrl Pts',(260.644444094842,-56.1633971217971,7.77426809444131));
#10633=CARTESIAN_POINT('Ctrl Pts',(260.644444094842,-55.9906884661954,4.47879062975121));
#10634=CARTESIAN_POINT('Ctrl Pts',(260.044187339799,-56.0423901151847,7.78060980293555));
#10635=CARTESIAN_POINT('Ctrl Pts',(260.044187339799,-55.869681459583,4.48513233824546));
#10636=CARTESIAN_POINT('Ctrl Pts',(258.540340140843,-55.7392264332787,7.79649793826351));
#10637=CARTESIAN_POINT('Ctrl Pts',(258.540340140843,-55.566517777677,4.50102047357342));
#10638=CARTESIAN_POINT('Ctrl Pts',(257.004075895802,-55.7424973158376,7.79632651857231));
#10639=CARTESIAN_POINT('Ctrl Pts',(257.004075895802,-55.5697886602359,4.50084905388221));
#10640=CARTESIAN_POINT('Ctrl Pts',(256.081007586663,-55.7444626340066,7.79622352061149));
#10641=CARTESIAN_POINT('Ctrl Pts',(256.081007586663,-55.5717539784049,4.50074605592139));
#10642=CARTESIAN_POINT('',(256.081007586663,-55.6397907215207,5.79896445110234));
#10643=CARTESIAN_POINT('Ctrl Pts',(260.644444094842,-56.0587252093112,5.77700902493216));
#10644=CARTESIAN_POINT('Ctrl Pts',(260.044187339799,-55.9377182026989,5.7833507334264));
#10645=CARTESIAN_POINT('Ctrl Pts',(258.540340140843,-55.6345545207928,5.79923886875437));
#10646=CARTESIAN_POINT('Ctrl Pts',(257.004075895802,-55.6378254033517,5.79906744906316));
#10647=CARTESIAN_POINT('Ctrl Pts',(256.081007586663,-55.6397907215207,5.79896445110234));
#10648=CARTESIAN_POINT('',(256.081007586663,-55.6005387543385,5.04999230003641));
#10649=CARTESIAN_POINT('Ctrl Pts',(260.644444094842,-56.019473242129,5.02803687386623));
#10650=CARTESIAN_POINT('Ctrl Pts',(260.044187339799,-55.8984662355167,5.03437858236047));
#10651=CARTESIAN_POINT('Ctrl Pts',(258.540340140843,-55.5953025536106,5.05026671768844));
#10652=CARTESIAN_POINT('Ctrl Pts',(257.004075895802,-55.5985734361695,5.05009529799723));
#10653=CARTESIAN_POINT('Ctrl Pts',(256.081007586663,-55.6005387543385,5.04999230003641));
#10654=CARTESIAN_POINT('',(256.081007586663,-55.7444626340066,7.79622352061149));
#10655=CARTESIAN_POINT('Origin',(256.081007586663,-55.7444626340066,7.79622352061149));
#10656=CARTESIAN_POINT('',(250.085095034783,-55.6397907215207,5.79896445110234));
#10657=CARTESIAN_POINT('',(240.293909925327,-55.6397907215207,5.79896445110234));
#10658=CARTESIAN_POINT('',(250.085095034783,-55.6005387543385,5.04999230003641));
#10659=CARTESIAN_POINT('',(256.081007586663,-55.6005387543385,5.04999230003641));
#10660=CARTESIAN_POINT('',(250.085095034783,-55.7444626340066,7.79622352061149));
#10661=CARTESIAN_POINT('Origin',(250.085095034783,-55.7444626340066,7.79622352061149));
#10662=CARTESIAN_POINT('',(250.085095034783,-64.6928517900049,5.32451362478933));
#10663=CARTESIAN_POINT('',(250.085095034783,-69.3561343177437,5.08012134334114));
#10664=CARTESIAN_POINT('',(250.085095034783,-64.6535998228227,4.5755414737234));
#10665=CARTESIAN_POINT('',(250.085095034783,-55.6005387543385,5.04999230003641));
#10666=CARTESIAN_POINT('',(250.085095034783,-64.7975237024907,7.32177269429848));
#10667=CARTESIAN_POINT('Ctrl Pts',(264.655359851067,-73.4827400290797,6.86659979402914));
#10668=CARTESIAN_POINT('Ctrl Pts',(264.655359851067,-73.310031373478,3.57112232933905));
#10669=CARTESIAN_POINT('Ctrl Pts',(264.623852220101,-72.9487728988311,6.89458382553561));
#10670=CARTESIAN_POINT('Ctrl Pts',(264.623852220101,-72.7760642432294,3.59910636084551));
#10671=CARTESIAN_POINT('Ctrl Pts',(264.562597704975,-71.9106784228774,6.94898805170633));
#10672=CARTESIAN_POINT('Ctrl Pts',(264.562597704975,-71.7379697672757,3.65351058701624));
#10673=CARTESIAN_POINT('Ctrl Pts',(264.046507569235,-71.0086760571807,6.99625999260055));
#10674=CARTESIAN_POINT('Ctrl Pts',(264.046507569235,-70.835967401579,3.70078252791045));
#10675=CARTESIAN_POINT('Ctrl Pts',(263.795879946893,-70.5706387985577,7.01921655256821));
#10676=CARTESIAN_POINT('Ctrl Pts',(263.795879946893,-70.397930142956,3.72373908787812));
#10677=CARTESIAN_POINT('',(264.655359851067,-73.3780681165938,4.86934072451999));
#10678=CARTESIAN_POINT('',(263.795879946893,-70.4659668860718,5.02195748305906));
#10679=CARTESIAN_POINT('Ctrl Pts',(264.655359851067,-73.3780681165938,4.86934072451999));
#10680=CARTESIAN_POINT('Ctrl Pts',(264.623852220101,-72.8441009863452,4.89732475602646));
#10681=CARTESIAN_POINT('Ctrl Pts',(264.562597704975,-71.8060065103915,4.95172898219718));
#10682=CARTESIAN_POINT('Ctrl Pts',(264.046507569235,-70.9040041446948,4.9990009230914));
#10683=CARTESIAN_POINT('Ctrl Pts',(263.795879946893,-70.4659668860718,5.02195748305906));
#10684=CARTESIAN_POINT('',(264.655359851067,-73.3388161494116,4.12036857345406));
#10685=CARTESIAN_POINT('',(264.655359851067,-73.4827400290797,6.86659979402914));
#10686=CARTESIAN_POINT('',(263.795879946893,-70.4267149188896,4.27298533199313));
#10687=CARTESIAN_POINT('Ctrl Pts',(264.655359851067,-73.3388161494116,4.12036857345406));
#10688=CARTESIAN_POINT('Ctrl Pts',(264.623852220101,-72.804849019163,4.14835260496053));
#10689=CARTESIAN_POINT('Ctrl Pts',(264.562597704975,-71.7667545432093,4.20275683113125));
#10690=CARTESIAN_POINT('Ctrl Pts',(264.046507569235,-70.8647521775126,4.25002877202547));
#10691=CARTESIAN_POINT('Ctrl Pts',(263.795879946893,-70.4267149188896,4.27298533199313));
#10692=CARTESIAN_POINT('',(263.795879946893,-70.5706387985577,7.01921655256821));
#10693=CARTESIAN_POINT('Ctrl Pts',(263.795879946893,-70.5706387985577,7.01921655256821));
#10694=CARTESIAN_POINT('Ctrl Pts',(263.795879946893,-70.397930142956,3.72373908787812));
#10695=CARTESIAN_POINT('Ctrl Pts',(263.477482869971,-70.1878180413015,7.03927933831946));
#10696=CARTESIAN_POINT('Ctrl Pts',(263.477482869971,-70.0151093856997,3.74380187362937));
#10697=CARTESIAN_POINT('Ctrl Pts',(262.829689341038,-69.4089515652358,7.08009800068807));
#10698=CARTESIAN_POINT('Ctrl Pts',(262.829689341038,-69.2362429096341,3.78462053599798));
#10699=CARTESIAN_POINT('Ctrl Pts',(261.889774426529,-69.027539006199,7.10008698589785));
#10700=CARTESIAN_POINT('Ctrl Pts',(261.889774426529,-68.8548303505973,3.80460952120776));
#10701=CARTESIAN_POINT('Ctrl Pts',(261.411837207024,-68.8335945808725,7.11025118253354));
#10702=CARTESIAN_POINT('Ctrl Pts',(261.411837207024,-68.6608859252708,3.81477371784344));
#10703=CARTESIAN_POINT('',(261.411837207024,-68.7289226683867,5.11299211302439));
#10704=CARTESIAN_POINT('Ctrl Pts',(263.795879946893,-70.4659668860718,5.02195748305906));
#10705=CARTESIAN_POINT('Ctrl Pts',(263.477482869971,-70.0831461288156,5.04202026881031));
#10706=CARTESIAN_POINT('Ctrl Pts',(262.829689341038,-69.3042796527499,5.08283893117892));
#10707=CARTESIAN_POINT('Ctrl Pts',(261.889774426529,-68.9228670937132,5.1028279163887));
#10708=CARTESIAN_POINT('Ctrl Pts',(261.411837207024,-68.7289226683867,5.11299211302439));
#10709=CARTESIAN_POINT('',(261.411837207024,-68.6896707012045,4.36401996195846));
#10710=CARTESIAN_POINT('Ctrl Pts',(263.795879946893,-70.4267149188896,4.27298533199313));
#10711=CARTESIAN_POINT('Ctrl Pts',(263.477482869971,-70.0438941616334,4.29304811774438));
#10712=CARTESIAN_POINT('Ctrl Pts',(262.829689341038,-69.2650276855677,4.33386678011299));
#10713=CARTESIAN_POINT('Ctrl Pts',(261.889774426529,-68.8836151265309,4.35385576532277));
#10714=CARTESIAN_POINT('Ctrl Pts',(261.411837207024,-68.6896707012045,4.36401996195846));
#10715=CARTESIAN_POINT('',(261.411837207024,-68.8335945808725,7.11025118253354));
#10716=CARTESIAN_POINT('Ctrl Pts',(261.411837207024,-68.8335945808725,7.11025118253354));
#10717=CARTESIAN_POINT('Ctrl Pts',(261.411837207024,-68.6608859252708,3.81477371784344));
#10718=CARTESIAN_POINT('Ctrl Pts',(260.794475610034,-68.6883155066857,7.11786493618797));
#10719=CARTESIAN_POINT('Ctrl Pts',(260.794475610034,-68.515606851084,3.82238747149787));
#10720=CARTESIAN_POINT('Ctrl Pts',(259.352909267145,-68.3490825114775,7.13564338412636));
#10721=CARTESIAN_POINT('Ctrl Pts',(259.352909267145,-68.1763738558758,3.84016591943626));
#10722=CARTESIAN_POINT('Ctrl Pts',(257.870116819527,-68.3387983160159,7.13618235597222));
#10723=CARTESIAN_POINT('Ctrl Pts',(257.870116819527,-68.1660896604142,3.84070489128212));
#10724=CARTESIAN_POINT('Ctrl Pts',(257.022341357415,-68.3329184043843,7.13649050908321));
#10725=CARTESIAN_POINT('Ctrl Pts',(257.022341357415,-68.1602097487826,3.84101304439311));
#10726=CARTESIAN_POINT('',(257.022341357415,-68.2282464918984,5.13923143957406));
#10727=CARTESIAN_POINT('Ctrl Pts',(261.411837207024,-68.7289226683867,5.11299211302439));
#10728=CARTESIAN_POINT('Ctrl Pts',(260.794475610034,-68.5836435941998,5.12060586667882));
#10729=CARTESIAN_POINT('Ctrl Pts',(259.352909267145,-68.2444105989916,5.13838431461721));
#10730=CARTESIAN_POINT('Ctrl Pts',(257.870116819527,-68.23412640353,5.13892328646306));
#10731=CARTESIAN_POINT('Ctrl Pts',(257.022341357415,-68.2282464918984,5.13923143957406));
#10732=CARTESIAN_POINT('',(257.022341357415,-68.1889945247162,4.39025928850813));
#10733=CARTESIAN_POINT('Ctrl Pts',(261.411837207024,-68.6896707012045,4.36401996195846));
#10734=CARTESIAN_POINT('Ctrl Pts',(260.794475610034,-68.5443916270176,4.37163371561289));
#10735=CARTESIAN_POINT('Ctrl Pts',(259.352909267145,-68.2051586318094,4.38941216355128));
#10736=CARTESIAN_POINT('Ctrl Pts',(257.870116819527,-68.1948744363478,4.38995113539714));
#10737=CARTESIAN_POINT('Ctrl Pts',(257.022341357415,-68.1889945247162,4.39025928850813));
#10738=CARTESIAN_POINT('',(257.022341357415,-68.3329184043843,7.13649050908321));
#10739=CARTESIAN_POINT('Origin',(257.022341357415,-68.3329184043843,7.13649050908321));
#10740=CARTESIAN_POINT('',(250.085095034783,-68.2282464918984,5.13923143957406));
#10741=CARTESIAN_POINT('',(240.293909925327,-68.2282464918984,5.13923143957406));
#10742=CARTESIAN_POINT('',(250.085095034783,-68.1889945247162,4.39025928850813));
#10743=CARTESIAN_POINT('',(257.022341357415,-68.1889945247162,4.39025928850813));
#10744=CARTESIAN_POINT('',(250.085095034783,-68.3329184043843,7.13649050908321));
#10745=CARTESIAN_POINT('Origin',(250.085095034783,-68.3329184043843,7.13649050908321));
#10746=CARTESIAN_POINT('',(250.085095034783,-78.5278897412891,4.59945000946593));
#10747=CARTESIAN_POINT('',(250.085095034783,-76.2736532933858,4.71758953567944));
#10748=CARTESIAN_POINT('',(250.085095034783,-78.4886377741069,3.8504778584));
#10749=CARTESIAN_POINT('',(250.085095034783,-68.1889945247162,4.39025928850813));
#10750=CARTESIAN_POINT('',(250.085095034783,-78.632561653775,6.59670907897508));
#10751=CARTESIAN_POINT('Ctrl Pts',(266.272009478753,-63.4896316836833,7.39031641054619));
#10752=CARTESIAN_POINT('Ctrl Pts',(266.272009478753,-63.3169230280816,4.0948389458561));
#10753=CARTESIAN_POINT('Ctrl Pts',(265.865543486512,-64.0346362270389,7.36175393272975));
#10754=CARTESIAN_POINT('Ctrl Pts',(265.865543486512,-63.8619275714372,4.06627646803966));
#10755=CARTESIAN_POINT('Ctrl Pts',(265.015427252617,-65.1745033221874,7.30201602959521));
#10756=CARTESIAN_POINT('Ctrl Pts',(265.015427252617,-65.0017946665857,4.00653856490512));
#10757=CARTESIAN_POINT('Ctrl Pts',(263.770344883666,-65.8667609100874,7.26573634672154));
#10758=CARTESIAN_POINT('Ctrl Pts',(263.770344883666,-65.6940522544857,3.97025888203145));
#10759=CARTESIAN_POINT('Ctrl Pts',(263.120573626702,-66.2280294448041,7.2468030650922));
#10760=CARTESIAN_POINT('Ctrl Pts',(263.120573626702,-66.0553207892024,3.95132560040211));
#10761=CARTESIAN_POINT('',(266.272009478753,-63.3849597711974,5.39305734103704));
#10762=CARTESIAN_POINT('',(263.120573626702,-66.1233575323182,5.24954399558305));
#10763=CARTESIAN_POINT('Ctrl Pts',(266.272009478753,-63.3849597711974,5.39305734103704));
#10764=CARTESIAN_POINT('Ctrl Pts',(265.865543486512,-63.9299643145531,5.3644948632206));
#10765=CARTESIAN_POINT('Ctrl Pts',(265.015427252617,-65.0698314097016,5.30475696008606));
#10766=CARTESIAN_POINT('Ctrl Pts',(263.770344883666,-65.7620889976015,5.26847727721239));
#10767=CARTESIAN_POINT('Ctrl Pts',(263.120573626702,-66.1233575323182,5.24954399558305));
#10768=CARTESIAN_POINT('',(266.272009478753,-63.3457078040152,4.64408518997111));
#10769=CARTESIAN_POINT('',(266.272009478753,-63.4896316836833,7.39031641054619));
#10770=CARTESIAN_POINT('',(263.120573626702,-66.084105565136,4.50057184451712));
#10771=CARTESIAN_POINT('Ctrl Pts',(266.272009478753,-63.3457078040152,4.64408518997111));
#10772=CARTESIAN_POINT('Ctrl Pts',(265.865543486512,-63.8907123473708,4.61552271215468));
#10773=CARTESIAN_POINT('Ctrl Pts',(265.015427252617,-65.0305794425194,4.55578480902013));
#10774=CARTESIAN_POINT('Ctrl Pts',(263.770344883666,-65.7228370304193,4.51950512614646));
#10775=CARTESIAN_POINT('Ctrl Pts',(263.120573626702,-66.084105565136,4.50057184451712));
#10776=CARTESIAN_POINT('',(263.120573626702,-66.2280294448041,7.2468030650922));
#10777=CARTESIAN_POINT('Ctrl Pts',(263.120573626702,-66.2280294448041,7.2468030650922));
#10778=CARTESIAN_POINT('Ctrl Pts',(263.120573626702,-66.0553207892024,3.95132560040211));
#10779=CARTESIAN_POINT('Ctrl Pts',(263.963714487557,-66.5256825224452,7.23120372829627));
#10780=CARTESIAN_POINT('Ctrl Pts',(263.963714487557,-66.3529738668435,3.93572626360617));
#10781=CARTESIAN_POINT('Ctrl Pts',(265.580384477204,-67.0964137256043,7.20129297337116));
#10782=CARTESIAN_POINT('Ctrl Pts',(265.580384477204,-66.9237050700025,3.90581550868107));
#10783=CARTESIAN_POINT('Ctrl Pts',(266.747161492998,-68.3474205528045,7.13573048368967));
#10784=CARTESIAN_POINT('Ctrl Pts',(266.747161492998,-68.1747118972028,3.84025301899958));
#10785=CARTESIAN_POINT('Ctrl Pts',(267.305430041497,-68.9459905932912,7.1043607571224));
#10786=CARTESIAN_POINT('Ctrl Pts',(267.305430041497,-68.7732819376895,3.80888329243231));
#10787=CARTESIAN_POINT('',(267.305430041497,-68.8413186808054,5.10710168761325));
#10788=CARTESIAN_POINT('Ctrl Pts',(263.120573626702,-66.1233575323182,5.24954399558305));
#10789=CARTESIAN_POINT('Ctrl Pts',(263.963714487557,-66.4210106099593,5.23394465878712));
#10790=CARTESIAN_POINT('Ctrl Pts',(265.580384477204,-66.9917418131184,5.20403390386201));
#10791=CARTESIAN_POINT('Ctrl Pts',(266.747161492998,-68.2427486403186,5.13847141418053));
#10792=CARTESIAN_POINT('Ctrl Pts',(267.305430041497,-68.8413186808054,5.10710168761325));
#10793=CARTESIAN_POINT('',(267.305430041497,-68.8020667136231,4.35812953654732));
#10794=CARTESIAN_POINT('Ctrl Pts',(263.120573626702,-66.084105565136,4.50057184451712));
#10795=CARTESIAN_POINT('Ctrl Pts',(263.963714487557,-66.3817586427771,4.48497250772119));
#10796=CARTESIAN_POINT('Ctrl Pts',(265.580384477204,-66.9524898459362,4.45506175279608));
#10797=CARTESIAN_POINT('Ctrl Pts',(266.747161492998,-68.2034966731364,4.38949926311459));
#10798=CARTESIAN_POINT('Ctrl Pts',(267.305430041497,-68.8020667136231,4.35812953654732));
#10799=CARTESIAN_POINT('',(267.305430041497,-68.9459905932912,7.1043607571224));
#10800=CARTESIAN_POINT('Ctrl Pts',(267.305430041497,-68.9459905932912,7.1043607571224));
#10801=CARTESIAN_POINT('Ctrl Pts',(267.305430041497,-68.7732819376895,3.80888329243231));
#10802=CARTESIAN_POINT('Ctrl Pts',(267.732130014114,-69.6243775228393,7.06880800465015));
#10803=CARTESIAN_POINT('Ctrl Pts',(267.732130014114,-69.4516688672376,3.77333053996005));
#10804=CARTESIAN_POINT('Ctrl Pts',(268.604524132305,-71.0113491778106,6.99611990028458));
#10805=CARTESIAN_POINT('Ctrl Pts',(268.604524132305,-70.8386405222089,3.70064243559448));
#10806=CARTESIAN_POINT('Ctrl Pts',(268.713116816987,-72.6470718389305,6.91039530809234));
#10807=CARTESIAN_POINT('Ctrl Pts',(268.713116816987,-72.4743631833288,3.61491784340224));
#10808=CARTESIAN_POINT('Ctrl Pts',(268.7685953247,-73.4827400290797,6.86659979402914));
#10809=CARTESIAN_POINT('Ctrl Pts',(268.7685953247,-73.310031373478,3.57112232933905));
#10810=CARTESIAN_POINT('',(268.7685953247,-73.3780681165938,4.86934072451999));
#10811=CARTESIAN_POINT('Ctrl Pts',(267.305430041497,-68.8413186808054,5.10710168761325));
#10812=CARTESIAN_POINT('Ctrl Pts',(267.732130014114,-69.5197056103534,5.071548935141));
#10813=CARTESIAN_POINT('Ctrl Pts',(268.604524132305,-70.9066772653247,4.99886083077543));
#10814=CARTESIAN_POINT('Ctrl Pts',(268.713116816987,-72.5423999264446,4.91313623858319));
#10815=CARTESIAN_POINT('Ctrl Pts',(268.7685953247,-73.3780681165938,4.86934072451999));
#10816=CARTESIAN_POINT('',(268.7685953247,-73.3388161494116,4.12036857345406));
#10817=CARTESIAN_POINT('Ctrl Pts',(267.305430041497,-68.8020667136231,4.35812953654732));
#10818=CARTESIAN_POINT('Ctrl Pts',(267.732130014114,-69.4804536431712,4.32257678407507));
#10819=CARTESIAN_POINT('Ctrl Pts',(268.604524132305,-70.8674252981425,4.2498886797095));
#10820=CARTESIAN_POINT('Ctrl Pts',(268.713116816987,-72.5031479592624,4.16416408751726));
#10821=CARTESIAN_POINT('Ctrl Pts',(268.7685953247,-73.3388161494116,4.12036857345406));
#10822=CARTESIAN_POINT('',(268.7685953247,-73.4827400290797,6.86659979402914));
#10823=CARTESIAN_POINT('Ctrl Pts',(268.7685953247,-73.4827400290797,6.86659979402914));
#10824=CARTESIAN_POINT('Ctrl Pts',(268.7685953247,-73.310031373478,3.57112232933905));
#10825=CARTESIAN_POINT('Ctrl Pts',(268.733219150307,-74.16853162286,6.83065897954813));
#10826=CARTESIAN_POINT('Ctrl Pts',(268.733219150307,-73.9958229672583,3.53518151485804));
#10827=CARTESIAN_POINT('Ctrl Pts',(268.663258339677,-75.5247702961139,6.75958152250512));
#10828=CARTESIAN_POINT('Ctrl Pts',(268.663258339677,-75.3520616405122,3.46410405781503));
#10829=CARTESIAN_POINT('Ctrl Pts',(268.138049802415,-76.777110429011,6.69394915723296));
#10830=CARTESIAN_POINT('Ctrl Pts',(268.138049802415,-76.6044017734093,3.39847169254286));
#10831=CARTESIAN_POINT('Ctrl Pts',(267.87841664428,-77.3961959934965,6.66150425761208));
#10832=CARTESIAN_POINT('Ctrl Pts',(267.87841664428,-77.2234873378948,3.36602679292199));
#10833=CARTESIAN_POINT('',(267.87841664428,-77.2915240810106,4.66424518810294));
#10834=CARTESIAN_POINT('Ctrl Pts',(268.7685953247,-73.3780681165938,4.86934072451999));
#10835=CARTESIAN_POINT('Ctrl Pts',(268.733219150307,-74.0638597103742,4.83339991003899));
#10836=CARTESIAN_POINT('Ctrl Pts',(268.663258339677,-75.420098383628,4.76232245299598));
#10837=CARTESIAN_POINT('Ctrl Pts',(268.138049802415,-76.6724385165251,4.69669008772381));
#10838=CARTESIAN_POINT('Ctrl Pts',(267.87841664428,-77.2915240810106,4.66424518810294));
#10839=CARTESIAN_POINT('',(267.87841664428,-77.2522721138284,3.91527303703701));
#10840=CARTESIAN_POINT('Ctrl Pts',(268.7685953247,-73.3388161494116,4.12036857345406));
#10841=CARTESIAN_POINT('Ctrl Pts',(268.733219150307,-74.024607743192,4.08442775897306));
#10842=CARTESIAN_POINT('Ctrl Pts',(268.663258339677,-75.3808464164458,4.01335030193004));
#10843=CARTESIAN_POINT('Ctrl Pts',(268.138049802415,-76.6331865493429,3.94771793665788));
#10844=CARTESIAN_POINT('Ctrl Pts',(267.87841664428,-77.2522721138284,3.91527303703701));
#10845=CARTESIAN_POINT('',(267.87841664428,-77.3961959934965,6.66150425761208));
#10846=CARTESIAN_POINT('Ctrl Pts',(267.87841664428,-77.3961959934965,6.66150425761208));
#10847=CARTESIAN_POINT('Ctrl Pts',(267.87841664428,-77.2234873378948,3.36602679292199));
#10848=CARTESIAN_POINT('Ctrl Pts',(267.577311516438,-77.9544543960053,6.6322471744705));
#10849=CARTESIAN_POINT('Ctrl Pts',(267.577311516438,-77.7817457404036,3.33676970978041));
#10850=CARTESIAN_POINT('Ctrl Pts',(267.006118319163,-79.0134645965965,6.57674680161943));
#10851=CARTESIAN_POINT('Ctrl Pts',(267.006118319163,-78.8407559409948,3.28126933692933));
#10852=CARTESIAN_POINT('Ctrl Pts',(266.104762244662,-79.8093491718843,6.53503625846296));
#10853=CARTESIAN_POINT('Ctrl Pts',(266.104762244662,-79.6366405162826,3.23955879377287));
#10854=CARTESIAN_POINT('Ctrl Pts',(265.67855702514,-80.1856823100534,6.51531347442091));
#10855=CARTESIAN_POINT('Ctrl Pts',(265.67855702514,-80.0129736544517,3.21983600973081));
#10856=CARTESIAN_POINT('',(265.67855702514,-80.0810103975675,4.51805440491176));
#10857=CARTESIAN_POINT('Ctrl Pts',(267.87841664428,-77.2915240810106,4.66424518810294));
#10858=CARTESIAN_POINT('Ctrl Pts',(267.577311516438,-77.8497824835194,4.63498810496135));
#10859=CARTESIAN_POINT('Ctrl Pts',(267.006118319163,-78.9087926841106,4.57948773211028));
#10860=CARTESIAN_POINT('Ctrl Pts',(266.104762244662,-79.7046772593985,4.53777718895382));
#10861=CARTESIAN_POINT('Ctrl Pts',(265.67855702514,-80.0810103975675,4.51805440491176));
#10862=CARTESIAN_POINT('',(265.67855702514,-80.0417584303853,3.76908225384583));
#10863=CARTESIAN_POINT('Ctrl Pts',(267.87841664428,-77.2522721138284,3.91527303703701));
#10864=CARTESIAN_POINT('Ctrl Pts',(267.577311516438,-77.8105305163372,3.88601595389542));
#10865=CARTESIAN_POINT('Ctrl Pts',(267.006118319163,-78.8695407169284,3.83051558104435));
#10866=CARTESIAN_POINT('Ctrl Pts',(266.104762244662,-79.6654252922163,3.78880503788789));
#10867=CARTESIAN_POINT('Ctrl Pts',(265.67855702514,-80.0417584303853,3.76908225384583));
#10868=CARTESIAN_POINT('',(265.67855702514,-80.1856823100534,6.51531347442091));
#10869=CARTESIAN_POINT('Ctrl Pts',(265.67855702514,-80.1856823100534,6.51531347442091));
#10870=CARTESIAN_POINT('Ctrl Pts',(265.67855702514,-80.0129736544517,3.21983600973081));
#10871=CARTESIAN_POINT('Ctrl Pts',(265.197623192116,-80.4967086467591,6.49901327481562));
#10872=CARTESIAN_POINT('Ctrl Pts',(265.197623192116,-80.3239999911574,3.20353581012552));
#10873=CARTESIAN_POINT('Ctrl Pts',(264.178613267325,-81.1557159825117,6.4644761638176));
#10874=CARTESIAN_POINT('Ctrl Pts',(264.178613267325,-80.98300732691,3.1689986991275));
#10875=CARTESIAN_POINT('Ctrl Pts',(263.01076898601,-81.4905009513764,6.44693082706205));
#10876=CARTESIAN_POINT('Ctrl Pts',(263.01076898601,-81.3177922957747,3.15145336237196));
#10877=CARTESIAN_POINT('Ctrl Pts',(262.394102679437,-81.6672801791803,6.43766622030948));
#10878=CARTESIAN_POINT('Ctrl Pts',(262.394102679437,-81.4945715235786,3.14218875561938));
#10879=CARTESIAN_POINT('',(262.394102679437,-81.5626082666945,4.44040715080033));
#10880=CARTESIAN_POINT('Ctrl Pts',(265.67855702514,-80.0810103975675,4.51805440491176));
#10881=CARTESIAN_POINT('Ctrl Pts',(265.197623192116,-80.3920367342733,4.50175420530647));
#10882=CARTESIAN_POINT('Ctrl Pts',(264.178613267325,-81.0510440700258,4.46721709430845));
#10883=CARTESIAN_POINT('Ctrl Pts',(263.01076898601,-81.3858290388905,4.4496717575529));
#10884=CARTESIAN_POINT('Ctrl Pts',(262.394102679437,-81.5626082666945,4.44040715080033));
#10885=CARTESIAN_POINT('',(262.394102679437,-81.5233562995122,3.6914349997344));
#10886=CARTESIAN_POINT('Ctrl Pts',(265.67855702514,-80.0417584303853,3.76908225384583));
#10887=CARTESIAN_POINT('Ctrl Pts',(265.197623192116,-80.3527847670911,3.75278205424054));
#10888=CARTESIAN_POINT('Ctrl Pts',(264.178613267325,-81.0117921028436,3.71824494324252));
#10889=CARTESIAN_POINT('Ctrl Pts',(263.01076898601,-81.3465770717083,3.70069960648697));
#10890=CARTESIAN_POINT('Ctrl Pts',(262.394102679437,-81.5233562995122,3.6914349997344));
#10891=CARTESIAN_POINT('',(262.394102679437,-81.6672801791803,6.43766622030948));
#10892=CARTESIAN_POINT('Ctrl Pts',(262.639673815911,-62.9583011834742,7.4181622621275));
#10893=CARTESIAN_POINT('Ctrl Pts',(262.639673815911,-62.7855925278725,4.1226847974374));
#10894=CARTESIAN_POINT('Ctrl Pts',(262.863327430713,-62.5762162789652,7.43818648347039));
#10895=CARTESIAN_POINT('Ctrl Pts',(262.863327430713,-62.4035076233634,4.14270901878029));
#10896=CARTESIAN_POINT('Ctrl Pts',(263.335479939769,-61.7696013423095,7.48045938103704));
#10897=CARTESIAN_POINT('Ctrl Pts',(263.335479939769,-61.5968926867078,4.18498191634695));
#10898=CARTESIAN_POINT('Ctrl Pts',(263.382381917616,-60.8346127766659,7.52946005541746));
#10899=CARTESIAN_POINT('Ctrl Pts',(263.382381917616,-60.6619041210642,4.23398259072736));
#10900=CARTESIAN_POINT('Ctrl Pts',(263.407066928094,-60.3425183363184,7.5552496322336));
#10901=CARTESIAN_POINT('Ctrl Pts',(263.407066928094,-60.1698096807167,4.25977216754351));
#10902=CARTESIAN_POINT('',(262.639673815911,-62.8536292709883,5.42090319261835));
#10903=CARTESIAN_POINT('Ctrl Pts',(262.639673815911,-62.8536292709883,5.42090319261835));
#10904=CARTESIAN_POINT('Ctrl Pts',(262.863327430713,-62.4715443664793,5.44092741396124));
#10905=CARTESIAN_POINT('Ctrl Pts',(263.335479939769,-61.6649294298237,5.48320031152789));
#10906=CARTESIAN_POINT('Ctrl Pts',(263.382381917616,-60.72994086418,5.53220098590831));
#10907=CARTESIAN_POINT('Ctrl Pts',(263.407066928094,-60.2378464238325,5.55799056272445));
#10908=CARTESIAN_POINT('',(262.639673815911,-62.8143773038061,4.67193104155242));
#10909=CARTESIAN_POINT('',(262.639673815911,-62.9583011834742,7.4181622621275));
#10910=CARTESIAN_POINT('Ctrl Pts',(262.639673815911,-62.8143773038061,4.67193104155242));
#10911=CARTESIAN_POINT('Ctrl Pts',(262.863327430713,-62.4322923992971,4.69195526289531));
#10912=CARTESIAN_POINT('Ctrl Pts',(263.335479939769,-61.6256774626414,4.73422816046196));
#10913=CARTESIAN_POINT('Ctrl Pts',(263.382381917616,-60.6906888969978,4.78322883484238));
#10914=CARTESIAN_POINT('Ctrl Pts',(263.407066928094,-60.1985944566503,4.80901841165852));
#10915=CARTESIAN_POINT('Ctrl Pts',(260.35795079345,-64.45011438277,7.33997964524728));
#10916=CARTESIAN_POINT('Ctrl Pts',(260.35795079345,-64.2774057271683,4.04450218055718));
#10917=CARTESIAN_POINT('Ctrl Pts',(260.823799625664,-64.2857510825355,7.3485935608082));
#10918=CARTESIAN_POINT('Ctrl Pts',(260.823799625664,-64.1130424269338,4.0531160961181));
#10919=CARTESIAN_POINT('Ctrl Pts',(261.708189901031,-63.9737157305008,7.36494664066614));
#10920=CARTESIAN_POINT('Ctrl Pts',(261.708189901031,-63.8010070748991,4.06946917597604));
#10921=CARTESIAN_POINT('Ctrl Pts',(262.340452746636,-63.2844833339819,7.40106777997762));
#10922=CARTESIAN_POINT('Ctrl Pts',(262.340452746636,-63.1117746783802,4.10559031528753));
#10923=CARTESIAN_POINT('Ctrl Pts',(262.639673815911,-62.9583011834742,7.4181622621275));
#10924=CARTESIAN_POINT('Ctrl Pts',(262.639673815911,-62.7855925278725,4.1226847974374));
#10925=CARTESIAN_POINT('',(260.35795079345,-64.3454424702841,5.34272057573813));
#10926=CARTESIAN_POINT('Ctrl Pts',(260.35795079345,-64.3454424702841,5.34272057573813));
#10927=CARTESIAN_POINT('Ctrl Pts',(260.823799625664,-64.1810791700496,5.35133449129905));
#10928=CARTESIAN_POINT('Ctrl Pts',(261.708189901031,-63.869043818015,5.36768757115699));
#10929=CARTESIAN_POINT('Ctrl Pts',(262.340452746636,-63.1798114214961,5.40380871046847));
#10930=CARTESIAN_POINT('Ctrl Pts',(262.639673815911,-62.8536292709883,5.42090319261835));
#10931=CARTESIAN_POINT('',(260.35795079345,-64.3061905031019,4.5937484246722));
#10932=CARTESIAN_POINT('',(260.35795079345,-64.45011438277,7.33997964524728));
#10933=CARTESIAN_POINT('Ctrl Pts',(260.35795079345,-64.3061905031019,4.5937484246722));
#10934=CARTESIAN_POINT('Ctrl Pts',(260.823799625664,-64.1418272028674,4.60236234023312));
#10935=CARTESIAN_POINT('Ctrl Pts',(261.708189901031,-63.8297918508328,4.61871542009106));
#10936=CARTESIAN_POINT('Ctrl Pts',(262.340452746636,-63.1405594543138,4.65483655940254));
#10937=CARTESIAN_POINT('Ctrl Pts',(262.639673815911,-62.8143773038061,4.67193104155242));
#10938=CARTESIAN_POINT('Ctrl Pts',(256.572140322869,-64.7975237024907,7.32177269429848));
#10939=CARTESIAN_POINT('Ctrl Pts',(256.572140322869,-64.624815046889,4.02629522960838));
#10940=CARTESIAN_POINT('Ctrl Pts',(257.330680593623,-64.7979898434923,7.32174826488376));
#10941=CARTESIAN_POINT('Ctrl Pts',(257.330680593623,-64.6252811878906,4.02627080019366));
#10942=CARTESIAN_POINT('Ctrl Pts',(258.604827522844,-64.7987728370242,7.32170722993155));
#10943=CARTESIAN_POINT('Ctrl Pts',(258.604827522844,-64.6260641814225,4.02622976524146));
#10944=CARTESIAN_POINT('Ctrl Pts',(259.852896892368,-64.5505587242597,7.33471558036825));
#10945=CARTESIAN_POINT('Ctrl Pts',(259.852896892368,-64.377850068658,4.03923811567816));
#10946=CARTESIAN_POINT('Ctrl Pts',(260.35795079345,-64.45011438277,7.33997964524728));
#10947=CARTESIAN_POINT('Ctrl Pts',(260.35795079345,-64.2774057271683,4.04450218055718));
#10948=CARTESIAN_POINT('',(256.572140322869,-64.6928517900048,5.32451362478933));
#10949=CARTESIAN_POINT('Ctrl Pts',(256.572140322869,-64.6928517900048,5.32451362478933));
#10950=CARTESIAN_POINT('Ctrl Pts',(257.330680593623,-64.6933179310064,5.32448919537461));
#10951=CARTESIAN_POINT('Ctrl Pts',(258.604827522844,-64.6941009245384,5.3244481604224));
#10952=CARTESIAN_POINT('Ctrl Pts',(259.852896892368,-64.4458868117738,5.3374565108591));
#10953=CARTESIAN_POINT('Ctrl Pts',(260.35795079345,-64.3454424702841,5.34272057573813));
#10954=CARTESIAN_POINT('',(256.572140322869,-64.6535998228226,4.5755414737234));
#10955=CARTESIAN_POINT('',(256.572140322869,-64.7975237024907,7.32177269429848));
#10956=CARTESIAN_POINT('Ctrl Pts',(256.572140322869,-64.6535998228226,4.5755414737234));
#10957=CARTESIAN_POINT('Ctrl Pts',(257.330680593623,-64.6540659638242,4.57551704430868));
#10958=CARTESIAN_POINT('Ctrl Pts',(258.604827522844,-64.6548489573562,4.57547600935647));
#10959=CARTESIAN_POINT('Ctrl Pts',(259.852896892368,-64.4066348445916,4.58848435979317));
#10960=CARTESIAN_POINT('Ctrl Pts',(260.35795079345,-64.3061905031019,4.5937484246722));
#10961=CARTESIAN_POINT('Origin',(250.085095034783,-64.7975237024907,7.32177269429848));
#10962=CARTESIAN_POINT('',(243.53743256937,-64.6928517900049,5.32451362478933));
#10963=CARTESIAN_POINT('',(250.085095034783,-64.6535998228227,4.5755414737234));
#10964=CARTESIAN_POINT('Ctrl Pts',(264.061907397454,-76.006561095532,6.73433193662862));
#10965=CARTESIAN_POINT('Ctrl Pts',(264.061907397454,-75.8338524399303,3.43885447193852));
#10966=CARTESIAN_POINT('Ctrl Pts',(264.234929128567,-75.6199272130475,6.75459455980521));
#10967=CARTESIAN_POINT('Ctrl Pts',(264.234929128567,-75.4472185574458,3.45911709511512));
#10968=CARTESIAN_POINT('Ctrl Pts',(264.59411933639,-74.8172817666733,6.79665942520133));
#10969=CARTESIAN_POINT('Ctrl Pts',(264.59411933639,-74.6445731110716,3.50118196051123));
#10970=CARTESIAN_POINT('Ctrl Pts',(264.634454245906,-73.9383110311389,6.84272432950547));
#10971=CARTESIAN_POINT('Ctrl Pts',(264.634454245906,-73.7656023755372,3.54724686481537));
#10972=CARTESIAN_POINT('Ctrl Pts',(264.655359851067,-73.4827400290797,6.86659979402914));
#10973=CARTESIAN_POINT('Ctrl Pts',(264.655359851067,-73.310031373478,3.57112232933905));
#10974=CARTESIAN_POINT('',(264.061907397454,-75.9018891830462,4.73707286711947));
#10975=CARTESIAN_POINT('Ctrl Pts',(264.061907397454,-75.9018891830462,4.73707286711947));
#10976=CARTESIAN_POINT('Ctrl Pts',(264.234929128567,-75.5152553005617,4.75733549029606));
#10977=CARTESIAN_POINT('Ctrl Pts',(264.59411933639,-74.7126098541874,4.79940035569218));
#10978=CARTESIAN_POINT('Ctrl Pts',(264.634454245906,-73.833639118653,4.84546525999632));
#10979=CARTESIAN_POINT('Ctrl Pts',(264.655359851067,-73.3780681165938,4.86934072451999));
#10980=CARTESIAN_POINT('',(264.061907397454,-75.8626372158639,3.98810071605354));
#10981=CARTESIAN_POINT('',(264.061907397454,-76.006561095532,6.73433193662862));
#10982=CARTESIAN_POINT('Ctrl Pts',(264.061907397454,-75.8626372158639,3.98810071605354));
#10983=CARTESIAN_POINT('Ctrl Pts',(264.234929128567,-75.4760033333795,4.00836333923013));
#10984=CARTESIAN_POINT('Ctrl Pts',(264.59411933639,-74.6733578870052,4.05042820462625));
#10985=CARTESIAN_POINT('Ctrl Pts',(264.634454245906,-73.7943871514708,4.09649310893039));
#10986=CARTESIAN_POINT('Ctrl Pts',(264.655359851067,-73.3388161494116,4.12036857345406));
#10987=CARTESIAN_POINT('Ctrl Pts',(262.547577487176,-77.6720801451473,6.64704578188468));
#10988=CARTESIAN_POINT('Ctrl Pts',(262.547577487176,-77.4993714895456,3.35156831719458));
#10989=CARTESIAN_POINT('Ctrl Pts',(262.844192081138,-77.4534304601037,6.65850472631875));
#10990=CARTESIAN_POINT('Ctrl Pts',(262.844192081138,-77.280721804502,3.36302726162865));
#10991=CARTESIAN_POINT('Ctrl Pts',(263.459747341494,-76.9996734078764,6.68228512576));
#10992=CARTESIAN_POINT('Ctrl Pts',(263.459747341494,-76.8269647522747,3.38680766106991));
#10993=CARTESIAN_POINT('Ctrl Pts',(263.856391970339,-76.3455073591127,6.71656851565807));
#10994=CARTESIAN_POINT('Ctrl Pts',(263.856391970339,-76.172798703511,3.42109105096798));
#10995=CARTESIAN_POINT('Ctrl Pts',(264.061907397454,-76.006561095532,6.73433193662862));
#10996=CARTESIAN_POINT('Ctrl Pts',(264.061907397454,-75.8338524399303,3.43885447193852));
#10997=CARTESIAN_POINT('',(262.547577487176,-77.5674082326614,4.64978671237553));
#10998=CARTESIAN_POINT('Ctrl Pts',(262.547577487176,-77.5674082326614,4.64978671237553));
#10999=CARTESIAN_POINT('Ctrl Pts',(262.844192081138,-77.3487585476179,4.6612456568096));
#11000=CARTESIAN_POINT('Ctrl Pts',(263.459747341494,-76.8950014953905,4.68502605625086));
#11001=CARTESIAN_POINT('Ctrl Pts',(263.856391970339,-76.2408354466268,4.71930944614892));
#11002=CARTESIAN_POINT('Ctrl Pts',(264.061907397454,-75.9018891830462,4.73707286711947));
#11003=CARTESIAN_POINT('',(262.547577487176,-77.5281562654792,3.9008145613096));
#11004=CARTESIAN_POINT('',(262.547577487176,-77.6720801451473,6.64704578188468));
#11005=CARTESIAN_POINT('Ctrl Pts',(262.547577487176,-77.5281562654792,3.9008145613096));
#11006=CARTESIAN_POINT('Ctrl Pts',(262.844192081138,-77.3095065804357,3.91227350574367));
#11007=CARTESIAN_POINT('Ctrl Pts',(263.459747341494,-76.8557495282083,3.93605390518493));
#11008=CARTESIAN_POINT('Ctrl Pts',(263.856391970339,-76.2015834794446,3.97033729508299));
#11009=CARTESIAN_POINT('Ctrl Pts',(264.061907397454,-75.8626372158639,3.98810071605354));
#11010=CARTESIAN_POINT('Ctrl Pts',(260.255631076043,-78.4895113176355,6.60420602941784));
#11011=CARTESIAN_POINT('Ctrl Pts',(260.255631076043,-78.3168026620338,3.30872856472775));
#11012=CARTESIAN_POINT('Ctrl Pts',(260.682586882628,-78.4009517030008,6.60884724215501));
#11013=CARTESIAN_POINT('Ctrl Pts',(260.682586882628,-78.2282430473991,3.31336977746491));
#11014=CARTESIAN_POINT('Ctrl Pts',(261.485204226944,-78.2344719839866,6.6175720745242));
#11015=CARTESIAN_POINT('Ctrl Pts',(261.485204226944,-78.0617633283849,3.32209460983411));
#11016=CARTESIAN_POINT('Ctrl Pts',(262.2088692419,-77.8513831829977,6.63764890785224));
#11017=CARTESIAN_POINT('Ctrl Pts',(262.2088692419,-77.678674527396,3.34217144316214));
#11018=CARTESIAN_POINT('Ctrl Pts',(262.547577487176,-77.6720801451473,6.64704578188468));
#11019=CARTESIAN_POINT('Ctrl Pts',(262.547577487176,-77.4993714895456,3.35156831719458));
#11020=CARTESIAN_POINT('',(260.255631076043,-78.3848394051496,4.60694695990869));
#11021=CARTESIAN_POINT('Ctrl Pts',(260.255631076043,-78.3848394051496,4.60694695990869));
#11022=CARTESIAN_POINT('Ctrl Pts',(260.682586882628,-78.2962797905149,4.61158817264586));
#11023=CARTESIAN_POINT('Ctrl Pts',(261.485204226944,-78.1298000715008,4.62031300501505));
#11024=CARTESIAN_POINT('Ctrl Pts',(262.2088692419,-77.7467112705119,4.64038983834309));
#11025=CARTESIAN_POINT('Ctrl Pts',(262.547577487176,-77.5674082326614,4.64978671237553));
#11026=CARTESIAN_POINT('',(260.255631076043,-78.3455874379674,3.85797480884276));
#11027=CARTESIAN_POINT('',(260.255631076043,-78.4895113176355,6.60420602941784));
#11028=CARTESIAN_POINT('Ctrl Pts',(260.255631076043,-78.3455874379674,3.85797480884276));
#11029=CARTESIAN_POINT('Ctrl Pts',(260.682586882628,-78.2570278233327,3.86261602157993));
#11030=CARTESIAN_POINT('Ctrl Pts',(261.485204226944,-78.0905481043185,3.87134085394912));
#11031=CARTESIAN_POINT('Ctrl Pts',(262.2088692419,-77.7074593033296,3.89141768727716));
#11032=CARTESIAN_POINT('Ctrl Pts',(262.547577487176,-77.5281562654792,3.9008145613096));
#11033=CARTESIAN_POINT('Ctrl Pts',(257.554405795281,-78.632561653775,6.59670907897508));
#11034=CARTESIAN_POINT('Ctrl Pts',(257.554405795281,-78.4598529981733,3.30123161428498));
#11035=CARTESIAN_POINT('Ctrl Pts',(258.100903326088,-78.6335965530816,6.59665484220064));
#11036=CARTESIAN_POINT('Ctrl Pts',(258.100903326088,-78.4608878974799,3.30117737751054));
#11037=CARTESIAN_POINT('Ctrl Pts',(259.00434490875,-78.6353073953356,6.5965651807574));
#11038=CARTESIAN_POINT('Ctrl Pts',(259.00434490875,-78.4625987397339,3.3010877160673));
#11039=CARTESIAN_POINT('Ctrl Pts',(259.90126401381,-78.5308010953778,6.60204212385927));
#11040=CARTESIAN_POINT('Ctrl Pts',(259.90126401381,-78.3580924397761,3.30656465916918));
#11041=CARTESIAN_POINT('Ctrl Pts',(260.255631076043,-78.4895113176355,6.60420602941784));
#11042=CARTESIAN_POINT('Ctrl Pts',(260.255631076043,-78.3168026620338,3.30872856472775));
#11043=CARTESIAN_POINT('',(257.554405795281,-78.5278897412891,4.59945000946593));
#11044=CARTESIAN_POINT('Ctrl Pts',(257.554405795281,-78.5278897412891,4.59945000946593));
#11045=CARTESIAN_POINT('Ctrl Pts',(258.100903326088,-78.5289246405957,4.59939577269149));
#11046=CARTESIAN_POINT('Ctrl Pts',(259.00434490875,-78.5306354828498,4.59930611124825));
#11047=CARTESIAN_POINT('Ctrl Pts',(259.90126401381,-78.426129182892,4.60478305435013));
#11048=CARTESIAN_POINT('Ctrl Pts',(260.255631076043,-78.3848394051496,4.60694695990869));
#11049=CARTESIAN_POINT('',(257.554405795281,-78.4886377741069,3.8504778584));
#11050=CARTESIAN_POINT('',(257.554405795281,-78.632561653775,6.59670907897508));
#11051=CARTESIAN_POINT('Ctrl Pts',(257.554405795281,-78.4886377741069,3.8504778584));
#11052=CARTESIAN_POINT('Ctrl Pts',(258.100903326088,-78.4896726734135,3.85042362162556));
#11053=CARTESIAN_POINT('Ctrl Pts',(259.00434490875,-78.4913835156676,3.85033396018232));
#11054=CARTESIAN_POINT('Ctrl Pts',(259.90126401381,-78.3868772157098,3.85581090328419));
#11055=CARTESIAN_POINT('Ctrl Pts',(260.255631076043,-78.3455874379674,3.85797480884276));
#11056=CARTESIAN_POINT('Origin',(250.085095034783,-78.632561653775,6.59670907897508));
#11057=CARTESIAN_POINT('',(244.028565305576,-78.5278897412891,4.59945000946593));
#11058=CARTESIAN_POINT('',(250.085095034783,-78.4886377741069,3.8504778584));
#11059=CARTESIAN_POINT('Ctrl Pts',(262.394102679437,-81.6672801791803,6.43766622030948));
#11060=CARTESIAN_POINT('Ctrl Pts',(262.394102679437,-81.4945715235786,3.14218875561938));
#11061=CARTESIAN_POINT('Ctrl Pts',(261.66390867266,-81.8130303464373,6.43002777771341));
#11062=CARTESIAN_POINT('Ctrl Pts',(261.66390867266,-81.6403216908356,3.13455031302332));
#11063=CARTESIAN_POINT('Ctrl Pts',(260.067226951727,-82.1317355476886,6.41332514586987));
#11064=CARTESIAN_POINT('Ctrl Pts',(260.067226951727,-81.9590268920869,3.11784768117978));
#11065=CARTESIAN_POINT('Ctrl Pts',(258.438359870432,-82.1552146885042,6.41209465624025));
#11066=CARTESIAN_POINT('Ctrl Pts',(258.438359870432,-81.9825060329025,3.11661719155016));
#11067=CARTESIAN_POINT('Ctrl Pts',(257.554405795281,-82.1679563556686,6.41142689375981));
#11068=CARTESIAN_POINT('Ctrl Pts',(257.554405795281,-81.9952477000669,3.11594942906971));
#11069=CARTESIAN_POINT('',(257.554405795281,-82.0632844431827,4.41416782425066));
#11070=CARTESIAN_POINT('Ctrl Pts',(262.394102679437,-81.5626082666945,4.44040715080033));
#11071=CARTESIAN_POINT('Ctrl Pts',(261.66390867266,-81.7083584339514,4.43276870820426));
#11072=CARTESIAN_POINT('Ctrl Pts',(260.067226951727,-82.0270636352028,4.41606607636072));
#11073=CARTESIAN_POINT('Ctrl Pts',(258.438359870432,-82.0505427760183,4.41483558673111));
#11074=CARTESIAN_POINT('Ctrl Pts',(257.554405795281,-82.0632844431827,4.41416782425066));
#11075=CARTESIAN_POINT('',(257.554405795281,-82.0240324760005,3.66519567318473));
#11076=CARTESIAN_POINT('Ctrl Pts',(262.394102679437,-81.5233562995122,3.6914349997344));
#11077=CARTESIAN_POINT('Ctrl Pts',(261.66390867266,-81.6691064667692,3.68379655713833));
#11078=CARTESIAN_POINT('Ctrl Pts',(260.067226951727,-81.9878116680206,3.66709392529479));
#11079=CARTESIAN_POINT('Ctrl Pts',(258.438359870432,-82.0112908088361,3.66586343566518));
#11080=CARTESIAN_POINT('Ctrl Pts',(257.554405795281,-82.0240324760005,3.66519567318473));
#11081=CARTESIAN_POINT('',(257.554405795281,-82.1679563556686,6.41142689375981));
#11082=CARTESIAN_POINT('Ctrl Pts',(267.315653430169,-59.8724941026326,7.57988255853029));
#11083=CARTESIAN_POINT('Ctrl Pts',(267.315653430169,-59.6997854470309,4.28440509384019));
#11084=CARTESIAN_POINT('Ctrl Pts',(267.270550217292,-60.5060690762609,7.54667830115312));
#11085=CARTESIAN_POINT('Ctrl Pts',(267.270550217292,-60.3333604206592,4.25120083646302));
#11086=CARTESIAN_POINT('Ctrl Pts',(267.179483338692,-61.7853059981175,7.47963633490174));
#11087=CARTESIAN_POINT('Ctrl Pts',(267.179483338692,-61.6125973425158,4.18415887021165));
#11088=CARTESIAN_POINT('Ctrl Pts',(266.576400192198,-62.9179558103895,7.42027667353521));
#11089=CARTESIAN_POINT('Ctrl Pts',(266.576400192198,-62.7452471547878,4.12479920884512));
#11090=CARTESIAN_POINT('Ctrl Pts',(266.272009478753,-63.4896316836833,7.39031641054619));
#11091=CARTESIAN_POINT('Ctrl Pts',(266.272009478753,-63.3169230280816,4.0948389458561));
#11092=CARTESIAN_POINT('',(267.315653430169,-59.7678221901467,5.58262348902114));
#11093=CARTESIAN_POINT('Ctrl Pts',(267.315653430169,-59.7678221901467,5.58262348902114));
#11094=CARTESIAN_POINT('Ctrl Pts',(267.270550217292,-60.401397163775,5.54941923164397));
#11095=CARTESIAN_POINT('Ctrl Pts',(267.179483338692,-61.6806340856316,5.48237726539259));
#11096=CARTESIAN_POINT('Ctrl Pts',(266.576400192198,-62.8132838979036,5.42301760402606));
#11097=CARTESIAN_POINT('Ctrl Pts',(266.272009478753,-63.3849597711974,5.39305734103704));
#11098=CARTESIAN_POINT('',(267.315653430169,-59.7285702229645,4.83365133795521));
#11099=CARTESIAN_POINT('',(267.315653430169,-59.8724941026326,7.57988255853029));
#11100=CARTESIAN_POINT('Ctrl Pts',(267.315653430169,-59.7285702229645,4.83365133795521));
#11101=CARTESIAN_POINT('Ctrl Pts',(267.270550217292,-60.3621451965928,4.80044708057804));
#11102=CARTESIAN_POINT('Ctrl Pts',(267.179483338692,-61.6413821184494,4.73340511432666));
#11103=CARTESIAN_POINT('Ctrl Pts',(266.576400192198,-62.7740319307214,4.67404545296013));
#11104=CARTESIAN_POINT('Ctrl Pts',(266.272009478753,-63.3457078040152,4.64408518997111));
#11105=CARTESIAN_POINT('Ctrl Pts',(266.138990985101,-55.9181672938669,7.78712004513709));
#11106=CARTESIAN_POINT('Ctrl Pts',(266.138990985101,-55.7454586382652,4.491642580447));
#11107=CARTESIAN_POINT('Ctrl Pts',(266.482141841018,-56.548360949354,7.75409299513475));
#11108=CARTESIAN_POINT('Ctrl Pts',(266.482141841018,-56.3756522937523,4.45861553044466));
#11109=CARTESIAN_POINT('Ctrl Pts',(267.155000025335,-57.7840593353179,7.68933278686275));
#11110=CARTESIAN_POINT('Ctrl Pts',(267.155000025335,-57.6113506797162,4.39385532217265));
#11111=CARTESIAN_POINT('Ctrl Pts',(267.262820369153,-59.1856838753363,7.61587675733177));
#11112=CARTESIAN_POINT('Ctrl Pts',(267.262820369153,-59.0129752197346,4.32039929264167));
#11113=CARTESIAN_POINT('Ctrl Pts',(267.315653430169,-59.8724941026326,7.57988255853029));
#11114=CARTESIAN_POINT('Ctrl Pts',(267.315653430169,-59.6997854470309,4.28440509384019));
#11115=CARTESIAN_POINT('',(266.138990985101,-55.813495381381,5.78986097562794));
#11116=CARTESIAN_POINT('Ctrl Pts',(266.138990985101,-55.813495381381,5.78986097562794));
#11117=CARTESIAN_POINT('Ctrl Pts',(266.482141841018,-56.4436890368681,5.7568339256256));
#11118=CARTESIAN_POINT('Ctrl Pts',(267.155000025335,-57.679387422832,5.6920737173536));
#11119=CARTESIAN_POINT('Ctrl Pts',(267.262820369153,-59.0810119628504,5.61861768782262));
#11120=CARTESIAN_POINT('Ctrl Pts',(267.315653430169,-59.7678221901467,5.58262348902114));
#11121=CARTESIAN_POINT('',(266.138990985101,-55.7742434141988,5.04088882456201));
#11122=CARTESIAN_POINT('',(266.138990985101,-55.9181672938669,7.78712004513709));
#11123=CARTESIAN_POINT('Ctrl Pts',(266.138990985101,-55.7742434141988,5.04088882456201));
#11124=CARTESIAN_POINT('Ctrl Pts',(266.482141841018,-56.4044370696859,5.00786177455967));
#11125=CARTESIAN_POINT('Ctrl Pts',(267.155000025335,-57.6401354556498,4.94310156628767));
#11126=CARTESIAN_POINT('Ctrl Pts',(267.262820369153,-59.0417599956682,4.86964553675669));
#11127=CARTESIAN_POINT('Ctrl Pts',(267.315653430169,-59.7285702229645,4.83365133795521));
#11128=CARTESIAN_POINT('Ctrl Pts',(262.885235415643,-53.1184620757636,7.93384637826503));
#11129=CARTESIAN_POINT('Ctrl Pts',(262.885235415643,-52.9457534201619,4.63836891357493));
#11130=CARTESIAN_POINT('Ctrl Pts',(263.539155305853,-53.4609857780206,7.91589547167794));
#11131=CARTESIAN_POINT('Ctrl Pts',(263.539155305853,-53.2882771224188,4.62041800698784));
#11132=CARTESIAN_POINT('Ctrl Pts',(264.840936037874,-54.1428594486859,7.88015998684679));
#11133=CARTESIAN_POINT('Ctrl Pts',(264.840936037874,-53.9701507930842,4.58468252215669));
#11134=CARTESIAN_POINT('Ctrl Pts',(265.707650690498,-55.3282370982402,7.81803697662189));
#11135=CARTESIAN_POINT('Ctrl Pts',(265.707650690498,-55.1555284426385,4.5225595119318));
#11136=CARTESIAN_POINT('Ctrl Pts',(266.138990985101,-55.9181672938669,7.78712004513709));
#11137=CARTESIAN_POINT('Ctrl Pts',(266.138990985101,-55.7454586382652,4.491642580447));
#11138=CARTESIAN_POINT('',(262.885235415643,-53.0137901632778,5.93658730875588));
#11139=CARTESIAN_POINT('Ctrl Pts',(262.885235415643,-53.0137901632778,5.93658730875588));
#11140=CARTESIAN_POINT('Ctrl Pts',(263.539155305853,-53.3563138655347,5.91863640216879));
#11141=CARTESIAN_POINT('Ctrl Pts',(264.840936037874,-54.0381875362,5.88290091733764));
#11142=CARTESIAN_POINT('Ctrl Pts',(265.707650690498,-55.2235651857543,5.82077790711275));
#11143=CARTESIAN_POINT('Ctrl Pts',(266.138990985101,-55.813495381381,5.78986097562794));
#11144=CARTESIAN_POINT('',(262.885235415643,-52.9745381960955,5.18761515768995));
#11145=CARTESIAN_POINT('',(262.885235415643,-53.1184620757636,7.93384637826503));
#11146=CARTESIAN_POINT('Ctrl Pts',(262.885235415643,-52.9745381960955,5.18761515768995));
#11147=CARTESIAN_POINT('Ctrl Pts',(263.539155305853,-53.3170618983525,5.16966425110286));
#11148=CARTESIAN_POINT('Ctrl Pts',(264.840936037874,-53.9989355690178,5.13392876627171));
#11149=CARTESIAN_POINT('Ctrl Pts',(265.707650690498,-55.1843132185721,5.07180575604682));
#11150=CARTESIAN_POINT('Ctrl Pts',(266.138990985101,-55.7742434141988,5.04088882456201));
#11151=CARTESIAN_POINT('Ctrl Pts',(257.370222674554,-52.209067932113,7.98150570582676));
#11152=CARTESIAN_POINT('Ctrl Pts',(257.370222674554,-52.0363592765113,4.68602824113666));
#11153=CARTESIAN_POINT('Ctrl Pts',(258.412810501638,-52.2280861135316,7.98050900517261));
#11154=CARTESIAN_POINT('Ctrl Pts',(258.412810501638,-52.0553774579299,4.68503154048251));
#11155=CARTESIAN_POINT('Ctrl Pts',(260.29855053997,-52.2624845068618,7.97870626176727));
#11156=CARTESIAN_POINT('Ctrl Pts',(260.29855053997,-52.0897758512601,4.68322879707717));
#11157=CARTESIAN_POINT('Ctrl Pts',(262.086021348814,-52.8539886873002,7.94770684123385));
#11158=CARTESIAN_POINT('Ctrl Pts',(262.086021348814,-52.6812800316985,4.65222937654376));
#11159=CARTESIAN_POINT('Ctrl Pts',(262.885235415643,-53.1184620757636,7.93384637826503));
#11160=CARTESIAN_POINT('Ctrl Pts',(262.885235415643,-52.9457534201619,4.63836891357493));
#11161=CARTESIAN_POINT('',(257.370222674554,-52.1043960196271,5.98424663631761));
#11162=CARTESIAN_POINT('Ctrl Pts',(257.370222674554,-52.1043960196271,5.98424663631761));
#11163=CARTESIAN_POINT('Ctrl Pts',(258.412810501638,-52.1234142010458,5.98324993566346));
#11164=CARTESIAN_POINT('Ctrl Pts',(260.29855053997,-52.1578125943759,5.98144719225812));
#11165=CARTESIAN_POINT('Ctrl Pts',(262.086021348814,-52.7493167748144,5.9504477717247));
#11166=CARTESIAN_POINT('Ctrl Pts',(262.885235415643,-53.0137901632778,5.93658730875588));
#11167=CARTESIAN_POINT('',(257.370222674554,-52.0651440524449,5.23527448525168));
#11168=CARTESIAN_POINT('',(257.370222674554,-52.209067932113,7.98150570582676));
#11169=CARTESIAN_POINT('Ctrl Pts',(257.370222674554,-52.0651440524449,5.23527448525168));
#11170=CARTESIAN_POINT('Ctrl Pts',(258.412810501638,-52.0841622338636,5.23427778459753));
#11171=CARTESIAN_POINT('Ctrl Pts',(260.29855053997,-52.1185606271937,5.23247504119219));
#11172=CARTESIAN_POINT('Ctrl Pts',(262.086021348814,-52.7100648076322,5.20147562065877));
#11173=CARTESIAN_POINT('Ctrl Pts',(262.885235415643,-52.9745381960955,5.18761515768995));
#11174=CARTESIAN_POINT('Origin',(246.115110980218,-52.209067932113,7.98150570582676));
#11175=CARTESIAN_POINT('',(246.115110980218,-52.1043960196271,5.98424663631761));
#11176=CARTESIAN_POINT('',(243.936473745212,-52.1043960196271,5.98424663631761));
#11177=CARTESIAN_POINT('',(246.115110980218,-52.0651440524449,5.23527448525168));
#11178=CARTESIAN_POINT('',(246.115110980218,-52.209067932113,7.98150570582676));
#11179=CARTESIAN_POINT('',(246.115110980218,-52.0651440524449,5.23527448525168));
#11180=CARTESIAN_POINT('Origin',(246.115110980218,-82.1679563556686,6.41142689375981));
#11181=CARTESIAN_POINT('',(246.115110980218,-82.0632844431827,4.41416782425066));
#11182=CARTESIAN_POINT('',(246.115110980218,-63.0619064325548,5.40998784910528));
#11183=CARTESIAN_POINT('',(246.115110980218,-82.0240324760005,3.66519567318473));
#11184=CARTESIAN_POINT('',(246.115110980218,-82.1679563556686,6.41142689375981));
#11185=CARTESIAN_POINT('',(246.115110980218,-82.0240324760005,3.66519567318473));
#11186=CARTESIAN_POINT('Origin',(257.554405795281,-82.1679563556686,6.41142689375981));
#11187=CARTESIAN_POINT('',(238.308917898044,-82.0632844431827,4.41416782425066));
#11188=CARTESIAN_POINT('',(257.554405795281,-82.0240324760005,3.66519567318473));
#11189=CARTESIAN_POINT('Origin',(230.368184612935,-71.2032752470287,4.23228752971605));
#11190=CARTESIAN_POINT('Ctrl Pts',(222.070091830438,-65.1244976000369,7.30463671844457));
#11191=CARTESIAN_POINT('Ctrl Pts',(222.070091830438,-64.9517889444352,4.00915925375447));
#11192=CARTESIAN_POINT('Ctrl Pts',(221.437954633186,-64.5046143732576,7.33712342177488));
#11193=CARTESIAN_POINT('Ctrl Pts',(221.437954633186,-64.3319057176558,4.04164595708479));
#11194=CARTESIAN_POINT('Ctrl Pts',(220.16814735195,-63.2594222878957,7.40238117374951));
#11195=CARTESIAN_POINT('Ctrl Pts',(220.16814735195,-63.086713632294,4.10690370905942));
#11196=CARTESIAN_POINT('Ctrl Pts',(218.396392667006,-63.0861745369364,7.41146070364307));
#11197=CARTESIAN_POINT('Ctrl Pts',(218.396392667006,-62.9134658813347,4.11598323895298));
#11198=CARTESIAN_POINT('Ctrl Pts',(217.506655322259,-62.9991732182822,7.41602024954843));
#11199=CARTESIAN_POINT('Ctrl Pts',(217.506655322259,-62.8264645626805,4.12054278485834));
#11200=CARTESIAN_POINT('',(222.070091830438,-65.019825687551,5.30737764893542));
#11201=CARTESIAN_POINT('',(217.506655322259,-62.8945013057963,5.41876118003929));
#11202=CARTESIAN_POINT('Ctrl Pts',(222.070091830438,-65.019825687551,5.30737764893542));
#11203=CARTESIAN_POINT('Ctrl Pts',(221.437954633186,-64.3999424607717,5.33986435226573));
#11204=CARTESIAN_POINT('Ctrl Pts',(220.16814735195,-63.1547503754099,5.40512210424036));
#11205=CARTESIAN_POINT('Ctrl Pts',(218.396392667006,-62.9815026244505,5.41420163413392));
#11206=CARTESIAN_POINT('Ctrl Pts',(217.506655322259,-62.8945013057963,5.41876118003929));
#11207=CARTESIAN_POINT('',(222.070091830438,-64.9805737203688,4.55840549786949));
#11208=CARTESIAN_POINT('',(222.070091830438,-65.1244976000369,7.30463671844457));
#11209=CARTESIAN_POINT('',(217.506655322259,-62.8552493386141,4.66978902897336));
#11210=CARTESIAN_POINT('Ctrl Pts',(222.070091830438,-64.9805737203688,4.55840549786949));
#11211=CARTESIAN_POINT('Ctrl Pts',(221.437954633186,-64.3606904935895,4.5908922011998));
#11212=CARTESIAN_POINT('Ctrl Pts',(220.16814735195,-63.1154984082276,4.65614995317443));
#11213=CARTESIAN_POINT('Ctrl Pts',(218.396392667006,-62.9422506572683,4.66522948306799));
#11214=CARTESIAN_POINT('Ctrl Pts',(217.506655322259,-62.8552493386141,4.66978902897336));
#11215=CARTESIAN_POINT('',(217.506655322259,-62.9991732182822,7.41602024954843));
#11216=CARTESIAN_POINT('Ctrl Pts',(217.506655322259,-62.9991732182822,7.41602024954843));
#11217=CARTESIAN_POINT('Ctrl Pts',(217.506655322259,-62.8264645626805,4.12054278485834));
#11218=CARTESIAN_POINT('Ctrl Pts',(216.69830398602,-63.0661480655664,7.41251024653445));
#11219=CARTESIAN_POINT('Ctrl Pts',(216.69830398602,-62.8934394099647,4.11703278184436));
#11220=CARTESIAN_POINT('Ctrl Pts',(215.102084376973,-63.1984006638553,7.40557918155372));
#11221=CARTESIAN_POINT('Ctrl Pts',(215.102084376973,-63.0256920082536,4.11010171686362));
#11222=CARTESIAN_POINT('Ctrl Pts',(213.855318866189,-64.2006500613277,7.35305351634442));
#11223=CARTESIAN_POINT('Ctrl Pts',(213.855318866189,-64.027941405726,4.05757605165433));
#11224=CARTESIAN_POINT('Ctrl Pts',(213.239935504144,-64.6953442107001,7.3271276945515));
#11225=CARTESIAN_POINT('Ctrl Pts',(213.239935504144,-64.5226355550984,4.03165022986141));
#11226=CARTESIAN_POINT('',(213.239935504144,-64.5906722982142,5.32986862504236));
#11227=CARTESIAN_POINT('Ctrl Pts',(217.506655322259,-62.8945013057963,5.41876118003929));
#11228=CARTESIAN_POINT('Ctrl Pts',(216.69830398602,-62.9614761530805,5.4152511770253));
#11229=CARTESIAN_POINT('Ctrl Pts',(215.102084376973,-63.0937287513694,5.40832011204457));
#11230=CARTESIAN_POINT('Ctrl Pts',(213.855318866189,-64.0959781488419,5.35579444683527));
#11231=CARTESIAN_POINT('Ctrl Pts',(213.239935504144,-64.5906722982142,5.32986862504236));
#11232=CARTESIAN_POINT('',(213.239935504144,-64.551420331032,4.58089647397642));
#11233=CARTESIAN_POINT('Ctrl Pts',(217.506655322259,-62.8552493386141,4.66978902897336));
#11234=CARTESIAN_POINT('Ctrl Pts',(216.69830398602,-62.9222241858983,4.66627902595937));
#11235=CARTESIAN_POINT('Ctrl Pts',(215.102084376973,-63.0544767841872,4.65934796097864));
#11236=CARTESIAN_POINT('Ctrl Pts',(213.855318866189,-64.0567261816596,4.60682229576934));
#11237=CARTESIAN_POINT('Ctrl Pts',(213.239935504144,-64.551420331032,4.58089647397642));
#11238=CARTESIAN_POINT('',(213.239935504144,-64.6953442107001,7.3271276945515));
#11239=CARTESIAN_POINT('Ctrl Pts',(213.239935504144,-64.6953442107001,7.3271276945515));
#11240=CARTESIAN_POINT('Ctrl Pts',(213.239935504144,-64.5226355550984,4.03165022986141));
#11241=CARTESIAN_POINT('Ctrl Pts',(212.726906641206,-65.3279474581588,7.29397436318495));
#11242=CARTESIAN_POINT('Ctrl Pts',(212.726906641206,-65.1552388025571,3.99849689849485));
#11243=CARTESIAN_POINT('Ctrl Pts',(211.652852178101,-66.6523375468901,7.22456601973007));
#11244=CARTESIAN_POINT('Ctrl Pts',(211.652852178101,-66.4796288912884,3.92908855503998));
#11245=CARTESIAN_POINT('Ctrl Pts',(211.438522793657,-68.3469325791057,7.13575605730758));
#11246=CARTESIAN_POINT('Ctrl Pts',(211.438522793657,-68.174223923504,3.84027859261749));
#11247=CARTESIAN_POINT('Ctrl Pts',(211.326569186395,-69.2320936464885,7.08936673145824));
#11248=CARTESIAN_POINT('Ctrl Pts',(211.326569186395,-69.0593849908868,3.79388926676815));
#11249=CARTESIAN_POINT('',(211.326569186395,-69.1274217340026,5.0921076619491));
#11250=CARTESIAN_POINT('Ctrl Pts',(213.239935504144,-64.5906722982142,5.32986862504236));
#11251=CARTESIAN_POINT('Ctrl Pts',(212.726906641206,-65.223275545673,5.2967152936758));
#11252=CARTESIAN_POINT('Ctrl Pts',(211.652852178101,-66.5476656344042,5.22730695022093));
#11253=CARTESIAN_POINT('Ctrl Pts',(211.438522793657,-68.2422606666198,5.13849698779843));
#11254=CARTESIAN_POINT('Ctrl Pts',(211.326569186395,-69.1274217340026,5.0921076619491));
#11255=CARTESIAN_POINT('',(211.326569186395,-69.0881697668204,4.34313551088317));
#11256=CARTESIAN_POINT('Ctrl Pts',(213.239935504144,-64.551420331032,4.58089647397642));
#11257=CARTESIAN_POINT('Ctrl Pts',(212.726906641206,-65.1840235784908,4.54774314260987));
#11258=CARTESIAN_POINT('Ctrl Pts',(211.652852178101,-66.508413667222,4.478334799155));
#11259=CARTESIAN_POINT('Ctrl Pts',(211.438522793657,-68.2030086994376,4.3895248367325));
#11260=CARTESIAN_POINT('Ctrl Pts',(211.326569186395,-69.0881697668204,4.34313551088317));
#11261=CARTESIAN_POINT('',(211.326569186395,-69.2320936464885,7.08936673145824));
#11262=CARTESIAN_POINT('Ctrl Pts',(210.139664279168,-62.9991732182822,7.41602024954844));
#11263=CARTESIAN_POINT('Ctrl Pts',(210.139664279168,-62.8264645626805,4.12054278485834));
#11264=CARTESIAN_POINT('Ctrl Pts',(211.167961661617,-62.117165942445,7.46224429218655));
#11265=CARTESIAN_POINT('Ctrl Pts',(211.167961661617,-61.9444572868433,4.16676682749645));
#11266=CARTESIAN_POINT('Ctrl Pts',(213.274510112502,-60.3103043357779,7.55693789646376));
#11267=CARTESIAN_POINT('Ctrl Pts',(213.274510112502,-60.1375956801762,4.26146043177366));
#11268=CARTESIAN_POINT('Ctrl Pts',(216.046739343651,-60.0883053013078,7.56857237286331));
#11269=CARTESIAN_POINT('Ctrl Pts',(216.046739343651,-59.9155966457061,4.27309490817322));
#11270=CARTESIAN_POINT('Ctrl Pts',(217.465723620599,-59.9746735944232,7.57452755827728));
#11271=CARTESIAN_POINT('Ctrl Pts',(217.465723620599,-59.8019649388215,4.27905009358718));
#11272=CARTESIAN_POINT('',(210.139664279168,-62.8945013057963,5.41876118003929));
#11273=CARTESIAN_POINT('',(217.465723620599,-59.8700016819373,5.57726848876813));
#11274=CARTESIAN_POINT('Ctrl Pts',(210.139664279168,-62.8945013057963,5.41876118003929));
#11275=CARTESIAN_POINT('Ctrl Pts',(211.167961661617,-62.0124940299591,5.4649852226774));
#11276=CARTESIAN_POINT('Ctrl Pts',(213.274510112502,-60.205632423292,5.55967882695461));
#11277=CARTESIAN_POINT('Ctrl Pts',(216.046739343651,-59.9836333888219,5.57131330335416));
#11278=CARTESIAN_POINT('Ctrl Pts',(217.465723620599,-59.8700016819373,5.57726848876813));
#11279=CARTESIAN_POINT('',(210.139664279168,-62.8552493386141,4.66978902897336));
#11280=CARTESIAN_POINT('',(210.139664279168,-62.9991732182822,7.41602024954844));
#11281=CARTESIAN_POINT('',(217.465723620599,-59.8307497147551,4.8282963377022));
#11282=CARTESIAN_POINT('Ctrl Pts',(210.139664279168,-62.8552493386141,4.66978902897336));
#11283=CARTESIAN_POINT('Ctrl Pts',(211.167961661617,-61.9732420627769,4.71601307161147));
#11284=CARTESIAN_POINT('Ctrl Pts',(213.274510112502,-60.1663804561098,4.81070667588868));
#11285=CARTESIAN_POINT('Ctrl Pts',(216.046739343651,-59.9443814216397,4.82234115228824));
#11286=CARTESIAN_POINT('Ctrl Pts',(217.465723620599,-59.8307497147551,4.8282963377022));
#11287=CARTESIAN_POINT('',(217.465723620599,-59.9746735944232,7.57452755827728));
#11288=CARTESIAN_POINT('Ctrl Pts',(217.465723620599,-59.9746735944232,7.57452755827728));
#11289=CARTESIAN_POINT('Ctrl Pts',(217.465723620599,-59.8019649388215,4.27905009358718));
#11290=CARTESIAN_POINT('Ctrl Pts',(218.842228992914,-60.0876692250724,7.56860570820627));
#11291=CARTESIAN_POINT('Ctrl Pts',(218.842228992914,-59.9149605694707,4.27312824351617));
#11292=CARTESIAN_POINT('Ctrl Pts',(221.5397933837,-60.3091089634738,7.55700054327163));
#11293=CARTESIAN_POINT('Ctrl Pts',(221.5397933837,-60.1364003078721,4.26152307858153));
#11294=CARTESIAN_POINT('Ctrl Pts',(223.585375264915,-62.0737034545918,7.46452206465705));
#11295=CARTESIAN_POINT('Ctrl Pts',(223.585375264915,-61.9009947989901,4.16904459996695));
#11296=CARTESIAN_POINT('Ctrl Pts',(224.587143527215,-62.9378657612997,7.41923323722238));
#11297=CARTESIAN_POINT('Ctrl Pts',(224.587143527215,-62.765157105698,4.12375577253228));
#11298=CARTESIAN_POINT('',(224.587143527215,-62.8331938488138,5.42197416771323));
#11299=CARTESIAN_POINT('Ctrl Pts',(217.465723620599,-59.8700016819373,5.57726848876813));
#11300=CARTESIAN_POINT('Ctrl Pts',(218.842228992914,-59.9829973125865,5.57134663869712));
#11301=CARTESIAN_POINT('Ctrl Pts',(221.5397933837,-60.2044370509879,5.55974147376248));
#11302=CARTESIAN_POINT('Ctrl Pts',(223.585375264915,-61.9690315421059,5.4672629951479));
#11303=CARTESIAN_POINT('Ctrl Pts',(224.587143527215,-62.8331938488138,5.42197416771323));
#11304=CARTESIAN_POINT('',(224.587143527215,-62.7939418816316,4.6730020166473));
#11305=CARTESIAN_POINT('Ctrl Pts',(217.465723620599,-59.8307497147551,4.8282963377022));
#11306=CARTESIAN_POINT('Ctrl Pts',(218.842228992914,-59.9437453454043,4.82237448763119));
#11307=CARTESIAN_POINT('Ctrl Pts',(221.5397933837,-60.1651850838057,4.81076932269655));
#11308=CARTESIAN_POINT('Ctrl Pts',(223.585375264915,-61.9297795749237,4.71829084408197));
#11309=CARTESIAN_POINT('Ctrl Pts',(224.587143527215,-62.7939418816316,4.6730020166473));
#11310=CARTESIAN_POINT('',(224.587143527215,-62.9378657612997,7.41923323722238));
#11311=CARTESIAN_POINT('Ctrl Pts',(224.587143527215,-62.9378657612997,7.41923323722238));
#11312=CARTESIAN_POINT('Ctrl Pts',(224.587143527215,-62.765157105698,4.12375577253228));
#11313=CARTESIAN_POINT('Ctrl Pts',(225.391604555863,-64.0870287070595,7.35900815920075));
#11314=CARTESIAN_POINT('Ctrl Pts',(225.391604555863,-63.9143200514578,4.06353069451065));
#11315=CARTESIAN_POINT('Ctrl Pts',(227.136817124752,-66.5800439622699,7.22835476595643));
#11316=CARTESIAN_POINT('Ctrl Pts',(227.136817124752,-66.4073353066682,3.93287730126633));
#11317=CARTESIAN_POINT('Ctrl Pts',(227.275175279948,-69.6310424698966,7.06845870957584));
#11318=CARTESIAN_POINT('Ctrl Pts',(227.275175279948,-69.4583338142949,3.77298124488575));
#11319=CARTESIAN_POINT('Ctrl Pts',(227.349756823724,-71.2756739586271,6.98226722551251));
#11320=CARTESIAN_POINT('Ctrl Pts',(227.349756823724,-71.1029653030254,3.68678976082242));
#11321=CARTESIAN_POINT('',(227.349756823724,-71.1710020461412,4.98500815600337));
#11322=CARTESIAN_POINT('Ctrl Pts',(224.587143527215,-62.8331938488138,5.42197416771323));
#11323=CARTESIAN_POINT('Ctrl Pts',(225.391604555863,-63.9823567945737,5.3617490896916));
#11324=CARTESIAN_POINT('Ctrl Pts',(227.136817124752,-66.475372049784,5.23109569644728));
#11325=CARTESIAN_POINT('Ctrl Pts',(227.275175279948,-69.5263705574107,5.07119964006669));
#11326=CARTESIAN_POINT('Ctrl Pts',(227.349756823724,-71.1710020461412,4.98500815600337));
#11327=CARTESIAN_POINT('',(227.349756823724,-71.131750078959,4.23603600493743));
#11328=CARTESIAN_POINT('Ctrl Pts',(224.587143527215,-62.7939418816316,4.6730020166473));
#11329=CARTESIAN_POINT('Ctrl Pts',(225.391604555863,-63.9431048273914,4.61277693862567));
#11330=CARTESIAN_POINT('Ctrl Pts',(227.136817124752,-66.4361200826018,4.48212354538135));
#11331=CARTESIAN_POINT('Ctrl Pts',(227.275175279948,-69.4871185902285,4.32222748900076));
#11332=CARTESIAN_POINT('Ctrl Pts',(227.349756823724,-71.131750078959,4.23603600493743));
#11333=CARTESIAN_POINT('',(227.349756823724,-71.2756739586271,6.98226722551251));
#11334=CARTESIAN_POINT('Ctrl Pts',(227.349756823724,-71.2756739586271,6.98226722551251));
#11335=CARTESIAN_POINT('Ctrl Pts',(227.349756823724,-71.1029653030254,3.68678976082242));
#11336=CARTESIAN_POINT('Ctrl Pts',(227.34845880966,-71.4119204455103,6.97512684969985));
#11337=CARTESIAN_POINT('Ctrl Pts',(227.34845880966,-71.2392117899086,3.67964938500976));
#11338=CARTESIAN_POINT('Ctrl Pts',(227.345343067676,-71.7389653607699,6.95798715196528));
#11339=CARTESIAN_POINT('Ctrl Pts',(227.345343067676,-71.5662567051682,3.66250968727519));
#11340=CARTESIAN_POINT('Ctrl Pts',(227.335211360667,-72.0658727145806,6.94085466352077));
#11341=CARTESIAN_POINT('Ctrl Pts',(227.335211360667,-71.8931640589789,3.64537719883067));
#11342=CARTESIAN_POINT('Ctrl Pts',(227.329300509637,-72.2565908894291,6.93085954750804));
#11343=CARTESIAN_POINT('Ctrl Pts',(227.329300509637,-72.0838822338274,3.63538208281795));
#11344=CARTESIAN_POINT('',(227.329300509637,-72.1519189769432,4.93360047799889));
#11345=CARTESIAN_POINT('Ctrl Pts',(227.349756823724,-71.1710020461412,4.98500815600337));
#11346=CARTESIAN_POINT('Ctrl Pts',(227.34845880966,-71.3072485330244,4.9778677801907));
#11347=CARTESIAN_POINT('Ctrl Pts',(227.345343067676,-71.634293448284,4.96072808245613));
#11348=CARTESIAN_POINT('Ctrl Pts',(227.335211360667,-71.9612008020947,4.94359559401162));
#11349=CARTESIAN_POINT('Ctrl Pts',(227.329300509637,-72.1519189769432,4.93360047799889));
#11350=CARTESIAN_POINT('',(227.329300509637,-72.112667009761,4.18462832693297));
#11351=CARTESIAN_POINT('Ctrl Pts',(227.349756823724,-71.131750078959,4.23603600493743));
#11352=CARTESIAN_POINT('Ctrl Pts',(227.34845880966,-71.2679965658422,4.22889562912477));
#11353=CARTESIAN_POINT('Ctrl Pts',(227.345343067676,-71.5950414811018,4.2117559313902));
#11354=CARTESIAN_POINT('Ctrl Pts',(227.335211360667,-71.9219488349125,4.19462344294569));
#11355=CARTESIAN_POINT('Ctrl Pts',(227.329300509637,-72.112667009761,4.18462832693297));
#11356=CARTESIAN_POINT('',(227.329300509637,-72.2565908894291,6.93085954750804));
#11357=CARTESIAN_POINT('Origin',(227.329300509637,-72.2565908894291,6.93085954750804));
#11358=CARTESIAN_POINT('',(211.12192975158,-72.1519189769433,4.93360047799889));
#11359=CARTESIAN_POINT('',(220.812327283725,-72.1519189769432,4.93360047799889));
#11360=CARTESIAN_POINT('',(211.12192975158,-72.112667009761,4.18462832693297));
#11361=CARTESIAN_POINT('',(227.329300509637,-72.112667009761,4.18462832693297));
#11362=CARTESIAN_POINT('',(211.12192975158,-72.2565908894291,6.93085954750804));
#11363=CARTESIAN_POINT('Ctrl Pts',(211.12192975158,-72.2565908894291,6.93085954750804));
#11364=CARTESIAN_POINT('Ctrl Pts',(211.12192975158,-72.0838822338274,3.63538208281795));
#11365=CARTESIAN_POINT('Ctrl Pts',(211.228371375198,-73.3463012164266,6.87375024920831));
#11366=CARTESIAN_POINT('Ctrl Pts',(211.228371375198,-73.1735925608249,3.57827278451822));
#11367=CARTESIAN_POINT('Ctrl Pts',(211.424761062896,-75.3568668535044,6.76838096906627));
#11368=CARTESIAN_POINT('Ctrl Pts',(211.424761062896,-75.1841581979027,3.47290350437618));
#11369=CARTESIAN_POINT('Ctrl Pts',(212.606570458311,-76.9868437983457,6.68295749710458));
#11370=CARTESIAN_POINT('Ctrl Pts',(212.606570458311,-76.814135142744,3.38748003241448));
#11371=CARTESIAN_POINT('Ctrl Pts',(213.147848712151,-77.7333864116708,6.64383285660006));
#11372=CARTESIAN_POINT('Ctrl Pts',(213.147848712151,-77.560677756069,3.34835539190996));
#11373=CARTESIAN_POINT('',(213.147848712151,-77.6287144991849,4.64657378709091));
#11374=CARTESIAN_POINT('Ctrl Pts',(211.12192975158,-72.1519189769433,4.93360047799889));
#11375=CARTESIAN_POINT('Ctrl Pts',(211.228371375198,-73.2416293039407,4.87649117969916));
#11376=CARTESIAN_POINT('Ctrl Pts',(211.424761062896,-75.2521949410185,4.77112189955712));
#11377=CARTESIAN_POINT('Ctrl Pts',(212.606570458311,-76.8821718858599,4.68569842759543));
#11378=CARTESIAN_POINT('Ctrl Pts',(213.147848712151,-77.6287144991849,4.64657378709091));
#11379=CARTESIAN_POINT('',(213.147848712151,-77.5894625320027,3.89760163602498));
#11380=CARTESIAN_POINT('Ctrl Pts',(211.12192975158,-72.112667009761,4.18462832693297));
#11381=CARTESIAN_POINT('Ctrl Pts',(211.228371375198,-73.2023773367585,4.12751902863323));
#11382=CARTESIAN_POINT('Ctrl Pts',(211.424761062896,-75.2129429738363,4.02214974849119));
#11383=CARTESIAN_POINT('Ctrl Pts',(212.606570458311,-76.8429199186777,3.9367262765295));
#11384=CARTESIAN_POINT('Ctrl Pts',(213.147848712151,-77.5894625320027,3.89760163602498));
#11385=CARTESIAN_POINT('',(213.147848712151,-77.7333864116708,6.64383285660006));
#11386=CARTESIAN_POINT('Ctrl Pts',(213.147848712151,-77.7333864116708,6.64383285660006));
#11387=CARTESIAN_POINT('Ctrl Pts',(213.147848712151,-77.560677756069,3.34835539190996));
#11388=CARTESIAN_POINT('Ctrl Pts',(213.796582629285,-78.2876948650491,6.61478278152068));
#11389=CARTESIAN_POINT('Ctrl Pts',(213.796582629285,-78.1149862094474,3.31930531683058));
#11390=CARTESIAN_POINT('Ctrl Pts',(215.106143146326,-79.4066443228081,6.55614112530957));
#11391=CARTESIAN_POINT('Ctrl Pts',(215.106143146326,-79.2339356672064,3.26066366061947));
#11392=CARTESIAN_POINT('Ctrl Pts',(216.823979398416,-79.5576940937943,6.54822494225097));
#11393=CARTESIAN_POINT('Ctrl Pts',(216.823979398416,-79.3849854381926,3.25274747756088));
#11394=CARTESIAN_POINT('Ctrl Pts',(217.690828906243,-79.6339163876698,6.54423030109709));
#11395=CARTESIAN_POINT('Ctrl Pts',(217.690828906243,-79.4612077320681,3.248752836407));
#11396=CARTESIAN_POINT('',(217.690828906243,-79.529244475184,4.54697123158795));
#11397=CARTESIAN_POINT('Ctrl Pts',(213.147848712151,-77.6287144991849,4.64657378709091));
#11398=CARTESIAN_POINT('Ctrl Pts',(213.796582629285,-78.1830229525633,4.61752371201153));
#11399=CARTESIAN_POINT('Ctrl Pts',(215.106143146326,-79.3019724103222,4.55888205580042));
#11400=CARTESIAN_POINT('Ctrl Pts',(216.823979398416,-79.4530221813084,4.55096587274182));
#11401=CARTESIAN_POINT('Ctrl Pts',(217.690828906243,-79.529244475184,4.54697123158795));
#11402=CARTESIAN_POINT('',(217.690828906243,-79.4899925080017,3.79799908052202));
#11403=CARTESIAN_POINT('Ctrl Pts',(213.147848712151,-77.5894625320027,3.89760163602498));
#11404=CARTESIAN_POINT('Ctrl Pts',(213.796582629285,-78.1437709853811,3.8685515609456));
#11405=CARTESIAN_POINT('Ctrl Pts',(215.106143146326,-79.26272044314,3.80990990473449));
#11406=CARTESIAN_POINT('Ctrl Pts',(216.823979398416,-79.4137702141262,3.80199372167589));
#11407=CARTESIAN_POINT('Ctrl Pts',(217.690828906243,-79.4899925080017,3.79799908052202));
#11408=CARTESIAN_POINT('',(217.690828906243,-79.6339163876698,6.54423030109709));
#11409=CARTESIAN_POINT('Ctrl Pts',(223.461626635735,-69.2320936464886,7.08936673145824));
#11410=CARTESIAN_POINT('Ctrl Pts',(223.461626635735,-69.0593849908869,3.79388926676814));
#11411=CARTESIAN_POINT('Ctrl Pts',(223.368467438013,-68.4106401034226,7.13241728743451));
#11412=CARTESIAN_POINT('Ctrl Pts',(223.368467438013,-68.2379314478209,3.83693982274442));
#11413=CARTESIAN_POINT('Ctrl Pts',(223.20118140037,-66.935555391585,7.20972320143628));
#11414=CARTESIAN_POINT('Ctrl Pts',(223.20118140037,-66.7628467359833,3.91424573674619));
#11415=CARTESIAN_POINT('Ctrl Pts',(222.417397642507,-65.6805905158579,7.27549312365136));
#11416=CARTESIAN_POINT('Ctrl Pts',(222.417397642507,-65.5078818602562,3.98001565896126));
#11417=CARTESIAN_POINT('Ctrl Pts',(222.070091830438,-65.1244976000369,7.30463671844457));
#11418=CARTESIAN_POINT('Ctrl Pts',(222.070091830438,-64.9517889444352,4.00915925375447));
#11419=CARTESIAN_POINT('',(223.461626635735,-69.1274217340026,5.0921076619491));
#11420=CARTESIAN_POINT('Ctrl Pts',(223.461626635735,-69.1274217340027,5.09210766194909));
#11421=CARTESIAN_POINT('Ctrl Pts',(223.368467438013,-68.3059681909367,5.13515821792536));
#11422=CARTESIAN_POINT('Ctrl Pts',(223.20118140037,-66.8308834790991,5.21246413192714));
#11423=CARTESIAN_POINT('Ctrl Pts',(222.417397642507,-65.575918603372,5.27823405414221));
#11424=CARTESIAN_POINT('Ctrl Pts',(222.070091830438,-65.019825687551,5.30737764893542));
#11425=CARTESIAN_POINT('',(223.461626635735,-69.0881697668204,4.34313551088316));
#11426=CARTESIAN_POINT('',(223.461626635735,-69.2320936464885,7.08936673145824));
#11427=CARTESIAN_POINT('Ctrl Pts',(223.461626635735,-69.0881697668205,4.34313551088316));
#11428=CARTESIAN_POINT('Ctrl Pts',(223.368467438013,-68.2667162237545,4.38618606685943));
#11429=CARTESIAN_POINT('Ctrl Pts',(223.20118140037,-66.7916315119169,4.46349198086121));
#11430=CARTESIAN_POINT('Ctrl Pts',(222.417397642507,-65.5366666361898,4.52926190307628));
#11431=CARTESIAN_POINT('Ctrl Pts',(222.070091830438,-64.9805737203688,4.55840549786949));
#11432=CARTESIAN_POINT('Origin',(211.326569186395,-69.2320936464885,7.08936673145824));
#11433=CARTESIAN_POINT('',(226.982175725803,-69.1274217340026,5.09210766194909));
#11434=CARTESIAN_POINT('',(211.326569186395,-69.0881697668204,4.34313551088317));
#11435=CARTESIAN_POINT('Ctrl Pts',(217.690828906243,-79.6339163876698,6.54423030109709));
#11436=CARTESIAN_POINT('Ctrl Pts',(217.690828906243,-79.4612077320681,3.248752836407));
#11437=CARTESIAN_POINT('Ctrl Pts',(218.332602950508,-79.5960190776895,6.54621641495396));
#11438=CARTESIAN_POINT('Ctrl Pts',(218.332602950508,-79.4233104220878,3.25073895026387));
#11439=CARTESIAN_POINT('Ctrl Pts',(219.573697217682,-79.5227313924392,6.55005725978673));
#11440=CARTESIAN_POINT('Ctrl Pts',(219.573697217682,-79.3500227368375,3.25457979509663));
#11441=CARTESIAN_POINT('Ctrl Pts',(220.636156419559,-78.8810979877064,6.58368384164259));
#11442=CARTESIAN_POINT('Ctrl Pts',(220.636156419559,-78.7083893321047,3.28820637695249));
#11443=CARTESIAN_POINT('Ctrl Pts',(221.149214373772,-78.5712553872516,6.59992200425971));
#11444=CARTESIAN_POINT('Ctrl Pts',(221.149214373772,-78.3985467316499,3.30444453956961));
#11445=CARTESIAN_POINT('',(221.149214373772,-78.4665834747657,4.60266293475056));
#11446=CARTESIAN_POINT('Ctrl Pts',(217.690828906243,-79.529244475184,4.54697123158795));
#11447=CARTESIAN_POINT('Ctrl Pts',(218.332602950508,-79.4913471652036,4.54895734544481));
#11448=CARTESIAN_POINT('Ctrl Pts',(219.573697217682,-79.4180594799533,4.55279819027758));
#11449=CARTESIAN_POINT('Ctrl Pts',(220.636156419559,-78.7764260752205,4.58642477213344));
#11450=CARTESIAN_POINT('Ctrl Pts',(221.149214373772,-78.4665834747657,4.60266293475056));
#11451=CARTESIAN_POINT('',(221.149214373772,-78.4273315075835,3.85369078368463));
#11452=CARTESIAN_POINT('Ctrl Pts',(217.690828906243,-79.4899925080017,3.79799908052202));
#11453=CARTESIAN_POINT('Ctrl Pts',(218.332602950508,-79.4520951980214,3.79998519437888));
#11454=CARTESIAN_POINT('Ctrl Pts',(219.573697217682,-79.3788075127711,3.80382603921165));
#11455=CARTESIAN_POINT('Ctrl Pts',(220.636156419559,-78.7371741080383,3.83745262106751));
#11456=CARTESIAN_POINT('Ctrl Pts',(221.149214373772,-78.4273315075835,3.85369078368463));
#11457=CARTESIAN_POINT('',(221.149214373772,-78.5712553872516,6.59992200425971));
#11458=CARTESIAN_POINT('Ctrl Pts',(207.315653430169,-71.5004683643828,6.97048624991161));
#11459=CARTESIAN_POINT('Ctrl Pts',(207.315653430169,-71.3277597087811,3.67500878522152));
#11460=CARTESIAN_POINT('Ctrl Pts',(207.392263031593,-69.8239911950865,7.05834669537315));
#11461=CARTESIAN_POINT('Ctrl Pts',(207.392263031593,-69.6512825394848,3.76286923068305));
#11462=CARTESIAN_POINT('Ctrl Pts',(207.534465092699,-66.7121291772902,7.22143247316109));
#11463=CARTESIAN_POINT('Ctrl Pts',(207.534465092699,-66.5394205216885,3.925955008471));
#11464=CARTESIAN_POINT('Ctrl Pts',(209.317306586803,-64.1712056333705,7.35459663342592));
#11465=CARTESIAN_POINT('Ctrl Pts',(209.317306586803,-63.9984969777688,4.05911916873583));
#11466=CARTESIAN_POINT('Ctrl Pts',(210.139664279168,-62.9991732182822,7.41602024954844));
#11467=CARTESIAN_POINT('Ctrl Pts',(210.139664279168,-62.8264645626805,4.12054278485834));
#11468=CARTESIAN_POINT('',(207.315653430169,-71.3957964518969,4.97322718040246));
#11469=CARTESIAN_POINT('Ctrl Pts',(207.315653430169,-71.3957964518969,4.97322718040246));
#11470=CARTESIAN_POINT('Ctrl Pts',(207.392263031593,-69.7193192826006,5.061087625864));
#11471=CARTESIAN_POINT('Ctrl Pts',(207.534465092699,-66.6074572648043,5.22417340365195));
#11472=CARTESIAN_POINT('Ctrl Pts',(209.317306586803,-64.0665337208846,5.35733756391677));
#11473=CARTESIAN_POINT('Ctrl Pts',(210.139664279168,-62.8945013057963,5.41876118003929));
#11474=CARTESIAN_POINT('',(207.315653430169,-71.3565444847147,4.22425502933653));
#11475=CARTESIAN_POINT('',(207.315653430169,-71.5004683643828,6.97048624991161));
#11476=CARTESIAN_POINT('Ctrl Pts',(207.315653430169,-71.3565444847147,4.22425502933653));
#11477=CARTESIAN_POINT('Ctrl Pts',(207.392263031593,-69.6800673154184,4.31211547479807));
#11478=CARTESIAN_POINT('Ctrl Pts',(207.534465092699,-66.5682052976221,4.47520125258602));
#11479=CARTESIAN_POINT('Ctrl Pts',(209.317306586803,-64.0272817537024,4.60836541285084));
#11480=CARTESIAN_POINT('Ctrl Pts',(210.139664279168,-62.8552493386141,4.66978902897336));
#11481=CARTESIAN_POINT('Ctrl Pts',(210.108965502923,-79.725876977914,6.53941085078084));
#11482=CARTESIAN_POINT('Ctrl Pts',(210.108965502923,-79.5531683223123,3.24393338609075));
#11483=CARTESIAN_POINT('Ctrl Pts',(209.295443963177,-78.5925666982284,6.59880512577781));
#11484=CARTESIAN_POINT('Ctrl Pts',(209.295443963177,-78.4198580426267,3.30332766108771));
#11485=CARTESIAN_POINT('Ctrl Pts',(207.537911295398,-76.1441621484227,6.72712057101961));
#11486=CARTESIAN_POINT('Ctrl Pts',(207.537911295398,-75.971453492821,3.43164310632952));
#11487=CARTESIAN_POINT('Ctrl Pts',(207.393317874623,-73.1231326403088,6.8854460186884));
#11488=CARTESIAN_POINT('Ctrl Pts',(207.393317874623,-72.9504239847071,3.58996855399831));
#11489=CARTESIAN_POINT('Ctrl Pts',(207.315653430169,-71.5004683643828,6.97048624991161));
#11490=CARTESIAN_POINT('Ctrl Pts',(207.315653430169,-71.3277597087811,3.67500878522152));
#11491=CARTESIAN_POINT('',(210.108965502923,-79.6212050654281,4.54215178127169));
#11492=CARTESIAN_POINT('Ctrl Pts',(210.108965502923,-79.6212050654281,4.54215178127169));
#11493=CARTESIAN_POINT('Ctrl Pts',(209.295443963177,-78.4878947857425,4.60154605626866));
#11494=CARTESIAN_POINT('Ctrl Pts',(207.537911295398,-76.0394902359368,4.72986150151046));
#11495=CARTESIAN_POINT('Ctrl Pts',(207.393317874623,-73.0184607278229,4.88818694917926));
#11496=CARTESIAN_POINT('Ctrl Pts',(207.315653430169,-71.3957964518969,4.97322718040246));
#11497=CARTESIAN_POINT('',(210.108965502923,-79.5819530982459,3.79317963020576));
#11498=CARTESIAN_POINT('',(210.108965502923,-79.725876977914,6.53941085078084));
#11499=CARTESIAN_POINT('Ctrl Pts',(210.108965502923,-79.5819530982459,3.79317963020576));
#11500=CARTESIAN_POINT('Ctrl Pts',(209.295443963177,-78.4486428185603,3.85257390520273));
#11501=CARTESIAN_POINT('Ctrl Pts',(207.537911295398,-76.0002382687546,3.98088935044454));
#11502=CARTESIAN_POINT('Ctrl Pts',(207.393317874623,-72.9792087606407,4.13921479811333));
#11503=CARTESIAN_POINT('Ctrl Pts',(207.315653430169,-71.3565444847147,4.22425502933653));
#11504=CARTESIAN_POINT('Ctrl Pts',(217.670363055413,-82.6584160115287,6.38572299236826));
#11505=CARTESIAN_POINT('Ctrl Pts',(217.670363055413,-82.485707355927,3.09024552767816));
#11506=CARTESIAN_POINT('Ctrl Pts',(216.18704958497,-82.5602556432635,6.39086735928264));
#11507=CARTESIAN_POINT('Ctrl Pts',(216.18704958497,-82.3875469876618,3.09538989459255));
#11508=CARTESIAN_POINT('Ctrl Pts',(213.350498727523,-82.3725428756533,6.40070496857617));
#11509=CARTESIAN_POINT('Ctrl Pts',(213.350498727523,-82.1998342200516,3.10522750388607));
#11510=CARTESIAN_POINT('Ctrl Pts',(211.155931052209,-80.5807094980238,6.49461097674296));
#11511=CARTESIAN_POINT('Ctrl Pts',(211.155931052209,-80.4080008424221,3.19913351205287));
#11512=CARTESIAN_POINT('Ctrl Pts',(210.108965502923,-79.725876977914,6.53941085078084));
#11513=CARTESIAN_POINT('Ctrl Pts',(210.108965502923,-79.5531683223123,3.24393338609075));
#11514=CARTESIAN_POINT('',(217.670363055413,-82.5537440990428,4.38846392285911));
#11515=CARTESIAN_POINT('Ctrl Pts',(217.670363055413,-82.5537440990428,4.38846392285911));
#11516=CARTESIAN_POINT('Ctrl Pts',(216.18704958497,-82.4555837307776,4.3936082897735));
#11517=CARTESIAN_POINT('Ctrl Pts',(213.350498727523,-82.2678709631674,4.40344589906702));
#11518=CARTESIAN_POINT('Ctrl Pts',(211.155931052209,-80.4760375855379,4.49735190723381));
#11519=CARTESIAN_POINT('Ctrl Pts',(210.108965502923,-79.6212050654281,4.54215178127169));
#11520=CARTESIAN_POINT('',(217.670363055413,-82.5144921318606,3.63949177179318));
#11521=CARTESIAN_POINT('',(217.670363055413,-82.6584160115287,6.38572299236826));
#11522=CARTESIAN_POINT('Ctrl Pts',(217.670363055413,-82.5144921318606,3.63949177179318));
#11523=CARTESIAN_POINT('Ctrl Pts',(216.18704958497,-82.4163317635954,3.64463613870757));
#11524=CARTESIAN_POINT('Ctrl Pts',(213.350498727523,-82.2286189959852,3.65447374800109));
#11525=CARTESIAN_POINT('Ctrl Pts',(211.155931052209,-80.4367856183557,3.74837975616788));
#11526=CARTESIAN_POINT('Ctrl Pts',(210.108965502923,-79.5819530982459,3.79317963020576));
#11527=CARTESIAN_POINT('Ctrl Pts',(223.891371356194,-80.819192302053,6.48211262258659));
#11528=CARTESIAN_POINT('Ctrl Pts',(223.891371356194,-80.6464836464513,3.1866351578965));
#11529=CARTESIAN_POINT('Ctrl Pts',(222.990461703347,-81.3551468681629,6.45402443398017));
#11530=CARTESIAN_POINT('Ctrl Pts',(222.990461703347,-81.1824382125612,3.15854696929007));
#11531=CARTESIAN_POINT('Ctrl Pts',(221.077871577504,-82.4929539810111,6.39439448994335));
#11532=CARTESIAN_POINT('Ctrl Pts',(221.077871577504,-82.3202453254094,3.09891702525325));
#11533=CARTESIAN_POINT('Ctrl Pts',(218.849224490034,-82.6011727778268,6.38872298312556));
#11534=CARTESIAN_POINT('Ctrl Pts',(218.849224490034,-82.4284641222251,3.09324551843546));
#11535=CARTESIAN_POINT('Ctrl Pts',(217.670363055413,-82.6584160115287,6.38572299236826));
#11536=CARTESIAN_POINT('Ctrl Pts',(217.670363055413,-82.485707355927,3.09024552767816));
#11537=CARTESIAN_POINT('',(223.891371356194,-80.7145203895671,4.48485355307745));
#11538=CARTESIAN_POINT('Ctrl Pts',(223.891371356194,-80.7145203895671,4.48485355307745));
#11539=CARTESIAN_POINT('Ctrl Pts',(222.990461703347,-81.2504749556771,4.45676536447102));
#11540=CARTESIAN_POINT('Ctrl Pts',(221.077871577504,-82.3882820685252,4.3971354204342));
#11541=CARTESIAN_POINT('Ctrl Pts',(218.849224490034,-82.4965008653409,4.39146391361641));
#11542=CARTESIAN_POINT('Ctrl Pts',(217.670363055413,-82.5537440990428,4.38846392285911));
#11543=CARTESIAN_POINT('',(223.891371356194,-80.6752684223849,3.73588140201152));
#11544=CARTESIAN_POINT('',(223.891371356194,-80.819192302053,6.48211262258659));
#11545=CARTESIAN_POINT('Ctrl Pts',(223.891371356194,-80.6752684223849,3.73588140201152));
#11546=CARTESIAN_POINT('Ctrl Pts',(222.990461703347,-81.2112229884949,3.70779321340509));
#11547=CARTESIAN_POINT('Ctrl Pts',(221.077871577504,-82.349030101343,3.64816326936827));
#11548=CARTESIAN_POINT('Ctrl Pts',(218.849224490034,-82.4572488981587,3.64249176255048));
#11549=CARTESIAN_POINT('Ctrl Pts',(217.670363055413,-82.5144921318606,3.63949177179318));
#11550=CARTESIAN_POINT('Ctrl Pts',(227.22698079223,-75.6489352551833,6.75307431273553));
#11551=CARTESIAN_POINT('Ctrl Pts',(227.22698079223,-75.4762265995816,3.45759684804544));
#11552=CARTESIAN_POINT('Ctrl Pts',(226.87727998657,-76.6859990780935,6.69872410080202));
#11553=CARTESIAN_POINT('Ctrl Pts',(226.87727998657,-76.5132904224918,3.40324663611193));
#11554=CARTESIAN_POINT('Ctrl Pts',(226.200545562406,-78.6929054896882,6.59354659254145));
#11555=CARTESIAN_POINT('Ctrl Pts',(226.200545562406,-78.5201968340865,3.29806912785136));
#11556=CARTESIAN_POINT('Ctrl Pts',(224.643714093075,-80.1264353695082,6.5184184750042));
#11557=CARTESIAN_POINT('Ctrl Pts',(224.643714093075,-79.9537267139065,3.2229410103141));
#11558=CARTESIAN_POINT('Ctrl Pts',(223.891371356194,-80.819192302053,6.48211262258659));
#11559=CARTESIAN_POINT('Ctrl Pts',(223.891371356194,-80.6464836464513,3.1866351578965));
#11560=CARTESIAN_POINT('',(227.22698079223,-75.5442633426974,4.75581524322638));
#11561=CARTESIAN_POINT('Ctrl Pts',(227.22698079223,-75.5442633426974,4.75581524322638));
#11562=CARTESIAN_POINT('Ctrl Pts',(226.87727998657,-76.5813271656077,4.70146503129287));
#11563=CARTESIAN_POINT('Ctrl Pts',(226.200545562406,-78.5882335772023,4.5962875230323));
#11564=CARTESIAN_POINT('Ctrl Pts',(224.643714093075,-80.0217634570224,4.52115940549505));
#11565=CARTESIAN_POINT('Ctrl Pts',(223.891371356194,-80.7145203895671,4.48485355307745));
#11566=CARTESIAN_POINT('',(227.22698079223,-75.5050113755152,4.00684309216045));
#11567=CARTESIAN_POINT('',(227.22698079223,-75.6489352551833,6.75307431273553));
#11568=CARTESIAN_POINT('Ctrl Pts',(227.22698079223,-75.5050113755152,4.00684309216045));
#11569=CARTESIAN_POINT('Ctrl Pts',(226.87727998657,-76.5420751984255,3.95249288022695));
#11570=CARTESIAN_POINT('Ctrl Pts',(226.200545562406,-78.5489816100201,3.84731537196637));
#11571=CARTESIAN_POINT('Ctrl Pts',(224.643714093075,-79.9825114898401,3.77218725442912));
#11572=CARTESIAN_POINT('Ctrl Pts',(223.891371356194,-80.6752684223849,3.73588140201152));
#11573=CARTESIAN_POINT('Origin',(223.420704470818,-75.1789110214975,6.77770723903221));
#11574=CARTESIAN_POINT('',(223.420704470818,-75.0742391090116,4.78044816952307));
#11575=CARTESIAN_POINT('',(228.747199729938,-75.7319900553408,4.74597690310464));
#11576=CARTESIAN_POINT('',(223.420704470818,-75.0349871418294,4.03147601845714));
#11577=CARTESIAN_POINT('',(223.420704470818,-75.1789110214975,6.77770723903221));
#11578=CARTESIAN_POINT('',(223.420704470818,-75.0349871418294,4.03147601845714));
#11579=CARTESIAN_POINT('Ctrl Pts',(221.149214373772,-78.5712553872516,6.59992200425971));
#11580=CARTESIAN_POINT('Ctrl Pts',(221.149214373772,-78.3985467316499,3.30444453956961));
#11581=CARTESIAN_POINT('Ctrl Pts',(221.611836257514,-78.1351907063515,6.62277518580945));
#11582=CARTESIAN_POINT('Ctrl Pts',(221.611836257514,-77.9624820507498,3.32729772111936));
#11583=CARTESIAN_POINT('Ctrl Pts',(222.625027969595,-77.1801621265405,6.67282611282918));
#11584=CARTESIAN_POINT('Ctrl Pts',(222.625027969595,-77.0074534709388,3.37734864813909));
#11585=CARTESIAN_POINT('Ctrl Pts',(223.140562349805,-75.8835123618472,6.74078064750463));
#11586=CARTESIAN_POINT('Ctrl Pts',(223.140562349805,-75.7108037062455,3.44530318281454));
#11587=CARTESIAN_POINT('Ctrl Pts',(223.420704470818,-75.1789110214975,6.77770723903221));
#11588=CARTESIAN_POINT('Ctrl Pts',(223.420704470818,-75.0062023658958,3.48222977434212));
#11589=CARTESIAN_POINT('Ctrl Pts',(221.149214373772,-78.4665834747657,4.60266293475056));
#11590=CARTESIAN_POINT('Ctrl Pts',(221.611836257514,-78.0305187938656,4.6255161163003));
#11591=CARTESIAN_POINT('Ctrl Pts',(222.625027969595,-77.0754902140546,4.67556704332003));
#11592=CARTESIAN_POINT('Ctrl Pts',(223.140562349805,-75.7788404493613,4.74352157799549));
#11593=CARTESIAN_POINT('Ctrl Pts',(223.420704470818,-75.0742391090116,4.78044816952307));
#11594=CARTESIAN_POINT('Ctrl Pts',(221.149214373772,-78.4273315075835,3.85369078368463));
#11595=CARTESIAN_POINT('Ctrl Pts',(221.611836257514,-77.9912668266834,3.87654396523437));
#11596=CARTESIAN_POINT('Ctrl Pts',(222.625027969595,-77.0362382468724,3.9265948922541));
#11597=CARTESIAN_POINT('Ctrl Pts',(223.140562349805,-75.7395884821791,3.99454942692956));
#11598=CARTESIAN_POINT('Ctrl Pts',(223.420704470818,-75.0349871418294,4.03147601845714));
#11599=CARTESIAN_POINT('Origin',(230.368184612935,-71.2032752470287,4.23228752971605));
#11600=CARTESIAN_POINT('Ctrl Pts',(165.722883807366,-78.7960497930072,6.58814102865881));
#11601=CARTESIAN_POINT('Ctrl Pts',(165.722883807366,-78.6233411374055,3.29266356396872));
#11602=CARTESIAN_POINT('Ctrl Pts',(166.167860782755,-79.0814029922176,6.57318630117688));
#11603=CARTESIAN_POINT('Ctrl Pts',(166.167860782755,-78.9086943366159,3.27770883648679));
#11604=CARTESIAN_POINT('Ctrl Pts',(167.157021448249,-79.7157283080064,6.53994272003338));
#11605=CARTESIAN_POINT('Ctrl Pts',(167.157021448249,-79.5430196524047,3.24446525534329));
#11606=CARTESIAN_POINT('Ctrl Pts',(168.337458498725,-79.7552332188949,6.53787235538294));
#11607=CARTESIAN_POINT('Ctrl Pts',(168.337458498725,-79.5825245632932,3.24239489069284));
#11608=CARTESIAN_POINT('Ctrl Pts',(168.986872302239,-79.7769667238092,6.53673335065434));
#11609=CARTESIAN_POINT('Ctrl Pts',(168.986872302239,-79.6042580682075,3.24125588596425));
#11610=CARTESIAN_POINT('',(165.722883807366,-78.6913778805213,4.59088195914966));
#11611=CARTESIAN_POINT('',(168.986872302239,-79.6722948113234,4.53947428114519));
#11612=CARTESIAN_POINT('Ctrl Pts',(165.722883807366,-78.6913778805213,4.59088195914966));
#11613=CARTESIAN_POINT('Ctrl Pts',(166.167860782755,-78.9767310797317,4.57592723166774));
#11614=CARTESIAN_POINT('Ctrl Pts',(167.157021448249,-79.6110563955205,4.54268365052423));
#11615=CARTESIAN_POINT('Ctrl Pts',(168.337458498725,-79.650561306409,4.54061328587379));
#11616=CARTESIAN_POINT('Ctrl Pts',(168.986872302239,-79.6722948113234,4.53947428114519));
#11617=CARTESIAN_POINT('',(165.722883807366,-78.6521259133391,3.84190980808373));
#11618=CARTESIAN_POINT('',(165.722883807366,-78.7960497930072,6.58814102865881));
#11619=CARTESIAN_POINT('',(168.986872302239,-79.6330428441411,3.79050213007926));
#11620=CARTESIAN_POINT('Ctrl Pts',(165.722883807366,-78.6521259133391,3.84190980808373));
#11621=CARTESIAN_POINT('Ctrl Pts',(166.167860782755,-78.9374791125495,3.82695508060181));
#11622=CARTESIAN_POINT('Ctrl Pts',(167.157021448249,-79.5718044283383,3.7937114994583));
#11623=CARTESIAN_POINT('Ctrl Pts',(168.337458498725,-79.6113093392268,3.79164113480786));
#11624=CARTESIAN_POINT('Ctrl Pts',(168.986872302239,-79.6330428441411,3.79050213007926));
#11625=CARTESIAN_POINT('',(168.986872302239,-79.7769667238092,6.53673335065434));
#11626=CARTESIAN_POINT('Ctrl Pts',(168.986872302239,-79.7769667238092,6.53673335065434));
#11627=CARTESIAN_POINT('Ctrl Pts',(168.986872302239,-79.6042580682075,3.24125588596425));
#11628=CARTESIAN_POINT('Ctrl Pts',(169.667965392075,-79.7430203187167,6.53851240635988));
#11629=CARTESIAN_POINT('Ctrl Pts',(169.667965392075,-79.570311663115,3.24303494166979));
#11630=CARTESIAN_POINT('Ctrl Pts',(170.990997163921,-79.6770790059246,6.54196824412633));
#11631=CARTESIAN_POINT('Ctrl Pts',(170.990997163921,-79.5043703503229,3.24649077943623));
#11632=CARTESIAN_POINT('Ctrl Pts',(172.190621648548,-79.1182735127304,6.5712539990758));
#11633=CARTESIAN_POINT('Ctrl Pts',(172.190621648548,-78.9455648571287,3.2757765343857));
#11634=CARTESIAN_POINT('Ctrl Pts',(172.77268277282,-78.8471395389025,6.58546352853231));
#11635=CARTESIAN_POINT('Ctrl Pts',(172.77268277282,-78.6744308833008,3.28998606384221));
#11636=CARTESIAN_POINT('',(172.77268277282,-78.7424676264166,4.58820445902316));
#11637=CARTESIAN_POINT('Ctrl Pts',(168.986872302239,-79.6722948113234,4.53947428114519));
#11638=CARTESIAN_POINT('Ctrl Pts',(169.667965392075,-79.6383484062308,4.54125333685074));
#11639=CARTESIAN_POINT('Ctrl Pts',(170.990997163921,-79.5724070934387,4.54470917461718));
#11640=CARTESIAN_POINT('Ctrl Pts',(172.190621648548,-79.0136016002445,4.57399492956665));
#11641=CARTESIAN_POINT('Ctrl Pts',(172.77268277282,-78.7424676264166,4.58820445902316));
#11642=CARTESIAN_POINT('',(172.77268277282,-78.7032156592344,3.83923230795723));
#11643=CARTESIAN_POINT('Ctrl Pts',(168.986872302239,-79.6330428441411,3.79050213007926));
#11644=CARTESIAN_POINT('Ctrl Pts',(169.667965392075,-79.5990964390486,3.7922811857848));
#11645=CARTESIAN_POINT('Ctrl Pts',(170.990997163921,-79.5331551262565,3.79573702355125));
#11646=CARTESIAN_POINT('Ctrl Pts',(172.190621648548,-78.9743496330623,3.82502277850072));
#11647=CARTESIAN_POINT('Ctrl Pts',(172.77268277282,-78.7032156592344,3.83923230795723));
#11648=CARTESIAN_POINT('',(172.77268277282,-78.8471395389025,6.58546352853231));
#11649=CARTESIAN_POINT('Ctrl Pts',(172.77268277282,-78.8471395389025,6.58546352853231));
#11650=CARTESIAN_POINT('Ctrl Pts',(172.77268277282,-78.6744308833008,3.28998606384221));
#11651=CARTESIAN_POINT('Ctrl Pts',(173.286442096765,-78.5129775867321,6.60297621436644));
#11652=CARTESIAN_POINT('Ctrl Pts',(173.286442096765,-78.3402689311304,3.30749874967635));
#11653=CARTESIAN_POINT('Ctrl Pts',(174.298213483806,-77.8548960958733,6.63746480388962));
#11654=CARTESIAN_POINT('Ctrl Pts',(174.298213483806,-77.6821874402716,3.34198733919953));
#11655=CARTESIAN_POINT('Ctrl Pts',(174.907820883377,-76.8148232293627,6.69197271311599));
#11656=CARTESIAN_POINT('Ctrl Pts',(174.907820883377,-76.642114573761,3.39649524842589));
#11657=CARTESIAN_POINT('Ctrl Pts',(175.207880603021,-76.3028806693574,6.71880248580634));
#11658=CARTESIAN_POINT('Ctrl Pts',(175.207880603021,-76.1301720137557,3.42332502111625));
#11659=CARTESIAN_POINT('',(175.207880603021,-76.1982087568715,4.72154341629719));
#11660=CARTESIAN_POINT('Ctrl Pts',(172.77268277282,-78.7424676264166,4.58820445902316));
#11661=CARTESIAN_POINT('Ctrl Pts',(173.286442096765,-78.4083056742462,4.60571714485729));
#11662=CARTESIAN_POINT('Ctrl Pts',(174.298213483806,-77.7502241833874,4.64020573438047));
#11663=CARTESIAN_POINT('Ctrl Pts',(174.907820883377,-76.7101513168768,4.69471364360684));
#11664=CARTESIAN_POINT('Ctrl Pts',(175.207880603021,-76.1982087568715,4.72154341629719));
#11665=CARTESIAN_POINT('',(175.207880603021,-76.1589567896893,3.97257126523126));
#11666=CARTESIAN_POINT('Ctrl Pts',(172.77268277282,-78.7032156592344,3.83923230795723));
#11667=CARTESIAN_POINT('Ctrl Pts',(173.286442096765,-78.369053707064,3.85674499379136));
#11668=CARTESIAN_POINT('Ctrl Pts',(174.298213483806,-77.7109722162052,3.89123358331454));
#11669=CARTESIAN_POINT('Ctrl Pts',(174.907820883377,-76.6708993496946,3.94574149254091));
#11670=CARTESIAN_POINT('Ctrl Pts',(175.207880603021,-76.1589567896893,3.97257126523126));
#11671=CARTESIAN_POINT('',(175.207880603021,-76.3028806693574,6.71880248580634));
#11672=CARTESIAN_POINT('Ctrl Pts',(175.207880603021,-76.3028806693574,6.71880248580634));
#11673=CARTESIAN_POINT('Ctrl Pts',(175.207880603021,-76.1301720137557,3.42332502111625));
#11674=CARTESIAN_POINT('Ctrl Pts',(175.380088301889,-75.7927863999463,6.74553539369118));
#11675=CARTESIAN_POINT('Ctrl Pts',(175.380088301889,-75.6200777443446,3.45005792900109));
#11676=CARTESIAN_POINT('Ctrl Pts',(175.781885489287,-74.6026279801742,6.80790895346645));
#11677=CARTESIAN_POINT('Ctrl Pts',(175.781885489287,-74.4299193245725,3.51243148877636));
#11678=CARTESIAN_POINT('Ctrl Pts',(175.794261388494,-73.3437605504303,6.87388339987108));
#11679=CARTESIAN_POINT('Ctrl Pts',(175.794261388494,-73.1710518948286,3.57840593518099));
#11680=CARTESIAN_POINT('Ctrl Pts',(175.801333056634,-72.6244356313243,6.91158162146438));
#11681=CARTESIAN_POINT('Ctrl Pts',(175.801333056634,-72.4517269757226,3.61610415677428));
#11682=CARTESIAN_POINT('',(175.801333056634,-72.5197637188384,4.91432255195523));
#11683=CARTESIAN_POINT('Ctrl Pts',(175.207880603021,-76.1982087568715,4.72154341629719));
#11684=CARTESIAN_POINT('Ctrl Pts',(175.380088301889,-75.6881144874604,4.74827632418204));
#11685=CARTESIAN_POINT('Ctrl Pts',(175.781885489287,-74.4979560676883,4.81064988395731));
#11686=CARTESIAN_POINT('Ctrl Pts',(175.794261388494,-73.2390886379444,4.87662433036193));
#11687=CARTESIAN_POINT('Ctrl Pts',(175.801333056634,-72.5197637188384,4.91432255195523));
#11688=CARTESIAN_POINT('',(175.801333056634,-72.4805117516562,4.1653504008893));
#11689=CARTESIAN_POINT('Ctrl Pts',(175.207880603021,-76.1589567896893,3.97257126523126));
#11690=CARTESIAN_POINT('Ctrl Pts',(175.380088301889,-75.6488625202782,3.99930417311611));
#11691=CARTESIAN_POINT('Ctrl Pts',(175.781885489287,-74.4587041005061,4.06167773289138));
#11692=CARTESIAN_POINT('Ctrl Pts',(175.794261388494,-73.1998366707622,4.127652179296));
#11693=CARTESIAN_POINT('Ctrl Pts',(175.801333056634,-72.4805117516562,4.1653504008893));
#11694=CARTESIAN_POINT('',(175.801333056634,-72.6244356313243,6.91158162146438));
#11695=CARTESIAN_POINT('Origin',(175.801333056634,-72.6244356313243,6.91158162146438));
#11696=CARTESIAN_POINT('',(175.801333056634,-71.1710020461412,4.98500815600337));
#11697=CARTESIAN_POINT('',(175.801333056634,-72.5952094458119,4.91036860894816));
#11698=CARTESIAN_POINT('',(175.801333056634,-71.131750078959,4.23603600493744));
#11699=CARTESIAN_POINT('',(175.801333056634,-72.4805117516562,4.1653504008893));
#11700=CARTESIAN_POINT('',(175.801333056634,-71.2756739586271,6.98226722551252));
#11701=CARTESIAN_POINT('Ctrl Pts',(170.583051310723,-63.0196086404567,7.41494927445357));
#11702=CARTESIAN_POINT('Ctrl Pts',(170.583051310723,-62.846899984855,4.11947180976347));
#11703=CARTESIAN_POINT('Ctrl Pts',(169.813532139924,-63.031570943569,7.41432235671234));
#11704=CARTESIAN_POINT('Ctrl Pts',(169.813532139924,-62.8588622879673,4.11884489202225));
#11705=CARTESIAN_POINT('Ctrl Pts',(168.461074780708,-63.0525951174835,7.41322052644622));
#11706=CARTESIAN_POINT('Ctrl Pts',(168.461074780708,-62.8798864618818,4.11774306175612));
#11707=CARTESIAN_POINT('Ctrl Pts',(167.262634499253,-63.6650292991177,7.38112421102974));
#11708=CARTESIAN_POINT('Ctrl Pts',(167.262634499253,-63.492320643516,4.08564674633965));
#11709=CARTESIAN_POINT('Ctrl Pts',(166.746080981438,-63.9290015936481,7.36729000928116));
#11710=CARTESIAN_POINT('Ctrl Pts',(166.746080981438,-63.7562929380464,4.07181254459106));
#11711=CARTESIAN_POINT('',(170.583051310723,-62.9149367279708,5.41769020494442));
#11712=CARTESIAN_POINT('',(166.746080981438,-63.8243296811622,5.37003093977201));
#11713=CARTESIAN_POINT('Ctrl Pts',(170.583051310723,-62.9149367279708,5.41769020494442));
#11714=CARTESIAN_POINT('Ctrl Pts',(169.813532139924,-62.9268990310831,5.41706328720319));
#11715=CARTESIAN_POINT('Ctrl Pts',(168.461074780708,-62.9479232049976,5.41596145693707));
#11716=CARTESIAN_POINT('Ctrl Pts',(167.262634499253,-63.5603573866318,5.3838651415206));
#11717=CARTESIAN_POINT('Ctrl Pts',(166.746080981438,-63.8243296811622,5.37003093977201));
#11718=CARTESIAN_POINT('',(170.583051310723,-62.8756847607886,4.66871805387849));
#11719=CARTESIAN_POINT('',(170.583051310723,-63.0196086404567,7.41494927445357));
#11720=CARTESIAN_POINT('',(166.746080981438,-63.78507771398,4.62105878870608));
#11721=CARTESIAN_POINT('Ctrl Pts',(170.583051310723,-62.8756847607886,4.66871805387849));
#11722=CARTESIAN_POINT('Ctrl Pts',(169.813532139924,-62.8876470639009,4.66809113613726));
#11723=CARTESIAN_POINT('Ctrl Pts',(168.461074780708,-62.9086712378154,4.66698930587114));
#11724=CARTESIAN_POINT('Ctrl Pts',(167.262634499253,-63.5211054194496,4.63489299045467));
#11725=CARTESIAN_POINT('Ctrl Pts',(166.746080981438,-63.78507771398,4.62105878870608));
#11726=CARTESIAN_POINT('',(166.746080981438,-63.9290015936481,7.36729000928116));
#11727=CARTESIAN_POINT('Ctrl Pts',(166.746080981438,-63.9290015936481,7.36729000928116));
#11728=CARTESIAN_POINT('Ctrl Pts',(166.746080981438,-63.7562929380464,4.07181254459106));
#11729=CARTESIAN_POINT('Ctrl Pts',(166.351712265023,-64.3277427039112,7.34639287318341));
#11730=CARTESIAN_POINT('Ctrl Pts',(166.351712265023,-64.1550340483095,4.05091540849332));
#11731=CARTESIAN_POINT('Ctrl Pts',(165.457447190917,-65.2319225581333,7.29900681495117));
#11732=CARTESIAN_POINT('Ctrl Pts',(165.457447190917,-65.0592139025316,4.00352935026107));
#11733=CARTESIAN_POINT('Ctrl Pts',(165.109222316227,-66.4607324065442,7.23460761963482));
#11734=CARTESIAN_POINT('Ctrl Pts',(165.109222316227,-66.2880237509425,3.93913015494473));
#11735=CARTESIAN_POINT('Ctrl Pts',(164.914563761895,-67.1476401090827,7.19860831237237));
#11736=CARTESIAN_POINT('Ctrl Pts',(164.914563761895,-66.974931453481,3.90313084768227));
#11737=CARTESIAN_POINT('',(164.914563761895,-67.0429681965968,5.20134924286322));
#11738=CARTESIAN_POINT('Ctrl Pts',(166.746080981438,-63.8243296811622,5.37003093977201));
#11739=CARTESIAN_POINT('Ctrl Pts',(166.351712265023,-64.2230707914253,5.34913380367426));
#11740=CARTESIAN_POINT('Ctrl Pts',(165.457447190917,-65.1272506456474,5.30174774544202));
#11741=CARTESIAN_POINT('Ctrl Pts',(165.109222316227,-66.3560604940583,5.23734855012568));
#11742=CARTESIAN_POINT('Ctrl Pts',(164.914563761895,-67.0429681965968,5.20134924286322));
#11743=CARTESIAN_POINT('',(164.914563761895,-67.0037162294146,4.45237709179729));
#11744=CARTESIAN_POINT('Ctrl Pts',(166.746080981438,-63.78507771398,4.62105878870608));
#11745=CARTESIAN_POINT('Ctrl Pts',(166.351712265023,-64.1838188242431,4.60016165260833));
#11746=CARTESIAN_POINT('Ctrl Pts',(165.457447190917,-65.0879986784652,4.55277559437609));
#11747=CARTESIAN_POINT('Ctrl Pts',(165.109222316227,-66.3168085268761,4.48837639905974));
#11748=CARTESIAN_POINT('Ctrl Pts',(164.914563761895,-67.0037162294146,4.45237709179729));
#11749=CARTESIAN_POINT('',(164.914563761895,-67.1476401090827,7.19860831237237));
#11750=CARTESIAN_POINT('Origin',(164.914563761895,-67.1476401090827,7.19860831237237));
#11751=CARTESIAN_POINT('',(161.312926875298,-66.5525085407366,5.22705314425478));
#11752=CARTESIAN_POINT('',(195.776774548561,-71.2456876150488,4.98109405119243));
#11753=CARTESIAN_POINT('',(161.312926875298,-66.5132565735544,4.47808099318885));
#11754=CARTESIAN_POINT('',(164.914563761895,-67.0037162294146,4.45237709179729));
#11755=CARTESIAN_POINT('',(161.312926875298,-66.6571804532225,7.22431221376393));
#11756=CARTESIAN_POINT('Ctrl Pts',(161.312926875298,-66.6571804532225,7.22431221376393));
#11757=CARTESIAN_POINT('Ctrl Pts',(161.312926875298,-66.4844717976208,3.92883474907383));
#11758=CARTESIAN_POINT('Ctrl Pts',(161.488598460693,-65.9434450609322,7.26171750066957));
#11759=CARTESIAN_POINT('Ctrl Pts',(161.488598460693,-65.7707364053305,3.96624003597947));
#11760=CARTESIAN_POINT('Ctrl Pts',(161.817418465268,-64.6074835596353,7.33173227616018));
#11761=CARTESIAN_POINT('Ctrl Pts',(161.817418465268,-64.4347749040336,4.03625481147008));
#11762=CARTESIAN_POINT('Ctrl Pts',(162.576178220241,-63.4614260739827,7.39179460391393));
#11763=CARTESIAN_POINT('Ctrl Pts',(162.576178220241,-63.288717418381,4.09631713922384));
#11764=CARTESIAN_POINT('Ctrl Pts',(162.929571734612,-62.9276480502124,7.41976872476982));
#11765=CARTESIAN_POINT('Ctrl Pts',(162.929571734612,-62.7549393946107,4.12429126007973));
#11766=CARTESIAN_POINT('',(162.929571734612,-62.8229761377266,5.42250965526068));
#11767=CARTESIAN_POINT('Ctrl Pts',(161.312926875298,-66.5525085407366,5.22705314425478));
#11768=CARTESIAN_POINT('Ctrl Pts',(161.488598460693,-65.8387731484464,5.26445843116042));
#11769=CARTESIAN_POINT('Ctrl Pts',(161.817418465268,-64.5028116471494,5.33447320665103));
#11770=CARTESIAN_POINT('Ctrl Pts',(162.576178220241,-63.3567541614969,5.39453553440478));
#11771=CARTESIAN_POINT('Ctrl Pts',(162.929571734612,-62.8229761377266,5.42250965526068));
#11772=CARTESIAN_POINT('',(162.929571734612,-62.7837241705443,4.67353750419475));
#11773=CARTESIAN_POINT('Ctrl Pts',(161.312926875298,-66.5132565735544,4.47808099318885));
#11774=CARTESIAN_POINT('Ctrl Pts',(161.488598460693,-65.7995211812642,4.51548628009449));
#11775=CARTESIAN_POINT('Ctrl Pts',(161.817418465268,-64.4635596799672,4.5855010555851));
#11776=CARTESIAN_POINT('Ctrl Pts',(162.576178220241,-63.3175021943146,4.64556338333885));
#11777=CARTESIAN_POINT('Ctrl Pts',(162.929571734612,-62.7837241705443,4.67353750419475));
#11778=CARTESIAN_POINT('',(162.929571734612,-62.9276480502124,7.41976872476982));
#11779=CARTESIAN_POINT('Ctrl Pts',(162.929571734612,-62.9276480502124,7.41976872476982));
#11780=CARTESIAN_POINT('Ctrl Pts',(162.929571734612,-62.7549393946107,4.12429126007973));
#11781=CARTESIAN_POINT('Ctrl Pts',(163.365187930006,-62.4750160765739,7.44349016134072));
#11782=CARTESIAN_POINT('Ctrl Pts',(163.365187930006,-62.3023074209722,4.14801269665063));
#11783=CARTESIAN_POINT('Ctrl Pts',(164.290349421631,-61.5137164823065,7.49386973830196));
#11784=CARTESIAN_POINT('Ctrl Pts',(164.290349421631,-61.3410078267048,4.19839227361187));
#11785=CARTESIAN_POINT('Ctrl Pts',(165.528277906071,-61.0084022787479,7.52035213355065));
#11786=CARTESIAN_POINT('Ctrl Pts',(165.528277906071,-60.8356936231462,4.22487466886055));
#11787=CARTESIAN_POINT('Ctrl Pts',(166.183322535699,-60.7410174019343,7.53436518115831));
#11788=CARTESIAN_POINT('Ctrl Pts',(166.183322535699,-60.5683087463326,4.23888771646822));
#11789=CARTESIAN_POINT('',(166.183322535699,-60.6363454894484,5.53710611164917));
#11790=CARTESIAN_POINT('Ctrl Pts',(162.929571734612,-62.8229761377266,5.42250965526068));
#11791=CARTESIAN_POINT('Ctrl Pts',(163.365187930006,-62.370344164088,5.44623109183157));
#11792=CARTESIAN_POINT('Ctrl Pts',(164.290349421631,-61.4090445698206,5.49661066879282));
#11793=CARTESIAN_POINT('Ctrl Pts',(165.528277906071,-60.903730366262,5.5230930640415));
#11794=CARTESIAN_POINT('Ctrl Pts',(166.183322535699,-60.6363454894484,5.53710611164917));
#11795=CARTESIAN_POINT('',(166.183322535699,-60.5970935222662,4.78813396058324));
#11796=CARTESIAN_POINT('Ctrl Pts',(162.929571734612,-62.7837241705443,4.67353750419475));
#11797=CARTESIAN_POINT('Ctrl Pts',(163.365187930006,-62.3310921969058,4.69725894076564));
#11798=CARTESIAN_POINT('Ctrl Pts',(164.290349421631,-61.3697926026384,4.74763851772689));
#11799=CARTESIAN_POINT('Ctrl Pts',(165.528277906071,-60.8644783990798,4.77412091297557));
#11800=CARTESIAN_POINT('Ctrl Pts',(166.183322535699,-60.5970935222662,4.78813396058324));
#11801=CARTESIAN_POINT('',(166.183322535699,-60.7410174019343,7.53436518115831));
#11802=CARTESIAN_POINT('Ctrl Pts',(166.183322535699,-60.7410174019343,7.53436518115831));
#11803=CARTESIAN_POINT('Ctrl Pts',(166.183322535699,-60.5683087463326,4.23888771646822));
#11804=CARTESIAN_POINT('Ctrl Pts',(166.943910362793,-60.5176808111172,7.54606975591568));
#11805=CARTESIAN_POINT('Ctrl Pts',(166.943910362793,-60.3449721555155,4.25059229122559));
#11806=CARTESIAN_POINT('Ctrl Pts',(168.552969178404,-60.0452018974388,7.57083132653963));
#11807=CARTESIAN_POINT('Ctrl Pts',(168.552969178404,-59.8724932418371,4.27535386184954));
#11808=CARTESIAN_POINT('Ctrl Pts',(170.230522323896,-59.9990237442678,7.57325142099872));
#11809=CARTESIAN_POINT('Ctrl Pts',(170.230522323896,-59.8263150886661,4.27777395630862));
#11810=CARTESIAN_POINT('Ctrl Pts',(171.115110980218,-59.9746735944232,7.57452755827728));
#11811=CARTESIAN_POINT('Ctrl Pts',(171.115110980218,-59.8019649388215,4.27905009358719));
#11812=CARTESIAN_POINT('',(171.115110980218,-59.8700016819373,5.57726848876813));
#11813=CARTESIAN_POINT('Ctrl Pts',(166.183322535699,-60.6363454894484,5.53710611164917));
#11814=CARTESIAN_POINT('Ctrl Pts',(166.943910362793,-60.4130088986314,5.54881068640654));
#11815=CARTESIAN_POINT('Ctrl Pts',(168.552969178404,-59.9405299849529,5.57357225703049));
#11816=CARTESIAN_POINT('Ctrl Pts',(170.230522323896,-59.8943518317819,5.57599235148957));
#11817=CARTESIAN_POINT('Ctrl Pts',(171.115110980218,-59.8700016819373,5.57726848876813));
#11818=CARTESIAN_POINT('',(171.115110980218,-59.8307497147551,4.8282963377022));
#11819=CARTESIAN_POINT('Ctrl Pts',(166.183322535699,-60.5970935222662,4.78813396058324));
#11820=CARTESIAN_POINT('Ctrl Pts',(166.943910362793,-60.3737569314492,4.79983853534061));
#11821=CARTESIAN_POINT('Ctrl Pts',(168.552969178404,-59.9012780177707,4.82460010596455));
#11822=CARTESIAN_POINT('Ctrl Pts',(170.230522323896,-59.8550998645997,4.82702020042364));
#11823=CARTESIAN_POINT('Ctrl Pts',(171.115110980218,-59.8307497147551,4.8282963377022));
#11824=CARTESIAN_POINT('',(171.115110980218,-59.9746735944232,7.57452755827728));
#11825=CARTESIAN_POINT('Ctrl Pts',(171.115110980218,-59.9746735944232,7.57452755827728));
#11826=CARTESIAN_POINT('Ctrl Pts',(171.115110980218,-59.8019649388215,4.27905009358719));
#11827=CARTESIAN_POINT('Ctrl Pts',(171.962042474493,-59.9889151118159,7.57378119197711));
#11828=CARTESIAN_POINT('Ctrl Pts',(171.962042474493,-59.8162064562142,4.27830372728702));
#11829=CARTESIAN_POINT('Ctrl Pts',(173.499173055653,-60.0147626237509,7.57242658127661));
#11830=CARTESIAN_POINT('Ctrl Pts',(173.499173055653,-59.8420539681491,4.27694911658651));
#11831=CARTESIAN_POINT('Ctrl Pts',(174.974964041952,-60.4383987989992,7.55022475010788));
#11832=CARTESIAN_POINT('Ctrl Pts',(174.974964041952,-60.2656901433975,4.25474728541779));
#11833=CARTESIAN_POINT('Ctrl Pts',(175.637620555108,-60.6286190085974,7.54025573134808));
#11834=CARTESIAN_POINT('Ctrl Pts',(175.637620555108,-60.4559103529957,4.24477826665799));
#11835=CARTESIAN_POINT('',(175.637620555108,-60.5239470961115,5.54299666183894));
#11836=CARTESIAN_POINT('Ctrl Pts',(171.115110980218,-59.8700016819373,5.57726848876813));
#11837=CARTESIAN_POINT('Ctrl Pts',(171.962042474493,-59.88424319933,5.57652212246796));
#11838=CARTESIAN_POINT('Ctrl Pts',(173.499173055653,-59.910090711265,5.57516751176746));
#11839=CARTESIAN_POINT('Ctrl Pts',(174.974964041952,-60.3337268865133,5.55296568059873));
#11840=CARTESIAN_POINT('Ctrl Pts',(175.637620555108,-60.5239470961115,5.54299666183894));
#11841=CARTESIAN_POINT('',(175.637620555108,-60.4846951289293,4.79402451077301));
#11842=CARTESIAN_POINT('Ctrl Pts',(171.115110980218,-59.8307497147551,4.8282963377022));
#11843=CARTESIAN_POINT('Ctrl Pts',(171.962042474493,-59.8449912321478,4.82754997140203));
#11844=CARTESIAN_POINT('Ctrl Pts',(173.499173055653,-59.8708387440828,4.82619536070153));
#11845=CARTESIAN_POINT('Ctrl Pts',(174.974964041952,-60.2944749193311,4.8039935295328));
#11846=CARTESIAN_POINT('Ctrl Pts',(175.637620555108,-60.4846951289293,4.79402451077301));
#11847=CARTESIAN_POINT('',(175.637620555108,-60.6286190085974,7.54025573134808));
#11848=CARTESIAN_POINT('Ctrl Pts',(175.637620555108,-60.6286190085974,7.54025573134808));
#11849=CARTESIAN_POINT('Ctrl Pts',(175.637620555108,-60.4559103529957,4.24477826665799));
#11850=CARTESIAN_POINT('Ctrl Pts',(176.162484393354,-60.8418061253517,7.52908306798724));
#11851=CARTESIAN_POINT('Ctrl Pts',(176.162484393354,-60.66909746975,4.23360560329714));
#11852=CARTESIAN_POINT('Ctrl Pts',(177.120622708356,-61.2309789544611,7.50868738425631));
#11853=CARTESIAN_POINT('Ctrl Pts',(177.120622708356,-61.0582702988594,4.21320991956622));
#11854=CARTESIAN_POINT('Ctrl Pts',(177.860860369146,-61.9490070746543,7.47105712501422));
#11855=CARTESIAN_POINT('Ctrl Pts',(177.860860369146,-61.7762984190525,4.17557966032412));
#11856=CARTESIAN_POINT('Ctrl Pts',(178.195599185174,-62.2737026360384,7.45404055169901));
#11857=CARTESIAN_POINT('Ctrl Pts',(178.195599185174,-62.1009939804366,4.15856308700892));
#11858=CARTESIAN_POINT('',(178.195599185174,-62.1690307235525,5.45678148218987));
#11859=CARTESIAN_POINT('Ctrl Pts',(175.637620555108,-60.5239470961115,5.54299666183894));
#11860=CARTESIAN_POINT('Ctrl Pts',(176.162484393354,-60.7371342128658,5.53182399847809));
#11861=CARTESIAN_POINT('Ctrl Pts',(177.120622708356,-61.1263070419752,5.51142831474717));
#11862=CARTESIAN_POINT('Ctrl Pts',(177.860860369146,-61.8443351621684,5.47379805550507));
#11863=CARTESIAN_POINT('Ctrl Pts',(178.195599185174,-62.1690307235525,5.45678148218987));
#11864=CARTESIAN_POINT('',(178.195599185174,-62.1297787563703,4.70780933112394));
#11865=CARTESIAN_POINT('Ctrl Pts',(175.637620555108,-60.4846951289293,4.79402451077301));
#11866=CARTESIAN_POINT('Ctrl Pts',(176.162484393354,-60.6978822456836,4.78285184741216));
#11867=CARTESIAN_POINT('Ctrl Pts',(177.120622708356,-61.087055074793,4.76245616368124));
#11868=CARTESIAN_POINT('Ctrl Pts',(177.860860369146,-61.8050831949862,4.72482590443914));
#11869=CARTESIAN_POINT('Ctrl Pts',(178.195599185174,-62.1297787563703,4.70780933112394));
#11870=CARTESIAN_POINT('',(178.195599185174,-62.2737026360384,7.45404055169901));
#11871=CARTESIAN_POINT('Ctrl Pts',(178.195599185174,-62.2737026360384,7.45404055169901));
#11872=CARTESIAN_POINT('Ctrl Pts',(178.195599185174,-62.1009939804366,4.15856308700892));
#11873=CARTESIAN_POINT('Ctrl Pts',(178.450290864223,-62.6369526027475,7.43500342761915));
#11874=CARTESIAN_POINT('Ctrl Pts',(178.450290864223,-62.4642439471458,4.13952596292906));
#11875=CARTESIAN_POINT('Ctrl Pts',(178.98555305905,-63.4003618164986,7.39499484604224));
#11876=CARTESIAN_POINT('Ctrl Pts',(178.98555305905,-63.2276531608969,4.09951738135215));
#11877=CARTESIAN_POINT('Ctrl Pts',(179.21913800696,-64.3036225207093,7.34765695842092));
#11878=CARTESIAN_POINT('Ctrl Pts',(179.21913800696,-64.1309138651076,4.05217949373083));
#11879=CARTESIAN_POINT('Ctrl Pts',(179.341577159112,-64.7770882803163,7.32284366939336));
#11880=CARTESIAN_POINT('Ctrl Pts',(179.341577159112,-64.6043796247146,4.02736620470327));
#11881=CARTESIAN_POINT('',(179.341577159112,-64.6724163678304,5.32558459988421));
#11882=CARTESIAN_POINT('Ctrl Pts',(178.195599185174,-62.1690307235525,5.45678148218987));
#11883=CARTESIAN_POINT('Ctrl Pts',(178.450290864223,-62.5322806902616,5.43774435811));
#11884=CARTESIAN_POINT('Ctrl Pts',(178.98555305905,-63.2956899040127,5.39773577653309));
#11885=CARTESIAN_POINT('Ctrl Pts',(179.21913800696,-64.1989506082234,5.35039788891177));
#11886=CARTESIAN_POINT('Ctrl Pts',(179.341577159112,-64.6724163678304,5.32558459988421));
#11887=CARTESIAN_POINT('',(179.341577159112,-64.6331644006482,4.57661244881829));
#11888=CARTESIAN_POINT('Ctrl Pts',(178.195599185174,-62.1297787563703,4.70780933112394));
#11889=CARTESIAN_POINT('Ctrl Pts',(178.450290864223,-62.4930287230794,4.68877220704407));
#11890=CARTESIAN_POINT('Ctrl Pts',(178.98555305905,-63.2564379368305,4.64876362546716));
#11891=CARTESIAN_POINT('Ctrl Pts',(179.21913800696,-64.1596986410412,4.60142573784584));
#11892=CARTESIAN_POINT('Ctrl Pts',(179.341577159112,-64.6331644006482,4.57661244881829));
#11893=CARTESIAN_POINT('',(179.341577159112,-64.7770882803163,7.32284366939336));
#11894=CARTESIAN_POINT('Ctrl Pts',(179.341577159112,-64.7770882803163,7.32284366939336));
#11895=CARTESIAN_POINT('Ctrl Pts',(179.341577159112,-64.6043796247146,4.02736620470327));
#11896=CARTESIAN_POINT('Ctrl Pts',(179.394683465283,-65.2160117086527,7.29984066723895));
#11897=CARTESIAN_POINT('Ctrl Pts',(179.394683465283,-65.043303053051,4.00436320254886));
#11898=CARTESIAN_POINT('Ctrl Pts',(179.530926585991,-66.3420606082854,7.24082694504509));
#11899=CARTESIAN_POINT('Ctrl Pts',(179.530926585991,-66.1693519526837,3.945349480355));
#11900=CARTESIAN_POINT('Ctrl Pts',(179.52771219454,-67.4769253098434,7.18135120624973));
#11901=CARTESIAN_POINT('Ctrl Pts',(179.52771219454,-67.3042166542416,3.88587374155963));
#11902=CARTESIAN_POINT('Ctrl Pts',(179.525750743096,-68.169430265152,7.1450585593995));
#11903=CARTESIAN_POINT('Ctrl Pts',(179.525750743096,-67.9967216095503,3.84958109470941));
#11904=CARTESIAN_POINT('',(179.525750743096,-68.0647583526661,5.14779948989035));
#11905=CARTESIAN_POINT('Ctrl Pts',(179.341577159112,-64.6724163678304,5.32558459988421));
#11906=CARTESIAN_POINT('Ctrl Pts',(179.394683465283,-65.1113397961668,5.3025815977298));
#11907=CARTESIAN_POINT('Ctrl Pts',(179.530926585991,-66.2373886957995,5.24356787553594));
#11908=CARTESIAN_POINT('Ctrl Pts',(179.52771219454,-67.3722533973575,5.18409213674058));
#11909=CARTESIAN_POINT('Ctrl Pts',(179.525750743096,-68.0647583526661,5.14779948989035));
#11910=CARTESIAN_POINT('',(179.525750743096,-68.0255063854839,4.39882733882442));
#11911=CARTESIAN_POINT('Ctrl Pts',(179.341577159112,-64.6331644006482,4.57661244881829));
#11912=CARTESIAN_POINT('Ctrl Pts',(179.394683465283,-65.0720878289846,4.55360944666387));
#11913=CARTESIAN_POINT('Ctrl Pts',(179.530926585991,-66.1981367286173,4.49459572447001));
#11914=CARTESIAN_POINT('Ctrl Pts',(179.52771219454,-67.3330014301753,4.43511998567465));
#11915=CARTESIAN_POINT('Ctrl Pts',(179.525750743096,-68.0255063854839,4.39882733882442));
#11916=CARTESIAN_POINT('',(179.525750743096,-68.169430265152,7.1450585593995));
#11917=CARTESIAN_POINT('Origin',(179.525750743096,-68.169430265152,7.1450585593995));
#11918=CARTESIAN_POINT('',(179.525750743096,-72.9693525303496,4.89076060075342));
#11919=CARTESIAN_POINT('',(179.525750743096,-73.494384687916,4.86324483132319));
#11920=CARTESIAN_POINT('',(179.525750743096,-72.9301005631674,4.14178844968749));
#11921=CARTESIAN_POINT('',(179.525750743096,-68.0255063854839,4.39882733882442));
#11922=CARTESIAN_POINT('',(179.525750743096,-73.0740244428355,6.88801967026257));
#11923=CARTESIAN_POINT('Ctrl Pts',(179.525750743096,-73.0740244428355,6.88801967026257));
#11924=CARTESIAN_POINT('Ctrl Pts',(179.525750743096,-72.9013157872338,3.59254220557248));
#11925=CARTESIAN_POINT('Ctrl Pts',(179.517284254359,-74.470888691789,6.81481311701505));
#11926=CARTESIAN_POINT('Ctrl Pts',(179.517284254359,-74.2981800361873,3.51933565232495));
#11927=CARTESIAN_POINT('Ctrl Pts',(179.504150354921,-76.6378170539807,6.70124921368715));
#11928=CARTESIAN_POINT('Ctrl Pts',(179.504150354921,-76.465108398379,3.40577174899705));
#11929=CARTESIAN_POINT('Ctrl Pts',(179.693717475015,-78.7955831224436,6.58816548582671));
#11930=CARTESIAN_POINT('Ctrl Pts',(179.693717475015,-78.6228744668419,3.29268802113661));
#11931=CARTESIAN_POINT('Ctrl Pts',(179.761084185784,-79.5623912196,6.54797877631849));
#11932=CARTESIAN_POINT('Ctrl Pts',(179.761084185784,-79.3896825639983,3.25250131162839));
#11933=CARTESIAN_POINT('',(179.761084185784,-79.4577193071141,4.55071970680934));
#11934=CARTESIAN_POINT('Ctrl Pts',(179.525750743096,-72.9693525303496,4.89076060075342));
#11935=CARTESIAN_POINT('Ctrl Pts',(179.517284254359,-74.3662167793032,4.8175540475059));
#11936=CARTESIAN_POINT('Ctrl Pts',(179.504150354921,-76.5331451414948,4.70399014417799));
#11937=CARTESIAN_POINT('Ctrl Pts',(179.693717475015,-78.6909112099577,4.59090641631756));
#11938=CARTESIAN_POINT('Ctrl Pts',(179.761084185784,-79.4577193071141,4.55071970680934));
#11939=CARTESIAN_POINT('',(179.761084185784,-79.4184673399319,3.80174755574341));
#11940=CARTESIAN_POINT('Ctrl Pts',(179.525750743096,-72.9301005631674,4.14178844968749));
#11941=CARTESIAN_POINT('Ctrl Pts',(179.517284254359,-74.3269648121209,4.06858189643997));
#11942=CARTESIAN_POINT('Ctrl Pts',(179.504150354921,-76.4938931743126,3.95501799311207));
#11943=CARTESIAN_POINT('Ctrl Pts',(179.693717475015,-78.6516592427755,3.84193426525163));
#11944=CARTESIAN_POINT('Ctrl Pts',(179.761084185784,-79.4184673399319,3.80174755574341));
#11945=CARTESIAN_POINT('',(179.761084185784,-79.5623912196,6.54797877631849));
#11946=CARTESIAN_POINT('Ctrl Pts',(179.761084185784,-79.5623912196,6.54797877631849));
#11947=CARTESIAN_POINT('Ctrl Pts',(179.761084185784,-79.3896825639983,3.25250131162839));
#11948=CARTESIAN_POINT('Ctrl Pts',(179.859713225411,-80.0124850261495,6.52439035944818));
#11949=CARTESIAN_POINT('Ctrl Pts',(179.859713225411,-79.8397763705478,3.22891289475808));
#11950=CARTESIAN_POINT('Ctrl Pts',(180.058709418016,-80.9206045227783,6.47679783330623));
#11951=CARTESIAN_POINT('Ctrl Pts',(180.058709418016,-80.7478958671766,3.18132036861614));
#11952=CARTESIAN_POINT('Ctrl Pts',(180.479806839432,-81.7497583562247,6.43334372221128));
#11953=CARTESIAN_POINT('Ctrl Pts',(180.479806839432,-81.577049700623,3.13786625752119));
#11954=CARTESIAN_POINT('Ctrl Pts',(180.692194567864,-82.1679563556686,6.41142689375982));
#11955=CARTESIAN_POINT('Ctrl Pts',(180.692194567864,-81.9952477000669,3.11594942906972));
#11956=CARTESIAN_POINT('',(180.692194567864,-82.0632844431827,4.41416782425067));
#11957=CARTESIAN_POINT('Ctrl Pts',(179.761084185784,-79.4577193071141,4.55071970680934));
#11958=CARTESIAN_POINT('Ctrl Pts',(179.859713225411,-79.9078131136636,4.52713128993903));
#11959=CARTESIAN_POINT('Ctrl Pts',(180.058709418016,-80.8159326102924,4.47953876379708));
#11960=CARTESIAN_POINT('Ctrl Pts',(180.479806839432,-81.6450864437388,4.43608465270213));
#11961=CARTESIAN_POINT('Ctrl Pts',(180.692194567864,-82.0632844431827,4.41416782425067));
#11962=CARTESIAN_POINT('',(180.692194567864,-82.0240324760005,3.66519567318474));
#11963=CARTESIAN_POINT('Ctrl Pts',(179.761084185784,-79.4184673399319,3.80174755574341));
#11964=CARTESIAN_POINT('Ctrl Pts',(179.859713225411,-79.8685611464814,3.7781591388731));
#11965=CARTESIAN_POINT('Ctrl Pts',(180.058709418016,-80.7766806431102,3.73056661273115));
#11966=CARTESIAN_POINT('Ctrl Pts',(180.479806839432,-81.6058344765566,3.6871125016362));
#11967=CARTESIAN_POINT('Ctrl Pts',(180.692194567864,-82.0240324760005,3.66519567318474));
#11968=CARTESIAN_POINT('',(180.692194567864,-82.1679563556686,6.41142689375982));
#11969=CARTESIAN_POINT('Ctrl Pts',(164.607604609673,-76.3437515137062,6.7166605356166));
#11970=CARTESIAN_POINT('Ctrl Pts',(164.607604609673,-76.1710428581045,3.42118307092651));
#11971=CARTESIAN_POINT('Ctrl Pts',(164.654532526548,-76.8141780498397,6.69200652554203));
#11972=CARTESIAN_POINT('Ctrl Pts',(164.654532526548,-76.6414693942379,3.39652906085194));
#11973=CARTESIAN_POINT('Ctrl Pts',(164.748620721846,-77.7573604187312,6.64257643212951));
#11974=CARTESIAN_POINT('Ctrl Pts',(164.748620721846,-77.5846517631295,3.34709896743942));
#11975=CARTESIAN_POINT('Ctrl Pts',(165.397595206646,-78.449250434433,6.60631601289847));
#11976=CARTESIAN_POINT('Ctrl Pts',(165.397595206646,-78.2765417788312,3.31083854820838));
#11977=CARTESIAN_POINT('Ctrl Pts',(165.722883807366,-78.7960497930072,6.58814102865881));
#11978=CARTESIAN_POINT('Ctrl Pts',(165.722883807366,-78.6233411374055,3.29266356396872));
#11979=CARTESIAN_POINT('',(164.607604609673,-76.2390796012204,4.71940146610745));
#11980=CARTESIAN_POINT('Ctrl Pts',(164.607604609673,-76.2390796012204,4.71940146610745));
#11981=CARTESIAN_POINT('Ctrl Pts',(164.654532526548,-76.7095061373538,4.69474745603289));
#11982=CARTESIAN_POINT('Ctrl Pts',(164.748620721846,-77.6526885062453,4.64531736262036));
#11983=CARTESIAN_POINT('Ctrl Pts',(165.397595206646,-78.3445785219471,4.60905694338933));
#11984=CARTESIAN_POINT('Ctrl Pts',(165.722883807366,-78.6913778805213,4.59088195914966));
#11985=CARTESIAN_POINT('',(164.607604609673,-76.1998276340381,3.97042931504152));
#11986=CARTESIAN_POINT('',(164.607604609673,-76.3437515137062,6.7166605356166));
#11987=CARTESIAN_POINT('Ctrl Pts',(164.607604609673,-76.1998276340381,3.97042931504152));
#11988=CARTESIAN_POINT('Ctrl Pts',(164.654532526548,-76.6702541701716,3.94577530496696));
#11989=CARTESIAN_POINT('Ctrl Pts',(164.748620721846,-77.6134365390631,3.89634521155443));
#11990=CARTESIAN_POINT('Ctrl Pts',(165.397595206646,-78.3053265547649,3.86008479232339));
#11991=CARTESIAN_POINT('Ctrl Pts',(165.722883807366,-78.6521259133391,3.84190980808373));
#11992=CARTESIAN_POINT('Ctrl Pts',(165.119203196709,-74.5964907753931,6.80823059074004));
#11993=CARTESIAN_POINT('Ctrl Pts',(165.119203196709,-74.4237821197914,3.51275312604995));
#11994=CARTESIAN_POINT('Ctrl Pts',(164.969987423015,-74.8669793977162,6.79405488272276));
#11995=CARTESIAN_POINT('Ctrl Pts',(164.969987423015,-74.6942707421144,3.49857741803266));
#11996=CARTESIAN_POINT('Ctrl Pts',(164.669671532614,-75.4113724564761,6.76552445145605));
#11997=CARTESIAN_POINT('Ctrl Pts',(164.669671532614,-75.2386638008743,3.47004698676596));
#11998=CARTESIAN_POINT('Ctrl Pts',(164.628379945843,-76.0316611532748,6.73301649834246));
#11999=CARTESIAN_POINT('Ctrl Pts',(164.628379945843,-75.858952497673,3.43753903365236));
#12000=CARTESIAN_POINT('Ctrl Pts',(164.607604609673,-76.3437515137062,6.7166605356166));
#12001=CARTESIAN_POINT('Ctrl Pts',(164.607604609673,-76.1710428581045,3.42118307092651));
#12002=CARTESIAN_POINT('',(165.119203196709,-74.4918188629072,4.81097152123089));
#12003=CARTESIAN_POINT('Ctrl Pts',(165.119203196709,-74.4918188629072,4.81097152123089));
#12004=CARTESIAN_POINT('Ctrl Pts',(164.969987423015,-74.7623074852303,4.79679581321361));
#12005=CARTESIAN_POINT('Ctrl Pts',(164.669671532614,-75.3067005439902,4.7682653819469));
#12006=CARTESIAN_POINT('Ctrl Pts',(164.628379945843,-75.9269892407889,4.73575742883331));
#12007=CARTESIAN_POINT('Ctrl Pts',(164.607604609673,-76.2390796012204,4.71940146610745));
#12008=CARTESIAN_POINT('',(165.119203196709,-74.452566895725,4.06199937016496));
#12009=CARTESIAN_POINT('',(165.119203196709,-74.5964907753931,6.80823059074004));
#12010=CARTESIAN_POINT('Ctrl Pts',(165.119203196709,-74.452566895725,4.06199937016496));
#12011=CARTESIAN_POINT('Ctrl Pts',(164.969987423015,-74.7230555180481,4.04782366214768));
#12012=CARTESIAN_POINT('Ctrl Pts',(164.669671532614,-75.267448576808,4.01929323088097));
#12013=CARTESIAN_POINT('Ctrl Pts',(164.628379945843,-75.8877372736067,3.98678527776738));
#12014=CARTESIAN_POINT('Ctrl Pts',(164.607604609673,-76.1998276340381,3.97042931504152));
#12015=CARTESIAN_POINT('Ctrl Pts',(166.572135554498,-73.4009959594634,6.8708838191873));
#12016=CARTESIAN_POINT('Ctrl Pts',(166.572135554498,-73.2282873038617,3.5754063544972));
#12017=CARTESIAN_POINT('Ctrl Pts',(166.278393693217,-73.5497592907501,6.86308746335582));
#12018=CARTESIAN_POINT('Ctrl Pts',(166.278393693217,-73.3770506351484,3.56760999866572));
#12019=CARTESIAN_POINT('Ctrl Pts',(165.704464626458,-73.8404213009966,6.84785451287685));
#12020=CARTESIAN_POINT('Ctrl Pts',(165.704464626458,-73.6677126453949,3.55237704818676));
#12021=CARTESIAN_POINT('Ctrl Pts',(165.311194345697,-74.3484671747845,6.82122895685772));
#12022=CARTESIAN_POINT('Ctrl Pts',(165.311194345697,-74.1757585191828,3.52575149216763));
#12023=CARTESIAN_POINT('Ctrl Pts',(165.119203196709,-74.5964907753931,6.80823059074004));
#12024=CARTESIAN_POINT('Ctrl Pts',(165.119203196709,-74.4237821197914,3.51275312604995));
#12025=CARTESIAN_POINT('',(166.572135554498,-73.2963240469776,4.87362474967815));
#12026=CARTESIAN_POINT('Ctrl Pts',(166.572135554498,-73.2963240469776,4.87362474967815));
#12027=CARTESIAN_POINT('Ctrl Pts',(166.278393693217,-73.4450873782642,4.86582839384667));
#12028=CARTESIAN_POINT('Ctrl Pts',(165.704464626458,-73.7357493885107,4.8505954433677));
#12029=CARTESIAN_POINT('Ctrl Pts',(165.311194345697,-74.2437952622986,4.82396988734857));
#12030=CARTESIAN_POINT('Ctrl Pts',(165.119203196709,-74.4918188629072,4.81097152123089));
#12031=CARTESIAN_POINT('',(166.572135554498,-73.2570720797953,4.12465259861222));
#12032=CARTESIAN_POINT('',(166.572135554498,-73.4009959594634,6.8708838191873));
#12033=CARTESIAN_POINT('Ctrl Pts',(166.572135554498,-73.2570720797953,4.12465259861222));
#12034=CARTESIAN_POINT('Ctrl Pts',(166.278393693217,-73.405835411082,4.11685624278074));
#12035=CARTESIAN_POINT('Ctrl Pts',(165.704464626458,-73.6964974213285,4.10162329230177));
#12036=CARTESIAN_POINT('Ctrl Pts',(165.311194345697,-74.2045432951164,4.07499773628264));
#12037=CARTESIAN_POINT('Ctrl Pts',(165.119203196709,-74.452566895725,4.06199937016496));
#12038=CARTESIAN_POINT('Ctrl Pts',(169.784959422295,-72.6653064756732,6.90943967127463));
#12039=CARTESIAN_POINT('Ctrl Pts',(169.784959422295,-72.4925978200715,3.61396220658454));
#12040=CARTESIAN_POINT('Ctrl Pts',(169.13318957889,-72.7585505332053,6.90455295728804));
#12041=CARTESIAN_POINT('Ctrl Pts',(169.13318957889,-72.5858418776036,3.60907549259794));
#12042=CARTESIAN_POINT('Ctrl Pts',(168.040746671739,-72.9148385393404,6.89636224995792));
#12043=CARTESIAN_POINT('Ctrl Pts',(168.040746671739,-72.7421298837387,3.60088478526782));
#12044=CARTESIAN_POINT('Ctrl Pts',(166.994267586758,-73.2612567069509,6.87820724309015));
#12045=CARTESIAN_POINT('Ctrl Pts',(166.994267586758,-73.0885480513492,3.58272977840006));
#12046=CARTESIAN_POINT('Ctrl Pts',(166.572135554498,-73.4009959594634,6.8708838191873));
#12047=CARTESIAN_POINT('Ctrl Pts',(166.572135554498,-73.2282873038617,3.5754063544972));
#12048=CARTESIAN_POINT('',(169.784959422295,-72.5606345631873,4.91218060176549));
#12049=CARTESIAN_POINT('Ctrl Pts',(169.784959422295,-72.5606345631873,4.91218060176549));
#12050=CARTESIAN_POINT('Ctrl Pts',(169.13318957889,-72.6538786207194,4.90729388777889));
#12051=CARTESIAN_POINT('Ctrl Pts',(168.040746671739,-72.8101666268545,4.89910318044877));
#12052=CARTESIAN_POINT('Ctrl Pts',(166.994267586758,-73.156584794465,4.880948173581));
#12053=CARTESIAN_POINT('Ctrl Pts',(166.572135554498,-73.2963240469776,4.87362474967815));
#12054=CARTESIAN_POINT('',(169.784959422295,-72.5213825960051,4.16320845069956));
#12055=CARTESIAN_POINT('',(169.784959422295,-72.6653064756732,6.90943967127463));
#12056=CARTESIAN_POINT('Ctrl Pts',(169.784959422295,-72.5213825960051,4.16320845069956));
#12057=CARTESIAN_POINT('Ctrl Pts',(169.13318957889,-72.6146266535372,4.15832173671296));
#12058=CARTESIAN_POINT('Ctrl Pts',(168.040746671739,-72.7709146596723,4.15013102938284));
#12059=CARTESIAN_POINT('Ctrl Pts',(166.994267586758,-73.1173328272828,4.13197602251508));
#12060=CARTESIAN_POINT('Ctrl Pts',(166.572135554498,-73.2570720797953,4.12465259861222));
#12061=CARTESIAN_POINT('Ctrl Pts',(175.801333056634,-71.2756739586271,6.98226722551252));
#12062=CARTESIAN_POINT('Ctrl Pts',(175.801333056634,-71.1029653030254,3.68678976082243));
#12063=CARTESIAN_POINT('Ctrl Pts',(174.970672717702,-71.5482463915874,6.9679823096073));
#12064=CARTESIAN_POINT('Ctrl Pts',(174.970672717702,-71.3755377359857,3.6725048449172));
#12065=CARTESIAN_POINT('Ctrl Pts',(173.008716382908,-72.1920416788699,6.93424242828793));
#12066=CARTESIAN_POINT('Ctrl Pts',(173.008716382908,-72.0193330232682,3.63876496359784));
#12067=CARTESIAN_POINT('Ctrl Pts',(170.963984911109,-72.4922192159304,6.91851079017994));
#12068=CARTESIAN_POINT('Ctrl Pts',(170.963984911109,-72.3195105603287,3.62303332548984));
#12069=CARTESIAN_POINT('Ctrl Pts',(169.784959422295,-72.6653064756732,6.90943967127463));
#12070=CARTESIAN_POINT('Ctrl Pts',(169.784959422295,-72.4925978200715,3.61396220658454));
#12071=CARTESIAN_POINT('Ctrl Pts',(175.801333056634,-71.1710020461412,4.98500815600337));
#12072=CARTESIAN_POINT('Ctrl Pts',(174.970672717702,-71.4435744791015,4.97072324009815));
#12073=CARTESIAN_POINT('Ctrl Pts',(173.008716382908,-72.087369766384,4.93698335877879));
#12074=CARTESIAN_POINT('Ctrl Pts',(170.963984911109,-72.3875473034446,4.92125172067079));
#12075=CARTESIAN_POINT('Ctrl Pts',(169.784959422295,-72.5606345631873,4.91218060176549));
#12076=CARTESIAN_POINT('Ctrl Pts',(175.801333056634,-71.131750078959,4.23603600493744));
#12077=CARTESIAN_POINT('Ctrl Pts',(174.970672717702,-71.4043225119193,4.22175108903222));
#12078=CARTESIAN_POINT('Ctrl Pts',(173.008716382908,-72.0481177992018,4.18801120771285));
#12079=CARTESIAN_POINT('Ctrl Pts',(170.963984911109,-72.3482953362624,4.17227956960486));
#12080=CARTESIAN_POINT('Ctrl Pts',(169.784959422295,-72.5213825960051,4.16320845069956));
#12081=CARTESIAN_POINT('Origin',(180.692194567864,-82.1679563556686,6.41142689375982));
#12082=CARTESIAN_POINT('',(176.844986544793,-82.0632844431827,4.41416782425067));
#12083=CARTESIAN_POINT('',(203.673855680332,-82.0632844431827,4.41416782425066));
#12084=CARTESIAN_POINT('',(176.844986544793,-82.0240324760005,3.66519567318474));
#12085=CARTESIAN_POINT('',(180.692194567864,-82.0240324760005,3.66519567318474));
#12086=CARTESIAN_POINT('',(176.844986544793,-82.1679563556686,6.41142689375982));
#12087=CARTESIAN_POINT('Ctrl Pts',(174.778140650933,-64.2661932022816,7.3496185458798));
#12088=CARTESIAN_POINT('Ctrl Pts',(174.778140650933,-64.0934845466798,4.05414108118971));
#12089=CARTESIAN_POINT('Ctrl Pts',(174.20946271041,-63.9036602988342,7.36861809026651));
#12090=CARTESIAN_POINT('Ctrl Pts',(174.20946271041,-63.7309516432325,4.07314062557641));
#12091=CARTESIAN_POINT('Ctrl Pts',(172.937355382389,-63.0926902747466,7.41111922829406));
#12092=CARTESIAN_POINT('Ctrl Pts',(172.937355382389,-62.9199816191449,4.11564176360396));
#12093=CARTESIAN_POINT('Ctrl Pts',(171.421348396323,-63.0456308190586,7.41358550986093));
#12094=CARTESIAN_POINT('Ctrl Pts',(171.421348396323,-62.8729221634569,4.11810804517084));
#12095=CARTESIAN_POINT('Ctrl Pts',(170.583051310723,-63.0196086404567,7.41494927445357));
#12096=CARTESIAN_POINT('Ctrl Pts',(170.583051310723,-62.846899984855,4.11947180976347));
#12097=CARTESIAN_POINT('',(174.778140650933,-64.1615212897957,5.35235947637065));
#12098=CARTESIAN_POINT('Ctrl Pts',(174.778140650933,-64.1615212897957,5.35235947637065));
#12099=CARTESIAN_POINT('Ctrl Pts',(174.20946271041,-63.7989883863483,5.37135902075736));
#12100=CARTESIAN_POINT('Ctrl Pts',(172.937355382389,-62.9880183622607,5.41386015878491));
#12101=CARTESIAN_POINT('Ctrl Pts',(171.421348396323,-62.9409589065727,5.41632644035178));
#12102=CARTESIAN_POINT('Ctrl Pts',(170.583051310723,-62.9149367279708,5.41769020494442));
#12103=CARTESIAN_POINT('',(174.778140650933,-64.1222693226135,4.60338732530472));
#12104=CARTESIAN_POINT('',(174.778140650933,-64.2661932022816,7.3496185458798));
#12105=CARTESIAN_POINT('Ctrl Pts',(174.778140650933,-64.1222693226135,4.60338732530472));
#12106=CARTESIAN_POINT('Ctrl Pts',(174.20946271041,-63.7597364191661,4.62238686969143));
#12107=CARTESIAN_POINT('Ctrl Pts',(172.937355382389,-62.9487663950785,4.66488800771898));
#12108=CARTESIAN_POINT('Ctrl Pts',(171.421348396323,-62.9017069393905,4.66735428928585));
#12109=CARTESIAN_POINT('Ctrl Pts',(170.583051310723,-62.8756847607886,4.66871805387849));
#12110=CARTESIAN_POINT('Ctrl Pts',(175.821794139092,-67.4337407813617,7.18361441148684));
#12111=CARTESIAN_POINT('Ctrl Pts',(175.821794139092,-67.26103212576,3.88813694679674));
#12112=CARTESIAN_POINT('Ctrl Pts',(175.807097767324,-66.7690451741591,7.21844963215952));
#12113=CARTESIAN_POINT('Ctrl Pts',(175.807097767324,-66.5963365185574,3.92297216746943));
#12114=CARTESIAN_POINT('Ctrl Pts',(175.781184574514,-65.5970289989956,7.27987239718364));
#12115=CARTESIAN_POINT('Ctrl Pts',(175.781184574514,-65.4243203433939,3.98439493249355));
#12116=CARTESIAN_POINT('Ctrl Pts',(175.081156002133,-64.6682330998875,7.32854852766309));
#12117=CARTESIAN_POINT('Ctrl Pts',(175.081156002133,-64.4955244442858,4.033071062973));
#12118=CARTESIAN_POINT('Ctrl Pts',(174.778140650933,-64.2661932022816,7.3496185458798));
#12119=CARTESIAN_POINT('Ctrl Pts',(174.778140650933,-64.0934845466798,4.05414108118971));
#12120=CARTESIAN_POINT('',(175.821794139092,-67.3290688688758,5.18635534197769));
#12121=CARTESIAN_POINT('Ctrl Pts',(175.821794139092,-67.3290688688758,5.18635534197769));
#12122=CARTESIAN_POINT('Ctrl Pts',(175.807097767324,-66.6643732616732,5.22119056265037));
#12123=CARTESIAN_POINT('Ctrl Pts',(175.781184574514,-65.4923570865097,5.28261332767449));
#12124=CARTESIAN_POINT('Ctrl Pts',(175.081156002133,-64.5635611874016,5.33128945815394));
#12125=CARTESIAN_POINT('Ctrl Pts',(174.778140650933,-64.1615212897957,5.35235947637065));
#12126=CARTESIAN_POINT('',(175.821794139092,-67.2898169016936,4.43738319091176));
#12127=CARTESIAN_POINT('',(175.821794139092,-67.4337407813617,7.18361441148684));
#12128=CARTESIAN_POINT('Ctrl Pts',(175.821794139092,-67.2898169016936,4.43738319091176));
#12129=CARTESIAN_POINT('Ctrl Pts',(175.807097767324,-66.625121294491,4.47221841158444));
#12130=CARTESIAN_POINT('Ctrl Pts',(175.781184574514,-65.4531051193275,4.53364117660856));
#12131=CARTESIAN_POINT('Ctrl Pts',(175.081156002133,-64.5243092202194,4.58231730708801));
#12132=CARTESIAN_POINT('Ctrl Pts',(174.778140650933,-64.1222693226135,4.60338732530472));
#12133=CARTESIAN_POINT('Ctrl Pts',(175.801333056634,-68.3942246709076,7.1332775837986));
#12134=CARTESIAN_POINT('Ctrl Pts',(175.801333056634,-68.2215160153059,3.8378001191085));
#12135=CARTESIAN_POINT('Ctrl Pts',(175.807102601026,-68.1881763126757,7.14407612067845));
#12136=CARTESIAN_POINT('Ctrl Pts',(175.807102601026,-68.015467657074,3.84859865598835));
#12137=CARTESIAN_POINT('Ctrl Pts',(175.816066223066,-67.8680575165028,7.16085283589263));
#12138=CARTESIAN_POINT('Ctrl Pts',(175.816066223066,-67.6953488609011,3.86537537120254));
#12139=CARTESIAN_POINT('Ctrl Pts',(175.820289297797,-67.5478447164437,7.17763447764173));
#12140=CARTESIAN_POINT('Ctrl Pts',(175.820289297797,-67.375136060842,3.88215701295164));
#12141=CARTESIAN_POINT('Ctrl Pts',(175.821794139092,-67.4337407813617,7.18361441148684));
#12142=CARTESIAN_POINT('Ctrl Pts',(175.821794139092,-67.26103212576,3.88813694679674));
#12143=CARTESIAN_POINT('',(175.801333056634,-68.2895527584217,5.13601851428945));
#12144=CARTESIAN_POINT('Ctrl Pts',(175.801333056634,-68.2895527584217,5.13601851428945));
#12145=CARTESIAN_POINT('Ctrl Pts',(175.807102601026,-68.0835044001898,5.1468170511693));
#12146=CARTESIAN_POINT('Ctrl Pts',(175.816066223066,-67.7633856040169,5.16359376638348));
#12147=CARTESIAN_POINT('Ctrl Pts',(175.820289297797,-67.4431728039579,5.18037540813258));
#12148=CARTESIAN_POINT('Ctrl Pts',(175.821794139092,-67.3290688688758,5.18635534197769));
#12149=CARTESIAN_POINT('',(175.801333056634,-68.2503007912395,4.38704636322352));
#12150=CARTESIAN_POINT('',(175.801333056634,-68.3942246709076,7.1332775837986));
#12151=CARTESIAN_POINT('Ctrl Pts',(175.801333056634,-68.2503007912395,4.38704636322352));
#12152=CARTESIAN_POINT('Ctrl Pts',(175.807102601026,-68.0442524330076,4.39784490010337));
#12153=CARTESIAN_POINT('Ctrl Pts',(175.816066223066,-67.7241336368347,4.41462161531755));
#12154=CARTESIAN_POINT('Ctrl Pts',(175.820289297797,-67.4039208367756,4.43140325706665));
#12155=CARTESIAN_POINT('Ctrl Pts',(175.821794139092,-67.2898169016936,4.43738319091176));
#12156=CARTESIAN_POINT('Ctrl Pts',(169.232433901971,-69.661244654907,7.06687588012996));
#12157=CARTESIAN_POINT('Ctrl Pts',(169.232433901971,-69.4885359993053,3.77139841543986));
#12158=CARTESIAN_POINT('Ctrl Pts',(170.530876705217,-69.5042694455452,7.0751026022551));
#12159=CARTESIAN_POINT('Ctrl Pts',(170.530876705217,-69.3315607899435,3.779625137565));
#12160=CARTESIAN_POINT('Ctrl Pts',(172.751619046561,-69.2357928572046,7.08917286403952));
#12161=CARTESIAN_POINT('Ctrl Pts',(172.751619046561,-69.0630842016028,3.79369539934943));
#12162=CARTESIAN_POINT('Ctrl Pts',(174.906419806761,-68.6411758663644,7.12033542005341));
#12163=CARTESIAN_POINT('Ctrl Pts',(174.906419806761,-68.4684672107627,3.82485795536332));
#12164=CARTESIAN_POINT('Ctrl Pts',(175.801333056634,-68.3942246709076,7.1332775837986));
#12165=CARTESIAN_POINT('Ctrl Pts',(175.801333056634,-68.2215160153059,3.8378001191085));
#12166=CARTESIAN_POINT('',(169.232433901971,-69.5565727424211,5.06961681062081));
#12167=CARTESIAN_POINT('Ctrl Pts',(169.232433901971,-69.5565727424211,5.06961681062081));
#12168=CARTESIAN_POINT('Ctrl Pts',(170.530876705217,-69.3995975330593,5.07784353274595));
#12169=CARTESIAN_POINT('Ctrl Pts',(172.751619046561,-69.1311209447187,5.09191379453037));
#12170=CARTESIAN_POINT('Ctrl Pts',(174.906419806761,-68.5365039538786,5.12307635054426));
#12171=CARTESIAN_POINT('Ctrl Pts',(175.801333056634,-68.2895527584217,5.13601851428945));
#12172=CARTESIAN_POINT('',(169.232433901971,-69.5173207752389,4.32064465955488));
#12173=CARTESIAN_POINT('',(169.232433901971,-69.661244654907,7.06687588012996));
#12174=CARTESIAN_POINT('Ctrl Pts',(169.232433901971,-69.5173207752389,4.32064465955488));
#12175=CARTESIAN_POINT('Ctrl Pts',(170.530876705217,-69.3603455658771,4.32887138168002));
#12176=CARTESIAN_POINT('Ctrl Pts',(172.751619046561,-69.0918689775364,4.34294164346444));
#12177=CARTESIAN_POINT('Ctrl Pts',(174.906419806761,-68.4972519866963,4.37410419947834));
#12178=CARTESIAN_POINT('Ctrl Pts',(175.801333056634,-68.2503007912395,4.38704636322352));
#12179=CARTESIAN_POINT('Ctrl Pts',(165.958222018426,-70.2130105772905,7.03795905345378));
#12180=CARTESIAN_POINT('Ctrl Pts',(165.958222018426,-70.0403019216888,3.74248158876368));
#12181=CARTESIAN_POINT('Ctrl Pts',(166.410788782971,-70.1133317490793,7.04318299948186));
#12182=CARTESIAN_POINT('Ctrl Pts',(166.410788782971,-69.9406230934776,3.74770553479177));
#12183=CARTESIAN_POINT('Ctrl Pts',(167.49271528163,-69.8750350511206,7.05567160023236));
#12184=CARTESIAN_POINT('Ctrl Pts',(167.49271528163,-69.7023263955189,3.76019413554226));
#12185=CARTESIAN_POINT('Ctrl Pts',(168.592617588743,-69.7398703484586,7.06275528213633));
#12186=CARTESIAN_POINT('Ctrl Pts',(168.592617588743,-69.5671616928569,3.76727781744623));
#12187=CARTESIAN_POINT('Ctrl Pts',(169.232433901971,-69.661244654907,7.06687588012996));
#12188=CARTESIAN_POINT('Ctrl Pts',(169.232433901971,-69.4885359993053,3.77139841543986));
#12189=CARTESIAN_POINT('',(165.958222018426,-70.1083386648046,5.04069998394463));
#12190=CARTESIAN_POINT('Ctrl Pts',(165.958222018426,-70.1083386648046,5.04069998394463));
#12191=CARTESIAN_POINT('Ctrl Pts',(166.410788782971,-70.0086598365934,5.04592392997272));
#12192=CARTESIAN_POINT('Ctrl Pts',(167.49271528163,-69.7703631386348,5.05841253072321));
#12193=CARTESIAN_POINT('Ctrl Pts',(168.592617588743,-69.6351984359727,5.06549621262718));
#12194=CARTESIAN_POINT('Ctrl Pts',(169.232433901971,-69.5565727424211,5.06961681062081));
#12195=CARTESIAN_POINT('',(165.958222018426,-70.0690866976224,4.2917278328787));
#12196=CARTESIAN_POINT('',(165.958222018426,-70.2130105772905,7.03795905345378));
#12197=CARTESIAN_POINT('Ctrl Pts',(165.958222018426,-70.0690866976224,4.2917278328787));
#12198=CARTESIAN_POINT('Ctrl Pts',(166.410788782971,-69.9694078694112,4.29695177890679));
#12199=CARTESIAN_POINT('Ctrl Pts',(167.49271528163,-69.7311111714526,4.30944037965728));
#12200=CARTESIAN_POINT('Ctrl Pts',(168.592617588743,-69.5959464687905,4.31652406156125));
#12201=CARTESIAN_POINT('Ctrl Pts',(169.232433901971,-69.5173207752389,4.32064465955488));
#12202=CARTESIAN_POINT('Ctrl Pts',(163.308151827996,-71.4187242947666,6.97477027506976));
#12203=CARTESIAN_POINT('Ctrl Pts',(163.308151827996,-71.2460156391649,3.67929281037966));
#12204=CARTESIAN_POINT('Ctrl Pts',(163.717137704008,-71.1680301156751,6.98790860027513));
#12205=CARTESIAN_POINT('Ctrl Pts',(163.717137704008,-70.9953214600734,3.69243113558504));
#12206=CARTESIAN_POINT('Ctrl Pts',(164.550580595774,-70.6571584845844,7.0146822479593));
#12207=CARTESIAN_POINT('Ctrl Pts',(164.550580595774,-70.4844498289826,3.71920478326921));
#12208=CARTESIAN_POINT('Ctrl Pts',(165.483237264918,-70.3628807650189,7.0301046897342));
#12209=CARTESIAN_POINT('Ctrl Pts',(165.483237264918,-70.1901721094172,3.73462722504411));
#12210=CARTESIAN_POINT('Ctrl Pts',(165.958222018426,-70.2130105772905,7.03795905345378));
#12211=CARTESIAN_POINT('Ctrl Pts',(165.958222018426,-70.0403019216888,3.74248158876368));
#12212=CARTESIAN_POINT('',(163.308151827996,-71.3140523822807,4.97751120556061));
#12213=CARTESIAN_POINT('Ctrl Pts',(163.308151827996,-71.3140523822807,4.97751120556061));
#12214=CARTESIAN_POINT('Ctrl Pts',(163.717137704008,-71.0633582031892,4.99064953076598));
#12215=CARTESIAN_POINT('Ctrl Pts',(164.550580595774,-70.5524865720985,5.01742317845015));
#12216=CARTESIAN_POINT('Ctrl Pts',(165.483237264918,-70.258208852533,5.03284562022505));
#12217=CARTESIAN_POINT('Ctrl Pts',(165.958222018426,-70.1083386648046,5.04069998394463));
#12218=CARTESIAN_POINT('',(163.308151827996,-71.2748004150985,4.22853905449468));
#12219=CARTESIAN_POINT('',(163.308151827996,-71.4187242947666,6.97477027506976));
#12220=CARTESIAN_POINT('Ctrl Pts',(163.308151827996,-71.2748004150985,4.22853905449468));
#12221=CARTESIAN_POINT('Ctrl Pts',(163.717137704008,-71.024106236007,4.24167737970005));
#12222=CARTESIAN_POINT('Ctrl Pts',(164.550580595774,-70.5132346049162,4.26845102738422));
#12223=CARTESIAN_POINT('Ctrl Pts',(165.483237264918,-70.2189568853508,4.28387346915913));
#12224=CARTESIAN_POINT('Ctrl Pts',(165.958222018426,-70.0690866976224,4.2917278328787));
#12225=CARTESIAN_POINT('Ctrl Pts',(161.405013667291,-73.5338297749749,6.86392229390265));
#12226=CARTESIAN_POINT('Ctrl Pts',(161.405013667291,-73.3611211193732,3.56844482921255));
#12227=CARTESIAN_POINT('Ctrl Pts',(161.662883938391,-73.1182499874569,6.88570190768139));
#12228=CARTESIAN_POINT('Ctrl Pts',(161.662883938391,-72.9455413318552,3.59022444299129));
#12229=CARTESIAN_POINT('Ctrl Pts',(162.170950488815,-72.2994577002744,6.9286129931467));
#12230=CARTESIAN_POINT('Ctrl Pts',(162.170950488815,-72.1267490446727,3.63313552845661));
#12231=CARTESIAN_POINT('Ctrl Pts',(162.932921060058,-71.7093309452438,6.95954022587336));
#12232=CARTESIAN_POINT('Ctrl Pts',(162.932921060058,-71.5366222896421,3.66406276118327));
#12233=CARTESIAN_POINT('Ctrl Pts',(163.308151827996,-71.4187242947666,6.97477027506976));
#12234=CARTESIAN_POINT('Ctrl Pts',(163.308151827996,-71.2460156391649,3.67929281037966));
#12235=CARTESIAN_POINT('',(161.405013667291,-73.4291578624891,4.8666632243935));
#12236=CARTESIAN_POINT('Ctrl Pts',(161.405013667291,-73.4291578624891,4.8666632243935));
#12237=CARTESIAN_POINT('Ctrl Pts',(161.662883938391,-73.013578074971,4.88844283817224));
#12238=CARTESIAN_POINT('Ctrl Pts',(162.170950488815,-72.1947857877885,4.93135392363755));
#12239=CARTESIAN_POINT('Ctrl Pts',(162.932921060058,-71.604659032758,4.96228115636421));
#12240=CARTESIAN_POINT('Ctrl Pts',(163.308151827996,-71.3140523822807,4.97751120556061));
#12241=CARTESIAN_POINT('',(161.405013667291,-73.3899058953068,4.11769107332757));
#12242=CARTESIAN_POINT('',(161.405013667291,-73.5338297749749,6.86392229390265));
#12243=CARTESIAN_POINT('Ctrl Pts',(161.405013667291,-73.3899058953068,4.11769107332757));
#12244=CARTESIAN_POINT('Ctrl Pts',(161.662883938391,-72.9743261077888,4.13947068710631));
#12245=CARTESIAN_POINT('Ctrl Pts',(162.170950488815,-72.1555338206063,4.18238177257162));
#12246=CARTESIAN_POINT('Ctrl Pts',(162.932921060058,-71.5654070655758,4.21330900529828));
#12247=CARTESIAN_POINT('Ctrl Pts',(163.308151827996,-71.2748004150985,4.22853905449468));
#12248=CARTESIAN_POINT('Ctrl Pts',(160.678547488397,-76.4459310054969,6.71130553536358));
#12249=CARTESIAN_POINT('Ctrl Pts',(160.678547488397,-76.2732223498952,3.41582807067349));
#12250=CARTESIAN_POINT('Ctrl Pts',(160.706940690977,-75.9295274266636,6.73836910014405));
#12251=CARTESIAN_POINT('Ctrl Pts',(160.706940690977,-75.7568187710619,3.44289163545396));
#12252=CARTESIAN_POINT('Ctrl Pts',(160.76288059482,-74.9121160775451,6.79168936956871));
#12253=CARTESIAN_POINT('Ctrl Pts',(160.76288059482,-74.7394074219434,3.49621190487862));
#12254=CARTESIAN_POINT('Ctrl Pts',(161.193139584072,-73.9886002256635,6.84008878449851));
#12255=CARTESIAN_POINT('Ctrl Pts',(161.193139584072,-73.8158915700618,3.54461131980842));
#12256=CARTESIAN_POINT('Ctrl Pts',(161.405013667291,-73.5338297749749,6.86392229390265));
#12257=CARTESIAN_POINT('Ctrl Pts',(161.405013667291,-73.3611211193732,3.56844482921255));
#12258=CARTESIAN_POINT('',(160.678547488397,-76.341259093011,4.71404646585443));
#12259=CARTESIAN_POINT('Ctrl Pts',(160.678547488397,-76.341259093011,4.71404646585443));
#12260=CARTESIAN_POINT('Ctrl Pts',(160.706940690977,-75.8248555141777,4.7411100306349));
#12261=CARTESIAN_POINT('Ctrl Pts',(160.76288059482,-74.8074441650592,4.79443030005956));
#12262=CARTESIAN_POINT('Ctrl Pts',(161.193139584072,-73.8839283131776,4.84282971498937));
#12263=CARTESIAN_POINT('Ctrl Pts',(161.405013667291,-73.4291578624891,4.8666632243935));
#12264=CARTESIAN_POINT('',(160.678547488397,-76.3020071258288,3.9650743147885));
#12265=CARTESIAN_POINT('',(160.678547488397,-76.4459310054969,6.71130553536358));
#12266=CARTESIAN_POINT('Ctrl Pts',(160.678547488397,-76.3020071258288,3.9650743147885));
#12267=CARTESIAN_POINT('Ctrl Pts',(160.706940690977,-75.7856035469955,3.99213787956897));
#12268=CARTESIAN_POINT('Ctrl Pts',(160.76288059482,-74.768192197877,4.04545814899363));
#12269=CARTESIAN_POINT('Ctrl Pts',(161.193139584072,-73.8446763459954,4.09385756392344));
#12270=CARTESIAN_POINT('Ctrl Pts',(161.405013667291,-73.3899058953068,4.11769107332757));
#12271=CARTESIAN_POINT('Ctrl Pts',(162.602151499932,-80.9111552732156,6.4772930474917));
#12272=CARTESIAN_POINT('Ctrl Pts',(162.602151499932,-80.7384466176139,3.18181558280161));
#12273=CARTESIAN_POINT('Ctrl Pts',(162.041126478026,-80.282538528459,6.51023745510453));
#12274=CARTESIAN_POINT('Ctrl Pts',(162.041126478026,-80.1098298728573,3.21475999041444));
#12275=CARTESIAN_POINT('Ctrl Pts',(160.904298793225,-79.008747002831,6.57699404023225));
#12276=CARTESIAN_POINT('Ctrl Pts',(160.904298793225,-78.8360383472293,3.28151657554215));
#12277=CARTESIAN_POINT('Ctrl Pts',(160.754447230946,-77.3075741953192,6.66614872925064));
#12278=CARTESIAN_POINT('Ctrl Pts',(160.754447230946,-77.1348655397175,3.37067126456054));
#12279=CARTESIAN_POINT('Ctrl Pts',(160.678547488397,-76.4459310054969,6.71130553536358));
#12280=CARTESIAN_POINT('Ctrl Pts',(160.678547488397,-76.2732223498952,3.41582807067349));
#12281=CARTESIAN_POINT('',(162.602151499932,-80.8064833607297,4.48003397798256));
#12282=CARTESIAN_POINT('Ctrl Pts',(162.602151499932,-80.8064833607297,4.48003397798256));
#12283=CARTESIAN_POINT('Ctrl Pts',(162.041126478026,-80.1778666159731,4.51297838559538));
#12284=CARTESIAN_POINT('Ctrl Pts',(160.904298793225,-78.9040750903452,4.5797349707231));
#12285=CARTESIAN_POINT('Ctrl Pts',(160.754447230946,-77.2029022828333,4.66888965974149));
#12286=CARTESIAN_POINT('Ctrl Pts',(160.678547488397,-76.341259093011,4.71404646585443));
#12287=CARTESIAN_POINT('',(162.602151499932,-80.7672313935475,3.73106182691663));
#12288=CARTESIAN_POINT('',(162.602151499932,-80.9111552732156,6.4772930474917));
#12289=CARTESIAN_POINT('Ctrl Pts',(162.602151499932,-80.7672313935475,3.73106182691663));
#12290=CARTESIAN_POINT('Ctrl Pts',(162.041126478026,-80.1386146487909,3.76400623452945));
#12291=CARTESIAN_POINT('Ctrl Pts',(160.904298793225,-78.8648231231629,3.83076281965717));
#12292=CARTESIAN_POINT('Ctrl Pts',(160.754447230946,-77.1636503156511,3.91991750867556));
#12293=CARTESIAN_POINT('Ctrl Pts',(160.678547488397,-76.3020071258288,3.9650743147885));
#12294=CARTESIAN_POINT('Ctrl Pts',(168.106926547234,-82.6584160115287,6.38572299236826));
#12295=CARTESIAN_POINT('Ctrl Pts',(168.106926547234,-82.485707355927,3.09024552767817));
#12296=CARTESIAN_POINT('Ctrl Pts',(167.016976438689,-82.6148526766086,6.38800605000959));
#12297=CARTESIAN_POINT('Ctrl Pts',(167.016976438689,-82.4421440210069,3.09252858531949));
#12298=CARTESIAN_POINT('Ctrl Pts',(165.012923737508,-82.5347543140006,6.39220382731808));
#12299=CARTESIAN_POINT('Ctrl Pts',(165.012923737508,-82.3620456583989,3.09672636262799));
#12300=CARTESIAN_POINT('Ctrl Pts',(163.357318011218,-81.4197423575723,6.45063912782853));
#12301=CARTESIAN_POINT('Ctrl Pts',(163.357318011218,-81.2470337019707,3.15516166313843));
#12302=CARTESIAN_POINT('Ctrl Pts',(162.602151499932,-80.9111552732156,6.4772930474917));
#12303=CARTESIAN_POINT('Ctrl Pts',(162.602151499932,-80.7384466176139,3.18181558280161));
#12304=CARTESIAN_POINT('',(168.106926547234,-82.5537440990428,4.38846392285912));
#12305=CARTESIAN_POINT('Ctrl Pts',(168.106926547234,-82.5537440990428,4.38846392285912));
#12306=CARTESIAN_POINT('Ctrl Pts',(167.016976438689,-82.5101807641228,4.39074698050044));
#12307=CARTESIAN_POINT('Ctrl Pts',(165.012923737508,-82.4300824015147,4.39494475780894));
#12308=CARTESIAN_POINT('Ctrl Pts',(163.357318011218,-81.3150704450865,4.45338005831938));
#12309=CARTESIAN_POINT('Ctrl Pts',(162.602151499932,-80.8064833607297,4.48003397798256));
#12310=CARTESIAN_POINT('',(168.106926547234,-82.5144921318606,3.63949177179319));
#12311=CARTESIAN_POINT('',(168.106926547234,-82.6584160115287,6.38572299236826));
#12312=CARTESIAN_POINT('Ctrl Pts',(168.106926547234,-82.5144921318606,3.63949177179319));
#12313=CARTESIAN_POINT('Ctrl Pts',(167.016976438689,-82.4709287969405,3.64177482943451));
#12314=CARTESIAN_POINT('Ctrl Pts',(165.012923737508,-82.3908304343325,3.64597260674301));
#12315=CARTESIAN_POINT('Ctrl Pts',(163.357318011218,-81.2758184779043,3.70440790725345));
#12316=CARTESIAN_POINT('Ctrl Pts',(162.602151499932,-80.7672313935475,3.73106182691663));
#12317=CARTESIAN_POINT('Ctrl Pts',(172.168997393792,-81.9431619499129,6.42320786936073));
#12318=CARTESIAN_POINT('Ctrl Pts',(172.168997393792,-81.7704532943112,3.12773040467063));
#12319=CARTESIAN_POINT('Ctrl Pts',(171.520314330109,-82.1517589657522,6.41227576299552));
#12320=CARTESIAN_POINT('Ctrl Pts',(171.520314330109,-81.9790503101505,3.11679829830542));
#12321=CARTESIAN_POINT('Ctrl Pts',(170.199499673207,-82.5764933411837,6.39001637759398));
#12322=CARTESIAN_POINT('Ctrl Pts',(170.199499673207,-82.403784685582,3.09453891290389));
#12323=CARTESIAN_POINT('Ctrl Pts',(168.812657827745,-82.6307871605568,6.38717095909184));
#12324=CARTESIAN_POINT('Ctrl Pts',(168.812657827745,-82.4580785049551,3.09169349440175));
#12325=CARTESIAN_POINT('Ctrl Pts',(168.106926547234,-82.6584160115287,6.38572299236826));
#12326=CARTESIAN_POINT('Ctrl Pts',(168.106926547234,-82.485707355927,3.09024552767817));
#12327=CARTESIAN_POINT('',(172.168997393792,-81.838490037427,4.42594879985158));
#12328=CARTESIAN_POINT('Ctrl Pts',(172.168997393792,-81.838490037427,4.42594879985158));
#12329=CARTESIAN_POINT('Ctrl Pts',(171.520314330109,-82.0470870532663,4.41501669348637));
#12330=CARTESIAN_POINT('Ctrl Pts',(170.199499673207,-82.4718214286978,4.39275730808483));
#12331=CARTESIAN_POINT('Ctrl Pts',(168.812657827745,-82.5261152480709,4.3899118895827));
#12332=CARTESIAN_POINT('Ctrl Pts',(168.106926547234,-82.5537440990428,4.38846392285912));
#12333=CARTESIAN_POINT('',(172.168997393792,-81.7992380702448,3.67697664878565));
#12334=CARTESIAN_POINT('',(172.168997393792,-81.9431619499129,6.42320786936073));
#12335=CARTESIAN_POINT('Ctrl Pts',(172.168997393792,-81.7992380702448,3.67697664878565));
#12336=CARTESIAN_POINT('Ctrl Pts',(171.520314330109,-82.0078350860841,3.66604454242044));
#12337=CARTESIAN_POINT('Ctrl Pts',(170.199499673207,-82.4325694615156,3.6437851570189));
#12338=CARTESIAN_POINT('Ctrl Pts',(168.812657827745,-82.4868632808887,3.64093973851677));
#12339=CARTESIAN_POINT('Ctrl Pts',(168.106926547234,-82.5144921318606,3.63949177179319));
#12340=CARTESIAN_POINT('Ctrl Pts',(176.108292208855,-79.4908660515302,6.55172725153987));
#12341=CARTESIAN_POINT('Ctrl Pts',(176.108292208855,-79.3181573959285,3.25624978684977));
#12342=CARTESIAN_POINT('Ctrl Pts',(175.458789941451,-80.0169473913877,6.52415649679569));
#12343=CARTESIAN_POINT('Ctrl Pts',(175.458789941451,-79.844238735786,3.2286790321056));
#12344=CARTESIAN_POINT('Ctrl Pts',(174.246819891842,-80.9986142146825,6.47270951859098));
#12345=CARTESIAN_POINT('Ctrl Pts',(174.246819891842,-80.8259055590808,3.17723205390088));
#12346=CARTESIAN_POINT('Ctrl Pts',(172.827633155124,-81.6437557603602,6.43889908285878));
#12347=CARTESIAN_POINT('Ctrl Pts',(172.827633155124,-81.4710471047585,3.14342161816869));
#12348=CARTESIAN_POINT('Ctrl Pts',(172.168997393792,-81.9431619499129,6.42320786936073));
#12349=CARTESIAN_POINT('Ctrl Pts',(172.168997393792,-81.7704532943112,3.12773040467063));
#12350=CARTESIAN_POINT('',(176.108292208855,-79.3861941390444,4.55446818203072));
#12351=CARTESIAN_POINT('Ctrl Pts',(176.108292208855,-79.3861941390444,4.55446818203072));
#12352=CARTESIAN_POINT('Ctrl Pts',(175.458789941451,-79.9122754789018,4.52689742728654));
#12353=CARTESIAN_POINT('Ctrl Pts',(174.246819891842,-80.8939423021966,4.47545044908183));
#12354=CARTESIAN_POINT('Ctrl Pts',(172.827633155124,-81.5390838478743,4.44164001334963));
#12355=CARTESIAN_POINT('Ctrl Pts',(172.168997393792,-81.838490037427,4.42594879985158));
#12356=CARTESIAN_POINT('',(176.108292208855,-79.3469421718622,3.80549603096479));
#12357=CARTESIAN_POINT('',(176.108292208855,-79.4908660515302,6.55172725153987));
#12358=CARTESIAN_POINT('Ctrl Pts',(176.108292208855,-79.3469421718622,3.80549603096479));
#12359=CARTESIAN_POINT('Ctrl Pts',(175.458789941451,-79.8730235117196,3.77792527622061));
#12360=CARTESIAN_POINT('Ctrl Pts',(174.246819891842,-80.8546903350144,3.7264782980159));
#12361=CARTESIAN_POINT('Ctrl Pts',(172.827633155124,-81.4998318806921,3.6926678622837));
#12362=CARTESIAN_POINT('Ctrl Pts',(172.168997393792,-81.7992380702448,3.67697664878565));
#12363=CARTESIAN_POINT('Ctrl Pts',(176.844986544793,-82.1679563556686,6.41142689375982));
#12364=CARTESIAN_POINT('Ctrl Pts',(176.844986544793,-81.9952477000669,3.11594942906972));
#12365=CARTESIAN_POINT('Ctrl Pts',(176.669938492652,-81.759198013526,6.43284901073492));
#12366=CARTESIAN_POINT('Ctrl Pts',(176.669938492652,-81.5864893579243,3.13737154604483));
#12367=CARTESIAN_POINT('Ctrl Pts',(176.302367894739,-80.9008762762373,6.47783174689659));
#12368=CARTESIAN_POINT('Ctrl Pts',(176.302367894739,-80.7281676206356,3.18235428220649));
#12369=CARTESIAN_POINT('Ctrl Pts',(176.175002443644,-79.9755332199919,6.52632692154939));
#12370=CARTESIAN_POINT('Ctrl Pts',(176.175002443644,-79.8028245643902,3.2308494568593));
#12371=CARTESIAN_POINT('Ctrl Pts',(176.108292208855,-79.4908660515302,6.55172725153987));
#12372=CARTESIAN_POINT('Ctrl Pts',(176.108292208855,-79.3181573959285,3.25624978684977));
#12373=CARTESIAN_POINT('Ctrl Pts',(176.844986544793,-82.0632844431827,4.41416782425067));
#12374=CARTESIAN_POINT('Ctrl Pts',(176.669938492652,-81.6545261010401,4.43558994122578));
#12375=CARTESIAN_POINT('Ctrl Pts',(176.302367894739,-80.7962043637514,4.48057267738744));
#12376=CARTESIAN_POINT('Ctrl Pts',(176.175002443644,-79.870861307506,4.52906785204024));
#12377=CARTESIAN_POINT('Ctrl Pts',(176.108292208855,-79.3861941390444,4.55446818203072));
#12378=CARTESIAN_POINT('Ctrl Pts',(176.844986544793,-82.0240324760005,3.66519567318474));
#12379=CARTESIAN_POINT('Ctrl Pts',(176.669938492652,-81.615274133858,3.68661779015985));
#12380=CARTESIAN_POINT('Ctrl Pts',(176.302367894739,-80.7569523965692,3.73160052632151));
#12381=CARTESIAN_POINT('Ctrl Pts',(176.175002443644,-79.8316093403238,3.78009570097431));
#12382=CARTESIAN_POINT('Ctrl Pts',(176.108292208855,-79.3469421718622,3.80549603096479));
#12383=CARTESIAN_POINT('Origin',(230.368184612935,-71.2032752470287,4.23228752971605));
#12384=CARTESIAN_POINT('Ctrl Pts',(128.775404559319,-60.3833891806672,7.55310768204387));
#12385=CARTESIAN_POINT('Ctrl Pts',(128.775404559319,-60.2106805250655,4.25763021735378));
#12386=CARTESIAN_POINT('Ctrl Pts',(128.713255547114,-59.7084400214935,7.58848026860512));
#12387=CARTESIAN_POINT('Ctrl Pts',(128.713255547114,-59.5357313658918,4.29300280391503));
#12388=CARTESIAN_POINT('Ctrl Pts',(128.590009713521,-58.3699686797242,7.65862657926124));
#12389=CARTESIAN_POINT('Ctrl Pts',(128.590009713521,-58.1972600241225,4.36314911457115));
#12390=CARTESIAN_POINT('Ctrl Pts',(127.681006690132,-57.3797500870604,7.71052173670753));
#12391=CARTESIAN_POINT('Ctrl Pts',(127.681006690132,-57.2070414314587,4.41504427201744));
#12392=CARTESIAN_POINT('Ctrl Pts',(127.230385409539,-56.8888677040409,7.73624779229075));
#12393=CARTESIAN_POINT('Ctrl Pts',(127.230385409539,-56.7161590484392,4.44077032760066));
#12394=CARTESIAN_POINT('',(128.775404559319,-60.2787172681813,5.55584861253473));
#12395=CARTESIAN_POINT('',(127.230385409539,-56.784195791555,5.7389887227816));
#12396=CARTESIAN_POINT('Ctrl Pts',(128.775404559319,-60.2787172681813,5.55584861253473));
#12397=CARTESIAN_POINT('Ctrl Pts',(128.713255547114,-59.6037681090076,5.59122119909598));
#12398=CARTESIAN_POINT('Ctrl Pts',(128.590009713521,-58.2652967672383,5.6613675097521));
#12399=CARTESIAN_POINT('Ctrl Pts',(127.681006690132,-57.2750781745746,5.71326266719838));
#12400=CARTESIAN_POINT('Ctrl Pts',(127.230385409539,-56.784195791555,5.7389887227816));
#12401=CARTESIAN_POINT('',(128.775404559319,-60.2394653009991,4.8068764614688));
#12402=CARTESIAN_POINT('',(128.775404559319,-60.3833891806672,7.55310768204387));
#12403=CARTESIAN_POINT('',(127.230385409539,-56.7449438243728,4.99001657171567));
#12404=CARTESIAN_POINT('Ctrl Pts',(128.775404559319,-60.2394653009991,4.8068764614688));
#12405=CARTESIAN_POINT('Ctrl Pts',(128.713255547114,-59.5645161418254,4.84224904803004));
#12406=CARTESIAN_POINT('Ctrl Pts',(128.590009713521,-58.2260448000561,4.91239535868616));
#12407=CARTESIAN_POINT('Ctrl Pts',(127.681006690132,-57.2358262073923,4.96429051613245));
#12408=CARTESIAN_POINT('Ctrl Pts',(127.230385409539,-56.7449438243728,4.99001657171567));
#12409=CARTESIAN_POINT('',(127.230385409539,-56.8888677040409,7.73624779229075));
#12410=CARTESIAN_POINT('Ctrl Pts',(127.230385409539,-56.8888677040409,7.73624779229075));
#12411=CARTESIAN_POINT('Ctrl Pts',(127.230385409539,-56.7161590484392,4.44077032760066));
#12412=CARTESIAN_POINT('Ctrl Pts',(126.583145784862,-56.4912065870672,7.75708832833856));
#12413=CARTESIAN_POINT('Ctrl Pts',(126.583145784862,-56.3184979314655,4.46161086364846));
#12414=CARTESIAN_POINT('Ctrl Pts',(125.096465255423,-55.5777967503082,7.80495810945838));
#12415=CARTESIAN_POINT('Ctrl Pts',(125.096465255423,-55.4050880947064,4.50948064476829));
#12416=CARTESIAN_POINT('Ctrl Pts',(123.340977392488,-55.5406454044339,7.80690512899303));
#12417=CARTESIAN_POINT('Ctrl Pts',(123.340977392488,-55.3679367488322,4.51142766430294));
#12418=CARTESIAN_POINT('Ctrl Pts',(122.349756823724,-55.5196682282509,7.80800449621241));
#12419=CARTESIAN_POINT('Ctrl Pts',(122.349756823724,-55.3469595726492,4.51252703152232));
#12420=CARTESIAN_POINT('',(122.349756823724,-55.414996315765,5.81074542670326));
#12421=CARTESIAN_POINT('Ctrl Pts',(127.230385409539,-56.784195791555,5.7389887227816));
#12422=CARTESIAN_POINT('Ctrl Pts',(126.583145784862,-56.3865346745813,5.75982925882941));
#12423=CARTESIAN_POINT('Ctrl Pts',(125.096465255423,-55.4731248378223,5.80769903994923));
#12424=CARTESIAN_POINT('Ctrl Pts',(123.340977392488,-55.435973491948,5.80964605948388));
#12425=CARTESIAN_POINT('Ctrl Pts',(122.349756823724,-55.414996315765,5.81074542670326));
#12426=CARTESIAN_POINT('',(122.349756823724,-55.3757443485828,5.06177327563733));
#12427=CARTESIAN_POINT('Ctrl Pts',(127.230385409539,-56.7449438243728,4.99001657171567));
#12428=CARTESIAN_POINT('Ctrl Pts',(126.583145784862,-56.3472827073991,5.01085710776348));
#12429=CARTESIAN_POINT('Ctrl Pts',(125.096465255423,-55.4338728706401,5.05872688888331));
#12430=CARTESIAN_POINT('Ctrl Pts',(123.340977392488,-55.3967215247658,5.06067390841795));
#12431=CARTESIAN_POINT('Ctrl Pts',(122.349756823724,-55.3757443485828,5.06177327563733));
#12432=CARTESIAN_POINT('',(122.349756823724,-55.5196682282509,7.80800449621241));
#12433=CARTESIAN_POINT('Origin',(122.349756823724,-55.5196682282509,7.80800449621241));
#12434=CARTESIAN_POINT('',(112.854531871026,-55.414996315765,5.81074542670327));
#12435=CARTESIAN_POINT('',(171.678628343448,-55.414996315765,5.81074542670326));
#12436=CARTESIAN_POINT('',(112.854531871026,-55.3757443485828,5.06177327563734));
#12437=CARTESIAN_POINT('',(122.349756823724,-55.3757443485828,5.06177327563733));
#12438=CARTESIAN_POINT('',(112.854531871026,-55.5196682282509,7.80800449621241));
#12439=CARTESIAN_POINT('Origin',(112.854531871026,-55.5196682282509,7.80800449621241));
#12440=CARTESIAN_POINT('',(112.854531871026,-65.3263617820045,5.29131277295503));
#12441=CARTESIAN_POINT('',(112.854531871026,-69.6728893137434,5.063520917424));
#12442=CARTESIAN_POINT('',(112.854531871026,-65.2871098148222,4.5423406218891));
#12443=CARTESIAN_POINT('',(112.854531871026,-55.3757443485828,5.06177327563734));
#12444=CARTESIAN_POINT('',(112.854531871026,-65.4310336944903,7.28857184246418));
#12445=CARTESIAN_POINT('Origin',(130.105556117242,-74.0140705292887,6.83875394244785));
#12446=CARTESIAN_POINT('',(130.105556117242,-73.9093986168028,4.84149487293871));
#12447=CARTESIAN_POINT('',(135.323837863152,-82.0632844431826,4.41416782425068));
#12448=CARTESIAN_POINT('',(147.297161725073,-100.772338588999,3.43366784398226));
#12449=CARTESIAN_POINT('',(130.105556117242,-73.8701466496206,4.09252272187278));
#12450=CARTESIAN_POINT('',(130.105556117242,-74.0140705292887,6.83875394244785));
#12451=CARTESIAN_POINT('',(135.323837863152,-82.0240324760004,3.66519567318475));
#12452=CARTESIAN_POINT('',(130.105556117242,-73.8701466496206,4.09252272187278));
#12453=CARTESIAN_POINT('',(135.323837863152,-82.1679563556685,6.41142689375983));
#12454=CARTESIAN_POINT('Origin',(135.323837863152,-82.1679563556686,6.41142689375982));
#12455=CARTESIAN_POINT('',(130.3306590187,-82.0632844431827,4.41416782425067));
#12456=CARTESIAN_POINT('',(180.416691917286,-82.0632844431827,4.41416782425067));
#12457=CARTESIAN_POINT('',(130.3306590187,-82.0240324760005,3.66519567318474));
#12458=CARTESIAN_POINT('',(135.323837863152,-82.0240324760005,3.66519567318474));
#12459=CARTESIAN_POINT('',(130.3306590187,-82.1679563556686,6.41142689375982));
#12460=CARTESIAN_POINT('Origin',(130.3306590187,-82.1679563556685,6.41142689375983));
#12461=CARTESIAN_POINT('',(126.360672579949,-75.8303640149763,4.74082134234087));
#12462=CARTESIAN_POINT('',(140.948762851878,-98.7338190436604,3.54050212637854));
#12463=CARTESIAN_POINT('',(126.360672579949,-75.7911120477941,3.99184919127494));
#12464=CARTESIAN_POINT('',(130.3306590187,-82.0240324760004,3.66519567318475));
#12465=CARTESIAN_POINT('',(126.360672579949,-75.9350359274622,6.73808041185002));
#12466=CARTESIAN_POINT('Ctrl Pts',(126.360672579949,-75.9350359274622,6.73808041185002));
#12467=CARTESIAN_POINT('Ctrl Pts',(126.360672579949,-75.7623272718605,3.44260294715993));
#12468=CARTESIAN_POINT('Ctrl Pts',(125.841872410253,-75.1345841318299,6.78003031288223));
#12469=CARTESIAN_POINT('Ctrl Pts',(125.841872410253,-74.9618754762282,3.48455284819214));
#12470=CARTESIAN_POINT('Ctrl Pts',(124.930391884815,-73.7282695893761,6.85373213502568));
#12471=CARTESIAN_POINT('Ctrl Pts',(124.930391884815,-73.5555609337744,3.55825467033559));
#12472=CARTESIAN_POINT('Ctrl Pts',(123.927705646,-72.3854937279306,6.92410403599891));
#12473=CARTESIAN_POINT('Ctrl Pts',(123.927705646,-72.2127850723289,3.62862657130882));
#12474=CARTESIAN_POINT('Ctrl Pts',(123.495732413476,-71.8070044588362,6.95442137393122));
#12475=CARTESIAN_POINT('Ctrl Pts',(123.495732413476,-71.6342958032345,3.65894390924113));
#12476=CARTESIAN_POINT('',(123.495732413476,-71.7023325463503,4.95716230442207));
#12477=CARTESIAN_POINT('Ctrl Pts',(126.360672579949,-75.8303640149763,4.74082134234087));
#12478=CARTESIAN_POINT('Ctrl Pts',(125.841872410253,-75.029912219344,4.78277124337308));
#12479=CARTESIAN_POINT('Ctrl Pts',(124.930391884815,-73.6235976768902,4.85647306551653));
#12480=CARTESIAN_POINT('Ctrl Pts',(123.927705646,-72.2808218154447,4.92684496648977));
#12481=CARTESIAN_POINT('Ctrl Pts',(123.495732413476,-71.7023325463503,4.95716230442207));
#12482=CARTESIAN_POINT('',(123.495732413476,-71.6630805791681,4.20819015335614));
#12483=CARTESIAN_POINT('Ctrl Pts',(126.360672579949,-75.7911120477941,3.99184919127494));
#12484=CARTESIAN_POINT('Ctrl Pts',(125.841872410253,-74.9906602521618,4.03379909230715));
#12485=CARTESIAN_POINT('Ctrl Pts',(124.930391884815,-73.584345709708,4.1075009144506));
#12486=CARTESIAN_POINT('Ctrl Pts',(123.927705646,-72.2415698482625,4.17787281542383));
#12487=CARTESIAN_POINT('Ctrl Pts',(123.495732413476,-71.6630805791681,4.20819015335614));
#12488=CARTESIAN_POINT('',(123.495732413476,-71.8070044588362,6.95442137393122));
#12489=CARTESIAN_POINT('Ctrl Pts',(123.495732413476,-71.8070044588362,6.95442137393122));
#12490=CARTESIAN_POINT('Ctrl Pts',(123.495732413476,-71.6342958032345,3.65894390924113));
#12491=CARTESIAN_POINT('Ctrl Pts',(123.157086485089,-71.3843499039753,6.97657176055534));
#12492=CARTESIAN_POINT('Ctrl Pts',(123.157086485089,-71.2116412483736,3.68109429586525));
#12493=CARTESIAN_POINT('Ctrl Pts',(122.56040474887,-70.6396480414248,7.01559993139956));
#12494=CARTESIAN_POINT('Ctrl Pts',(122.56040474887,-70.4669393858231,3.72012246670946));
#12495=CARTESIAN_POINT('Ctrl Pts',(121.806200584739,-70.056484735693,7.04616222521232));
#12496=CARTESIAN_POINT('Ctrl Pts',(121.806200584739,-69.8837760800913,3.75068476052222));
#12497=CARTESIAN_POINT('Ctrl Pts',(121.480043994134,-69.8042949910465,7.0593789296872));
#12498=CARTESIAN_POINT('Ctrl Pts',(121.480043994134,-69.6315863354448,3.76390146499711));
#12499=CARTESIAN_POINT('',(121.480043994134,-69.6996230785606,5.06211986017805));
#12500=CARTESIAN_POINT('Ctrl Pts',(123.495732413476,-71.7023325463503,4.95716230442207));
#12501=CARTESIAN_POINT('Ctrl Pts',(123.157086485089,-71.2796779914894,4.97931269104619));
#12502=CARTESIAN_POINT('Ctrl Pts',(122.56040474887,-70.5349761289389,5.01834086189041));
#12503=CARTESIAN_POINT('Ctrl Pts',(121.806200584739,-69.9518128232071,5.04890315570317));
#12504=CARTESIAN_POINT('Ctrl Pts',(121.480043994134,-69.6996230785606,5.06211986017805));
#12505=CARTESIAN_POINT('',(121.480043994134,-69.6603711113784,4.31314770911212));
#12506=CARTESIAN_POINT('Ctrl Pts',(123.495732413476,-71.6630805791681,4.20819015335614));
#12507=CARTESIAN_POINT('Ctrl Pts',(123.157086485089,-71.2404260243072,4.23034053998026));
#12508=CARTESIAN_POINT('Ctrl Pts',(122.56040474887,-70.4957241617567,4.26936871082448));
#12509=CARTESIAN_POINT('Ctrl Pts',(121.806200584739,-69.9125608560249,4.29993100463724));
#12510=CARTESIAN_POINT('Ctrl Pts',(121.480043994134,-69.6603711113784,4.31314770911212));
#12511=CARTESIAN_POINT('',(121.480043994134,-69.8042949910465,7.0593789296872));
#12512=CARTESIAN_POINT('Ctrl Pts',(121.480043994134,-69.8042949910465,7.0593789296872));
#12513=CARTESIAN_POINT('Ctrl Pts',(121.480043994134,-69.6315863354448,3.76390146499711));
#12514=CARTESIAN_POINT('Ctrl Pts',(121.186607395689,-69.629175537618,7.06855655135064));
#12515=CARTESIAN_POINT('Ctrl Pts',(121.186607395689,-69.4564668820163,3.77307908666055));
#12516=CARTESIAN_POINT('Ctrl Pts',(120.615802093708,-69.2885257583233,7.08640924979674));
#12517=CARTESIAN_POINT('Ctrl Pts',(120.615802093708,-69.1158171027216,3.79093178510664));
#12518=CARTESIAN_POINT('Ctrl Pts',(119.978616963123,-69.0992655519812,7.09632795691778));
#12519=CARTESIAN_POINT('Ctrl Pts',(119.978616963123,-68.9265568963795,3.80085049222769));
#12520=CARTESIAN_POINT('Ctrl Pts',(119.66899262542,-69.0072992407329,7.10114770705916));
#12521=CARTESIAN_POINT('Ctrl Pts',(119.66899262542,-68.8345905851312,3.80567024236906));
#12522=CARTESIAN_POINT('',(119.66899262542,-68.902627328247,5.10388863755001));
#12523=CARTESIAN_POINT('Ctrl Pts',(121.480043994134,-69.6996230785606,5.06211986017805));
#12524=CARTESIAN_POINT('Ctrl Pts',(121.186607395689,-69.5245036251322,5.0712974818415));
#12525=CARTESIAN_POINT('Ctrl Pts',(120.615802093708,-69.1838538458374,5.08915018028759));
#12526=CARTESIAN_POINT('Ctrl Pts',(119.978616963123,-68.9945936394953,5.09906888740863));
#12527=CARTESIAN_POINT('Ctrl Pts',(119.66899262542,-68.902627328247,5.10388863755001));
#12528=CARTESIAN_POINT('',(119.66899262542,-68.8633753610648,4.35491648648408));
#12529=CARTESIAN_POINT('Ctrl Pts',(121.480043994134,-69.6603711113784,4.31314770911212));
#12530=CARTESIAN_POINT('Ctrl Pts',(121.186607395689,-69.4852516579499,4.32232533077557));
#12531=CARTESIAN_POINT('Ctrl Pts',(120.615802093708,-69.1446018786552,4.34017802922166));
#12532=CARTESIAN_POINT('Ctrl Pts',(119.978616963123,-68.9553416723131,4.3500967363427));
#12533=CARTESIAN_POINT('Ctrl Pts',(119.66899262542,-68.8633753610648,4.35491648648408));
#12534=CARTESIAN_POINT('',(119.66899262542,-69.0072992407329,7.10114770705916));
#12535=CARTESIAN_POINT('Ctrl Pts',(119.66899262542,-69.0072992407329,7.10114770705916));
#12536=CARTESIAN_POINT('Ctrl Pts',(119.66899262542,-68.8345905851312,3.80567024236906));
#12537=CARTESIAN_POINT('Ctrl Pts',(119.372680387263,-68.9659413345384,7.10331518307861));
#12538=CARTESIAN_POINT('Ctrl Pts',(119.372680387263,-68.7932326789367,3.80783771838851));
#12539=CARTESIAN_POINT('Ctrl Pts',(118.640012817201,-68.8636789480008,7.10867452766123));
#12540=CARTESIAN_POINT('Ctrl Pts',(118.640012817201,-68.6909702923991,3.81319706297113));
#12541=CARTESIAN_POINT('Ctrl Pts',(117.899766630526,-68.8640361597466,7.10865580698689));
#12542=CARTESIAN_POINT('Ctrl Pts',(117.899766630526,-68.6913275041449,3.8131783422968));
#12543=CARTESIAN_POINT('Ctrl Pts',(117.458897696679,-68.8642489045934,7.10864465750192));
#12544=CARTESIAN_POINT('Ctrl Pts',(117.458897696679,-68.6915402489917,3.81316719281183));
#12545=CARTESIAN_POINT('',(117.458897696679,-68.7595769921075,5.11138558799277));
#12546=CARTESIAN_POINT('Ctrl Pts',(119.66899262542,-68.902627328247,5.10388863755001));
#12547=CARTESIAN_POINT('Ctrl Pts',(119.372680387263,-68.8612694220525,5.10605611356946));
#12548=CARTESIAN_POINT('Ctrl Pts',(118.640012817201,-68.7590070355149,5.11141545815208));
#12549=CARTESIAN_POINT('Ctrl Pts',(117.899766630526,-68.7593642472607,5.11139673747774));
#12550=CARTESIAN_POINT('Ctrl Pts',(117.458897696679,-68.7595769921075,5.11138558799277));
#12551=CARTESIAN_POINT('',(117.458897696679,-68.7203250249253,4.36241343692684));
#12552=CARTESIAN_POINT('Ctrl Pts',(119.66899262542,-68.8633753610648,4.35491648648408));
#12553=CARTESIAN_POINT('Ctrl Pts',(119.372680387263,-68.8220174548703,4.35708396250353));
#12554=CARTESIAN_POINT('Ctrl Pts',(118.640012817201,-68.7197550683327,4.36244330708615));
#12555=CARTESIAN_POINT('Ctrl Pts',(117.899766630526,-68.7201122800785,4.36242458641181));
#12556=CARTESIAN_POINT('Ctrl Pts',(117.458897696679,-68.7203250249253,4.36241343692684));
#12557=CARTESIAN_POINT('',(117.458897696679,-68.8642489045934,7.10864465750192));
#12558=CARTESIAN_POINT('Origin',(117.458897696679,-68.8642489045934,7.10864465750192));
#12559=CARTESIAN_POINT('',(112.854531871026,-68.7595769921075,5.11138558799277));
#12560=CARTESIAN_POINT('',(171.678628343448,-68.7595769921075,5.11138558799276));
#12561=CARTESIAN_POINT('',(112.854531871026,-68.7203250249253,4.36241343692684));
#12562=CARTESIAN_POINT('',(117.458897696679,-68.7203250249253,4.36241343692684));
#12563=CARTESIAN_POINT('',(112.854531871026,-68.8642489045934,7.10864465750192));
#12564=CARTESIAN_POINT('Origin',(112.854531871026,-68.8642489045934,7.10864465750192));
#12565=CARTESIAN_POINT('',(112.854531871026,-82.0632844431826,4.41416782425068));
#12566=CARTESIAN_POINT('',(112.854531871026,-78.0413506443325,4.62494844307182));
#12567=CARTESIAN_POINT('',(112.854531871026,-82.0240324760004,3.66519567318475));
#12568=CARTESIAN_POINT('',(112.854531871026,-68.7203250249253,4.36241343692684));
#12569=CARTESIAN_POINT('',(112.854531871026,-82.1679563556685,6.41142689375983));
#12570=CARTESIAN_POINT('Origin',(112.854531871026,-82.1679563556685,6.41142689375983));
#12571=CARTESIAN_POINT('',(108.884544836228,-82.0632844431826,4.41416782425068));
#12572=CARTESIAN_POINT('',(169.69363482605,-82.0632844431826,4.41416782425068));
#12573=CARTESIAN_POINT('',(108.884544836228,-82.0240324760004,3.66519567318475));
#12574=CARTESIAN_POINT('',(112.854531871026,-82.0240324760004,3.66519567318475));
#12575=CARTESIAN_POINT('',(108.884544836228,-82.1679563556685,6.41142689375983));
#12576=CARTESIAN_POINT('Ctrl Pts',(127.977315055077,-63.0706983863519,7.41227177432707));
#12577=CARTESIAN_POINT('Ctrl Pts',(127.977315055077,-62.8979897307502,4.11679430963697));
#12578=CARTESIAN_POINT('Ctrl Pts',(128.210089973478,-62.6505241176944,7.43429217465929));
#12579=CARTESIAN_POINT('Ctrl Pts',(128.210089973478,-62.4778154620926,4.13881470996919));
#12580=CARTESIAN_POINT('Ctrl Pts',(128.673947716676,-61.813229922302,7.47817290404638));
#12581=CARTESIAN_POINT('Ctrl Pts',(128.673947716676,-61.6405212667003,4.18269543935629));
#12582=CARTESIAN_POINT('Ctrl Pts',(128.741667956691,-60.8588422665921,7.52819024165728));
#12583=CARTESIAN_POINT('Ctrl Pts',(128.741667956691,-60.6861336109904,4.23271277696719));
#12584=CARTESIAN_POINT('Ctrl Pts',(128.775404559319,-60.3833891806672,7.55310768204387));
#12585=CARTESIAN_POINT('Ctrl Pts',(128.775404559319,-60.2106805250655,4.25763021735378));
#12586=CARTESIAN_POINT('',(127.977315055077,-62.966026473866,5.41501270481792));
#12587=CARTESIAN_POINT('Ctrl Pts',(127.977315055077,-62.966026473866,5.41501270481792));
#12588=CARTESIAN_POINT('Ctrl Pts',(128.210089973478,-62.5458522052085,5.43703310515014));
#12589=CARTESIAN_POINT('Ctrl Pts',(128.673947716676,-61.7085580098161,5.48091383453723));
#12590=CARTESIAN_POINT('Ctrl Pts',(128.741667956691,-60.7541703541063,5.53093117214813));
#12591=CARTESIAN_POINT('Ctrl Pts',(128.775404559319,-60.2787172681813,5.55584861253473));
#12592=CARTESIAN_POINT('',(127.977315055077,-62.9267745066838,4.66604055375199));
#12593=CARTESIAN_POINT('',(127.977315055077,-63.0706983863519,7.41227177432707));
#12594=CARTESIAN_POINT('Ctrl Pts',(127.977315055077,-62.9267745066838,4.66604055375199));
#12595=CARTESIAN_POINT('Ctrl Pts',(128.210089973478,-62.5066002380263,4.68806095408421));
#12596=CARTESIAN_POINT('Ctrl Pts',(128.673947716676,-61.6693060426339,4.7319416834713));
#12597=CARTESIAN_POINT('Ctrl Pts',(128.741667956691,-60.7149183869241,4.7819590210822));
#12598=CARTESIAN_POINT('Ctrl Pts',(128.775404559319,-60.2394653009991,4.8068764614688));
#12599=CARTESIAN_POINT('Ctrl Pts',(125.644436942284,-64.8690488705604,7.31802421907712));
#12600=CARTESIAN_POINT('Ctrl Pts',(125.644436942284,-64.6963402149587,4.02254675438703));
#12601=CARTESIAN_POINT('Ctrl Pts',(126.121326474175,-64.6597106202832,7.32899517189314));
#12602=CARTESIAN_POINT('Ctrl Pts',(126.121326474175,-64.4870019646815,4.03351770720305));
#12603=CARTESIAN_POINT('Ctrl Pts',(127.048998124037,-64.2524943845987,7.35033647049337));
#12604=CARTESIAN_POINT('Ctrl Pts',(127.048998124037,-64.079785728997,4.05485900580327));
#12605=CARTESIAN_POINT('Ctrl Pts',(127.673736739948,-63.4571694567145,7.39201768377222));
#12606=CARTESIAN_POINT('Ctrl Pts',(127.673736739948,-63.2844608011128,4.09654021908213));
#12607=CARTESIAN_POINT('Ctrl Pts',(127.977315055077,-63.0706983863519,7.41227177432707));
#12608=CARTESIAN_POINT('Ctrl Pts',(127.977315055077,-62.8979897307502,4.11679430963697));
#12609=CARTESIAN_POINT('',(125.644436942284,-64.7643769580745,5.32076514956797));
#12610=CARTESIAN_POINT('Ctrl Pts',(125.644436942284,-64.7643769580745,5.32076514956797));
#12611=CARTESIAN_POINT('Ctrl Pts',(126.121326474175,-64.5550387077974,5.33173610238399));
#12612=CARTESIAN_POINT('Ctrl Pts',(127.048998124037,-64.1478224721128,5.35307740098422));
#12613=CARTESIAN_POINT('Ctrl Pts',(127.673736739948,-63.3524975442286,5.39475861426307));
#12614=CARTESIAN_POINT('Ctrl Pts',(127.977315055077,-62.966026473866,5.41501270481792));
#12615=CARTESIAN_POINT('',(125.644436942284,-64.7251249908923,4.57179299850204));
#12616=CARTESIAN_POINT('',(125.644436942284,-64.8690488705604,7.31802421907712));
#12617=CARTESIAN_POINT('Ctrl Pts',(125.644436942284,-64.7251249908923,4.57179299850204));
#12618=CARTESIAN_POINT('Ctrl Pts',(126.121326474175,-64.5157867406151,4.58276395131806));
#12619=CARTESIAN_POINT('Ctrl Pts',(127.048998124037,-64.1085705049306,4.60410524991829));
#12620=CARTESIAN_POINT('Ctrl Pts',(127.673736739948,-63.3132455770464,4.64578646319714));
#12621=CARTESIAN_POINT('Ctrl Pts',(127.977315055077,-62.9267745066838,4.66604055375199));
#12622=CARTESIAN_POINT('Ctrl Pts',(121.387957202142,-65.4310336944903,7.28857184246418));
#12623=CARTESIAN_POINT('Ctrl Pts',(121.387957202142,-65.2583250388886,3.99309437777408));
#12624=CARTESIAN_POINT('Ctrl Pts',(122.201724897405,-65.422183718837,7.28903565003488));
#12625=CARTESIAN_POINT('Ctrl Pts',(122.201724897405,-65.2494750632353,3.99355818534478));
#12626=CARTESIAN_POINT('Ctrl Pts',(123.645160830431,-65.4064859061335,7.28985833753827));
#12627=CARTESIAN_POINT('Ctrl Pts',(123.645160830431,-65.2337772505317,3.99438087284818));
#12628=CARTESIAN_POINT('Ctrl Pts',(125.037192654278,-65.0322857381845,7.30946933734782));
#12629=CARTESIAN_POINT('Ctrl Pts',(125.037192654278,-64.8595770825828,4.01399187265773));
#12630=CARTESIAN_POINT('Ctrl Pts',(125.644436942284,-64.8690488705604,7.31802421907712));
#12631=CARTESIAN_POINT('Ctrl Pts',(125.644436942284,-64.6963402149587,4.02254675438703));
#12632=CARTESIAN_POINT('',(121.387957202142,-65.3263617820045,5.29131277295503));
#12633=CARTESIAN_POINT('Ctrl Pts',(121.387957202142,-65.3263617820045,5.29131277295503));
#12634=CARTESIAN_POINT('Ctrl Pts',(122.201724897405,-65.3175118063511,5.29177658052573));
#12635=CARTESIAN_POINT('Ctrl Pts',(123.645160830431,-65.3018139936476,5.29259926802913));
#12636=CARTESIAN_POINT('Ctrl Pts',(125.037192654278,-64.9276138256986,5.31221026783867));
#12637=CARTESIAN_POINT('Ctrl Pts',(125.644436942284,-64.7643769580745,5.32076514956797));
#12638=CARTESIAN_POINT('',(121.387957202142,-65.2871098148222,4.5423406218891));
#12639=CARTESIAN_POINT('',(121.387957202142,-65.4310336944903,7.28857184246418));
#12640=CARTESIAN_POINT('Ctrl Pts',(121.387957202142,-65.2871098148222,4.5423406218891));
#12641=CARTESIAN_POINT('Ctrl Pts',(122.201724897405,-65.2782598391689,4.5428044294598));
#12642=CARTESIAN_POINT('Ctrl Pts',(123.645160830431,-65.2625620264654,4.54362711696319));
#12643=CARTESIAN_POINT('Ctrl Pts',(125.037192654278,-64.8883618585164,4.56323811677274));
#12644=CARTESIAN_POINT('Ctrl Pts',(125.644436942284,-64.7251249908923,4.57179299850204));
#12645=CARTESIAN_POINT('Origin',(112.854531871026,-65.4310336944903,7.28857184246418));
#12646=CARTESIAN_POINT('',(175.945341009006,-65.3263617820045,5.29131277295502));
#12647=CARTESIAN_POINT('',(112.854531871026,-65.2871098148222,4.5423406218891));
#12648=CARTESIAN_POINT('Ctrl Pts',(126.810875998681,-70.0290893968022,7.04759795408629));
#12649=CARTESIAN_POINT('Ctrl Pts',(126.810875998681,-69.8563807412005,3.7521204893962));
#12650=CARTESIAN_POINT('Ctrl Pts',(127.39426847434,-70.6111314602186,7.01709442209332));
#12651=CARTESIAN_POINT('Ctrl Pts',(127.39426847434,-70.4384228046169,3.72161695740322));
#12652=CARTESIAN_POINT('Ctrl Pts',(128.619811629499,-71.8338377798861,6.9530150991642));
#12653=CARTESIAN_POINT('Ctrl Pts',(128.619811629499,-71.6611291242844,3.65753763447411));
#12654=CARTESIAN_POINT('Ctrl Pts',(129.594727300086,-73.264462689119,6.87803922468431));
#12655=CARTESIAN_POINT('Ctrl Pts',(129.594727300086,-73.0917540335173,3.58256175999421));
#12656=CARTESIAN_POINT('Ctrl Pts',(130.105556117242,-74.0140705292887,6.83875394244785));
#12657=CARTESIAN_POINT('Ctrl Pts',(130.105556117242,-73.841361873687,3.54327647775776));
#12658=CARTESIAN_POINT('',(126.810875998681,-69.9244174843163,5.05033888457714));
#12659=CARTESIAN_POINT('Ctrl Pts',(126.810875998681,-69.9244174843163,5.05033888457714));
#12660=CARTESIAN_POINT('Ctrl Pts',(127.39426847434,-70.5064595477327,5.01983535258417));
#12661=CARTESIAN_POINT('Ctrl Pts',(128.619811629499,-71.7291658674002,4.95575602965506));
#12662=CARTESIAN_POINT('Ctrl Pts',(129.594727300086,-73.1597907766331,4.88078015517516));
#12663=CARTESIAN_POINT('Ctrl Pts',(130.105556117242,-73.9093986168028,4.84149487293871));
#12664=CARTESIAN_POINT('',(126.810875998681,-69.8851655171341,4.30136673351122));
#12665=CARTESIAN_POINT('',(126.810875998681,-70.0290893968022,7.04759795408629));
#12666=CARTESIAN_POINT('Ctrl Pts',(126.810875998681,-69.8851655171341,4.30136673351122));
#12667=CARTESIAN_POINT('Ctrl Pts',(127.39426847434,-70.4672075805505,4.27086320151824));
#12668=CARTESIAN_POINT('Ctrl Pts',(128.619811629499,-71.689913900218,4.20678387858913));
#12669=CARTESIAN_POINT('Ctrl Pts',(129.594727300086,-73.1205388094509,4.13180800410923));
#12670=CARTESIAN_POINT('Ctrl Pts',(130.105556117242,-73.8701466496206,4.09252272187278));
#12671=CARTESIAN_POINT('Ctrl Pts',(124.416605101769,-68.5372750070471,7.12578063335584));
#12672=CARTESIAN_POINT('Ctrl Pts',(124.416605101769,-68.3645663514454,3.83030316866575));
#12673=CARTESIAN_POINT('Ctrl Pts',(124.889541757176,-68.7706372194239,7.1135506380366));
#12674=CARTESIAN_POINT('Ctrl Pts',(124.889541757176,-68.5979285638222,3.8180731733465));
#12675=CARTESIAN_POINT('Ctrl Pts',(125.737711816943,-69.1891517062082,7.09161722318645));
#12676=CARTESIAN_POINT('Ctrl Pts',(125.737711816943,-69.0164430506064,3.79613975849636));
#12677=CARTESIAN_POINT('Ctrl Pts',(126.4817228933,-69.7714698229383,7.06109922385234));
#12678=CARTESIAN_POINT('Ctrl Pts',(126.4817228933,-69.5987611673365,3.76562175916225));
#12679=CARTESIAN_POINT('Ctrl Pts',(126.810875998681,-70.0290893968022,7.04759795408629));
#12680=CARTESIAN_POINT('Ctrl Pts',(126.810875998681,-69.8563807412005,3.7521204893962));
#12681=CARTESIAN_POINT('',(124.416605101769,-68.4326030945612,5.12852156384669));
#12682=CARTESIAN_POINT('Ctrl Pts',(124.416605101769,-68.4326030945612,5.12852156384669));
#12683=CARTESIAN_POINT('Ctrl Pts',(124.889541757176,-68.665965306938,5.11629156852745));
#12684=CARTESIAN_POINT('Ctrl Pts',(125.737711816943,-69.0844797937223,5.0943581536773));
#12685=CARTESIAN_POINT('Ctrl Pts',(126.4817228933,-69.6667979104524,5.0638401543432));
#12686=CARTESIAN_POINT('Ctrl Pts',(126.810875998681,-69.9244174843163,5.05033888457714));
#12687=CARTESIAN_POINT('',(124.416605101769,-68.393351127379,4.37954941278076));
#12688=CARTESIAN_POINT('',(124.416605101769,-68.5372750070471,7.12578063335584));
#12689=CARTESIAN_POINT('Ctrl Pts',(124.416605101769,-68.393351127379,4.37954941278076));
#12690=CARTESIAN_POINT('Ctrl Pts',(124.889541757176,-68.6267133397558,4.36731941746152));
#12691=CARTESIAN_POINT('Ctrl Pts',(125.737711816943,-69.0452278265401,4.34538600261137));
#12692=CARTESIAN_POINT('Ctrl Pts',(126.4817228933,-69.6275459432701,4.31486800327727));
#12693=CARTESIAN_POINT('Ctrl Pts',(126.810875998681,-69.8851655171341,4.30136673351122));
#12694=CARTESIAN_POINT('Ctrl Pts',(130.801328288262,-65.7580075920365,7.27143586661026));
#12695=CARTESIAN_POINT('Ctrl Pts',(130.801328288262,-65.5852989364348,3.97595840192017));
#12696=CARTESIAN_POINT('Ctrl Pts',(129.958272782773,-66.4273190599276,7.23635873892942));
#12697=CARTESIAN_POINT('Ctrl Pts',(129.958272782773,-66.2546104043259,3.94088127423932));
#12698=CARTESIAN_POINT('Ctrl Pts',(128.085945277865,-67.9137814132633,7.15845654800325));
#12699=CARTESIAN_POINT('Ctrl Pts',(128.085945277865,-67.7410727576615,3.86297908331316));
#12700=CARTESIAN_POINT('Ctrl Pts',(125.718214470659,-68.3161057874696,7.13737162099966));
#12701=CARTESIAN_POINT('Ctrl Pts',(125.718214470659,-68.1433971318678,3.84189415630957));
#12702=CARTESIAN_POINT('Ctrl Pts',(124.416605101769,-68.5372750070471,7.12578063335584));
#12703=CARTESIAN_POINT('Ctrl Pts',(124.416605101769,-68.3645663514454,3.83030316866575));
#12704=CARTESIAN_POINT('',(130.801328288262,-65.6533356795507,5.27417679710111));
#12705=CARTESIAN_POINT('Ctrl Pts',(130.801328288262,-65.6533356795507,5.27417679710111));
#12706=CARTESIAN_POINT('Ctrl Pts',(129.958272782773,-66.3226471474417,5.23909966942027));
#12707=CARTESIAN_POINT('Ctrl Pts',(128.085945277865,-67.8091095007774,5.16119747849411));
#12708=CARTESIAN_POINT('Ctrl Pts',(125.718214470659,-68.2114338749837,5.14011255149052));
#12709=CARTESIAN_POINT('Ctrl Pts',(124.416605101769,-68.4326030945612,5.12852156384669));
#12710=CARTESIAN_POINT('',(130.801328288262,-65.6140837123684,4.52520464603518));
#12711=CARTESIAN_POINT('',(130.801328288262,-65.7580075920365,7.27143586661026));
#12712=CARTESIAN_POINT('Ctrl Pts',(130.801328288262,-65.6140837123684,4.52520464603518));
#12713=CARTESIAN_POINT('Ctrl Pts',(129.958272782773,-66.2833951802595,4.49012751835434));
#12714=CARTESIAN_POINT('Ctrl Pts',(128.085945277865,-67.7698575335951,4.41222532742818));
#12715=CARTESIAN_POINT('Ctrl Pts',(125.718214470659,-68.1721819078014,4.39114040042459));
#12716=CARTESIAN_POINT('Ctrl Pts',(124.416605101769,-68.393351127379,4.37954941278076));
#12717=CARTESIAN_POINT('Ctrl Pts',(132.868176566308,-60.3833891806672,7.55310768204387));
#12718=CARTESIAN_POINT('Ctrl Pts',(132.868176566308,-60.2106805250655,4.25763021735378));
#12719=CARTESIAN_POINT('Ctrl Pts',(132.78780449489,-61.3981764201448,7.49992493637809));
#12720=CARTESIAN_POINT('Ctrl Pts',(132.78780449489,-61.2254677645431,4.20444747168799));
#12721=CARTESIAN_POINT('Ctrl Pts',(132.629635192995,-63.3952406541298,7.39526323478935));
#12722=CARTESIAN_POINT('Ctrl Pts',(132.629635192995,-63.2225319985281,4.09978577009925));
#12723=CARTESIAN_POINT('Ctrl Pts',(131.404113828315,-64.9790126973621,7.31226125911297));
#12724=CARTESIAN_POINT('Ctrl Pts',(131.404113828315,-64.8063040417604,4.01678379442288));
#12725=CARTESIAN_POINT('Ctrl Pts',(130.801328288262,-65.7580075920365,7.27143586661026));
#12726=CARTESIAN_POINT('Ctrl Pts',(130.801328288262,-65.5852989364348,3.97595840192017));
#12727=CARTESIAN_POINT('',(132.868176566308,-60.2787172681813,5.55584861253473));
#12728=CARTESIAN_POINT('Ctrl Pts',(132.868176566308,-60.2787172681813,5.55584861253473));
#12729=CARTESIAN_POINT('Ctrl Pts',(132.78780449489,-61.2935045076589,5.50266586686894));
#12730=CARTESIAN_POINT('Ctrl Pts',(132.629635192995,-63.2905687416439,5.3980041652802));
#12731=CARTESIAN_POINT('Ctrl Pts',(131.404113828315,-64.8743407848763,5.31500218960382));
#12732=CARTESIAN_POINT('Ctrl Pts',(130.801328288262,-65.6533356795507,5.27417679710111));
#12733=CARTESIAN_POINT('',(132.868176566308,-60.2394653009991,4.8068764614688));
#12734=CARTESIAN_POINT('',(132.868176566308,-60.3833891806672,7.55310768204387));
#12735=CARTESIAN_POINT('Ctrl Pts',(132.868176566308,-60.2394653009991,4.8068764614688));
#12736=CARTESIAN_POINT('Ctrl Pts',(132.78780449489,-61.2542525404767,4.75369371580301));
#12737=CARTESIAN_POINT('Ctrl Pts',(132.629635192995,-63.2513167744617,4.64903201421427));
#12738=CARTESIAN_POINT('Ctrl Pts',(131.404113828315,-64.835088817694,4.5660300385379));
#12739=CARTESIAN_POINT('Ctrl Pts',(130.801328288262,-65.6140837123684,4.52520464603518));
#12740=CARTESIAN_POINT('Ctrl Pts',(131.619881259148,-55.8670775479716,7.78979754526361));
#12741=CARTESIAN_POINT('Ctrl Pts',(131.619881259148,-55.6943688923699,4.49432008057352));
#12742=CARTESIAN_POINT('Ctrl Pts',(131.98396009021,-56.5696315812972,7.75297824855068));
#12743=CARTESIAN_POINT('Ctrl Pts',(131.98396009021,-56.3969229256954,4.45750078386059));
#12744=CARTESIAN_POINT('Ctrl Pts',(132.718420991512,-57.9869028547348,7.67870220846817));
#12745=CARTESIAN_POINT('Ctrl Pts',(132.718420991512,-57.8141941991331,4.38322474377807));
#12746=CARTESIAN_POINT('Ctrl Pts',(132.81797325122,-59.580003007641,7.59521136727888));
#12747=CARTESIAN_POINT('Ctrl Pts',(132.81797325122,-59.4072943520392,4.29973390258879));
#12748=CARTESIAN_POINT('Ctrl Pts',(132.868176566308,-60.3833891806672,7.55310768204387));
#12749=CARTESIAN_POINT('Ctrl Pts',(132.868176566308,-60.2106805250655,4.25763021735378));
#12750=CARTESIAN_POINT('',(131.619881259148,-55.7624056354857,5.79253847575447));
#12751=CARTESIAN_POINT('Ctrl Pts',(131.619881259148,-55.7624056354857,5.79253847575447));
#12752=CARTESIAN_POINT('Ctrl Pts',(131.98396009021,-56.4649596688113,5.75571917904153));
#12753=CARTESIAN_POINT('Ctrl Pts',(132.718420991512,-57.8822309422489,5.68144313895902));
#12754=CARTESIAN_POINT('Ctrl Pts',(132.81797325122,-59.4753310951551,5.59795229776973));
#12755=CARTESIAN_POINT('Ctrl Pts',(132.868176566308,-60.2787172681813,5.55584861253473));
#12756=CARTESIAN_POINT('',(131.619881259148,-55.7231536683035,5.04356632468854));
#12757=CARTESIAN_POINT('',(131.619881259148,-55.8670775479716,7.78979754526361));
#12758=CARTESIAN_POINT('Ctrl Pts',(131.619881259148,-55.7231536683035,5.04356632468854));
#12759=CARTESIAN_POINT('Ctrl Pts',(131.98396009021,-56.4257077016291,5.0067470279756));
#12760=CARTESIAN_POINT('Ctrl Pts',(132.718420991512,-57.8429789750667,4.93247098789309));
#12761=CARTESIAN_POINT('Ctrl Pts',(132.81797325122,-59.4360791279729,4.8489801467038));
#12762=CARTESIAN_POINT('Ctrl Pts',(132.868176566308,-60.2394653009991,4.8068764614688));
#12763=CARTESIAN_POINT('Ctrl Pts',(128.284274207299,-53.016282583973,7.93920137851806));
#12764=CARTESIAN_POINT('Ctrl Pts',(128.284274207299,-52.8435739283712,4.64372391382797));
#12765=CARTESIAN_POINT('Ctrl Pts',(128.948781424785,-53.3429925190532,7.9220792363508));
#12766=CARTESIAN_POINT('Ctrl Pts',(128.948781424785,-53.1702838634514,4.62660177166071));
#12767=CARTESIAN_POINT('Ctrl Pts',(130.302916779708,-54.0087632770748,7.8871876694113));
#12768=CARTESIAN_POINT('Ctrl Pts',(130.302916779708,-53.8360546214731,4.59171020472121));
#12769=CARTESIAN_POINT('Ctrl Pts',(131.175497276157,-55.2400256340875,7.82265994356546));
#12770=CARTESIAN_POINT('Ctrl Pts',(131.175497276157,-55.0673169784858,4.52718247887537));
#12771=CARTESIAN_POINT('Ctrl Pts',(131.619881259148,-55.8670775479716,7.78979754526361));
#12772=CARTESIAN_POINT('Ctrl Pts',(131.619881259148,-55.6943688923699,4.49432008057352));
#12773=CARTESIAN_POINT('',(128.284274207299,-52.9116106714871,5.94194230900891));
#12774=CARTESIAN_POINT('Ctrl Pts',(128.284274207299,-52.9116106714871,5.94194230900891));
#12775=CARTESIAN_POINT('Ctrl Pts',(128.948781424785,-53.2383206065673,5.92482016684165));
#12776=CARTESIAN_POINT('Ctrl Pts',(130.302916779708,-53.9040913645889,5.88992859990215));
#12777=CARTESIAN_POINT('Ctrl Pts',(131.175497276157,-55.1353537216016,5.82540087405631));
#12778=CARTESIAN_POINT('Ctrl Pts',(131.619881259148,-55.7624056354857,5.79253847575447));
#12779=CARTESIAN_POINT('',(128.284274207299,-52.8723587043049,5.19297015794298));
#12780=CARTESIAN_POINT('',(128.284274207299,-53.016282583973,7.93920137851806));
#12781=CARTESIAN_POINT('Ctrl Pts',(128.284274207299,-52.8723587043049,5.19297015794298));
#12782=CARTESIAN_POINT('Ctrl Pts',(128.948781424785,-53.1990686393851,5.17584801577572));
#12783=CARTESIAN_POINT('Ctrl Pts',(130.302916779708,-53.8648393974067,5.14095644883622));
#12784=CARTESIAN_POINT('Ctrl Pts',(131.175497276157,-55.0961017544194,5.07642872299038));
#12785=CARTESIAN_POINT('Ctrl Pts',(131.619881259148,-55.7231536683035,5.04356632468854));
#12786=CARTESIAN_POINT('Ctrl Pts',(122.186046706384,-52.209067932113,7.98150570582678));
#12787=CARTESIAN_POINT('Ctrl Pts',(122.186046706384,-52.0363592765113,4.68602824113668));
#12788=CARTESIAN_POINT('Ctrl Pts',(123.371192640605,-52.2181748766544,7.98102843108731));
#12789=CARTESIAN_POINT('Ctrl Pts',(123.371192640605,-52.0454662210527,4.68555096639721));
#12790=CARTESIAN_POINT('Ctrl Pts',(125.440824756064,-52.2340784243548,7.98019496146961));
#12791=CARTESIAN_POINT('Ctrl Pts',(125.440824756064,-52.0613697687531,4.68471749677952));
#12792=CARTESIAN_POINT('Ctrl Pts',(127.432923146146,-52.7820845253299,7.95147517868395));
#12793=CARTESIAN_POINT('Ctrl Pts',(127.432923146146,-52.6093758697281,4.65599771399385));
#12794=CARTESIAN_POINT('Ctrl Pts',(128.284274207299,-53.016282583973,7.93920137851806));
#12795=CARTESIAN_POINT('Ctrl Pts',(128.284274207299,-52.8435739283712,4.64372391382797));
#12796=CARTESIAN_POINT('',(122.186046706384,-52.1043960196271,5.98424663631763));
#12797=CARTESIAN_POINT('Ctrl Pts',(122.186046706384,-52.1043960196271,5.98424663631763));
#12798=CARTESIAN_POINT('Ctrl Pts',(123.371192640605,-52.1135029641685,5.98376936157816));
#12799=CARTESIAN_POINT('Ctrl Pts',(125.440824756064,-52.1294065118689,5.98293589196046));
#12800=CARTESIAN_POINT('Ctrl Pts',(127.432923146146,-52.677412612844,5.9542161091748));
#12801=CARTESIAN_POINT('Ctrl Pts',(128.284274207299,-52.9116106714871,5.94194230900891));
#12802=CARTESIAN_POINT('',(122.186046706384,-52.0651440524449,5.2352744852517));
#12803=CARTESIAN_POINT('',(122.186046706384,-52.209067932113,7.98150570582678));
#12804=CARTESIAN_POINT('Ctrl Pts',(122.186046706384,-52.0651440524449,5.2352744852517));
#12805=CARTESIAN_POINT('Ctrl Pts',(123.371192640605,-52.0742509969863,5.23479721051223));
#12806=CARTESIAN_POINT('Ctrl Pts',(125.440824756064,-52.0901545446867,5.23396374089453));
#12807=CARTESIAN_POINT('Ctrl Pts',(127.432923146146,-52.6381606456618,5.20524395810887));
#12808=CARTESIAN_POINT('Ctrl Pts',(128.284274207299,-52.8723587043049,5.19297015794298));
#12809=CARTESIAN_POINT('Origin',(108.884544836228,-52.209067932113,7.98150570582678));
#12810=CARTESIAN_POINT('',(108.884544836228,-52.1043960196271,5.98424663631763));
#12811=CARTESIAN_POINT('',(176.344385761127,-52.1043960196271,5.98424663631762));
#12812=CARTESIAN_POINT('',(108.884544836228,-52.0651440524449,5.2352744852517));
#12813=CARTESIAN_POINT('',(108.884544836228,-52.209067932113,7.98150570582678));
#12814=CARTESIAN_POINT('',(108.884544836228,-52.0651440524449,5.2352744852517));
#12815=CARTESIAN_POINT('Origin',(108.884544836228,-82.1679563556685,6.41142689375983));
#12816=CARTESIAN_POINT('',(108.884544836228,-63.0619064325547,5.40998784910529));
#12817=CARTESIAN_POINT('',(108.884544836228,-82.0240324760004,3.66519567318475));
#12818=CARTESIAN_POINT('Origin',(230.368184612935,-71.2032752470287,4.23228752971605));
#12819=CARTESIAN_POINT('Origin',(230.502724815871,-74.0194168454824,4.83572906189294));
#12820=CARTESIAN_POINT('',(411.002724815871,-139.429651371907,1.40772392798011));
#12821=CARTESIAN_POINT('',(50.0027248158709,-139.429651371907,1.40772392798016));
#12822=CARTESIAN_POINT('',(320.752724815871,-139.429651371907,1.40772392798012));
#12823=CARTESIAN_POINT('',(411.002724815871,-8.60918231905784,8.26373419580572));
#12824=CARTESIAN_POINT('',(411.002724815871,-41.3142995822701,6.54973162884932));
#12825=CARTESIAN_POINT('',(50.0027248158709,-8.6091823190578,8.26373419580577));
#12826=CARTESIAN_POINT('',(140.252724815871,-8.60918231905779,8.26373419580576));
#12827=CARTESIAN_POINT('',(50.0027248158709,-106.724534108695,3.12172649493656));
#12828=CARTESIAN_POINT('Origin',(230.502724815871,-74.0194168454824,4.83572906189294));
#12829=CARTESIAN_POINT('Origin',(230.502724815871,-74.0194168454824,4.83572906189294));
#12830=CARTESIAN_POINT('Origin',(230.502724815871,-74.0194168454824,4.83572906189294));
#12831=CARTESIAN_POINT('Origin',(230.502724815871,-74.0194168454824,4.83572906189294));
#12832=CARTESIAN_POINT('Origin',(230.502724815871,-74.0194168454824,4.83572906189294));
#12833=CARTESIAN_POINT('Origin',(230.502724815871,-74.0194168454824,4.83572906189294));
#12834=CARTESIAN_POINT('Origin',(230.502724815871,-74.0194168454824,4.83572906189294));
#12835=CARTESIAN_POINT('Origin',(230.502724815871,-74.0194168454824,4.83572906189294));
#12836=CARTESIAN_POINT('Origin',(230.502724815871,-74.0194168454824,4.83572906189294));
#12837=CARTESIAN_POINT('Origin',(230.502724815871,-74.0194168454824,4.83572906189294));
#12838=CARTESIAN_POINT('Origin',(50.0027248158709,-8.45217445032895,5.26784559154205));
#12839=CARTESIAN_POINT('',(411.002724815871,-8.45217445032899,5.26784559154201));
#12840=CARTESIAN_POINT('',(50.0027248158709,-8.45217445032897,5.26784559154205));
#12841=CARTESIAN_POINT('Origin',(411.002724815871,-8.45217445032899,5.26784559154201));
#12842=CARTESIAN_POINT('',(411.002724815871,-139.272643503178,-1.58816467628361));
#12843=CARTESIAN_POINT('Origin',(47.0027248158709,-142.268532107442,-1.74517254501239));
#12844=CARTESIAN_POINT('',(44.0027248158709,-142.430773571795,1.35057901272679));
#12845=CARTESIAN_POINT('',(44.0027248158709,-142.268532107442,-1.74517254501239));
#12846=CARTESIAN_POINT('Origin',(47.0027248158709,-142.430773571795,1.35057901272679));
#12847=CARTESIAN_POINT('Origin',(47.0027248158709,-5.45628584606523,5.42485346027088));
#12848=CARTESIAN_POINT('',(44.0027248158709,-5.61852731041836,8.52060501801006));
#12849=CARTESIAN_POINT('',(44.0027248158709,-5.45628584606523,5.42485346027088));
#12850=CARTESIAN_POINT('Origin',(47.0027248158709,-5.61852731041836,8.52060501801006));
#12851=CARTESIAN_POINT('Origin',(414.002724815871,-142.268532107442,-1.74517254501244));
#12852=CARTESIAN_POINT('',(411.002724815871,-142.430773571795,1.35057901272674));
#12853=CARTESIAN_POINT('',(411.002724815871,-142.268532107442,-1.74517254501244));
#12854=CARTESIAN_POINT('Origin',(414.002724815871,-142.430773571795,1.35057901272674));
#12855=CARTESIAN_POINT('Origin',(50.0027248158709,-139.272643503178,-1.58816467628356));
#12856=CARTESIAN_POINT('',(50.0027248158709,-139.272643503178,-1.58816467628356));
#12857=CARTESIAN_POINT('Origin',(411.002724815871,-139.272643503178,-1.58816467628361));
#12858=CARTESIAN_POINT('Origin',(414.002724815871,-142.430773571795,1.35057901272674));
#12859=CARTESIAN_POINT('',(412.302724815871,-142.430773571795,1.35057901272674));
#12860=CARTESIAN_POINT('Origin',(414.002724815871,-142.430773571795,1.35057901272674));
#12861=CARTESIAN_POINT('',(412.302724815871,-142.430773571795,1.35057901272674));
#12862=CARTESIAN_POINT('Origin',(414.002724815871,-142.430773571795,1.35057901272674));
#12863=CARTESIAN_POINT('Origin',(47.0027248158709,-5.61852731041836,8.52060501801006));
#12864=CARTESIAN_POINT('',(45.3027248158709,-5.61852731041836,8.52060501801006));
#12865=CARTESIAN_POINT('Origin',(47.0027248158709,-5.61852731041836,8.52060501801006));
#12866=CARTESIAN_POINT('',(45.3027248158709,-5.61852731041836,8.52060501801006));
#12867=CARTESIAN_POINT('Origin',(47.0027248158709,-5.61852731041836,8.52060501801006));
#12868=CARTESIAN_POINT('Origin',(230.502724815871,-4.61989777566381,8.57294097425298));
#12869=CARTESIAN_POINT('',(228.802724815871,-4.6198977756638,8.57294097425298));
#12870=CARTESIAN_POINT('Origin',(230.502724815871,-4.61989777566381,8.57294097425298));
#12871=CARTESIAN_POINT('',(228.802724815871,-4.61989777566381,8.57294097425298));
#12872=CARTESIAN_POINT('Origin',(230.502724815871,-4.61989777566381,8.57294097425298));
#12873=CARTESIAN_POINT('Origin',(47.0027248158709,-142.430773571795,1.35057901272679));
#12874=CARTESIAN_POINT('',(45.3027248158709,-142.430773571795,1.35057901272679));
#12875=CARTESIAN_POINT('Origin',(47.0027248158709,-142.430773571795,1.35057901272679));
#12876=CARTESIAN_POINT('',(45.3027248158709,-142.430773571795,1.35057901272679));
#12877=CARTESIAN_POINT('Origin',(47.0027248158709,-142.430773571795,1.35057901272679));
#12878=CARTESIAN_POINT('Origin',(230.5,-143.42940310655,1.29824305648382));
#12879=CARTESIAN_POINT('',(228.8,-143.42940310655,1.29824305648382));
#12880=CARTESIAN_POINT('Origin',(230.5,-143.42940310655,1.29824305648382));
#12881=CARTESIAN_POINT('',(228.8,-143.42940310655,1.29824305648382));
#12882=CARTESIAN_POINT('Origin',(230.5,-143.42940310655,1.29824305648382));
#12883=CARTESIAN_POINT('Origin',(414.002724815871,-5.6185273104184,8.52060501801002));
#12884=CARTESIAN_POINT('',(412.302724815871,-5.6185273104184,8.52060501801002));
#12885=CARTESIAN_POINT('Origin',(414.002724815871,-5.6185273104184,8.52060501801002));
#12886=CARTESIAN_POINT('',(412.302724815871,-5.6185273104184,8.52060501801002));
#12887=CARTESIAN_POINT('Origin',(414.002724815871,-5.6185273104184,8.52060501801002));
#12888=UNCERTAINTY_MEASURE_WITH_UNIT(LENGTH_MEASURE(0.01),#12892,
'DISTANCE_ACCURACY_VALUE',
'Maximum model space distance between geometric entities at asserted c
onnectivities');
#12889=UNCERTAINTY_MEASURE_WITH_UNIT(LENGTH_MEASURE(0.01),#12892,
'DISTANCE_ACCURACY_VALUE',
'Maximum model space distance between geometric entities at asserted c
onnectivities');
#12890=(
GEOMETRIC_REPRESENTATION_CONTEXT(3)
GLOBAL_UNCERTAINTY_ASSIGNED_CONTEXT((#12888))
GLOBAL_UNIT_ASSIGNED_CONTEXT((#12892,#12894,#12895))
REPRESENTATION_CONTEXT('','3D')
);
#12891=(
GEOMETRIC_REPRESENTATION_CONTEXT(3)
GLOBAL_UNCERTAINTY_ASSIGNED_CONTEXT((#12889))
GLOBAL_UNIT_ASSIGNED_CONTEXT((#12892,#12894,#12895))
REPRESENTATION_CONTEXT('','3D')
);
#12892=(
LENGTH_UNIT()
NAMED_UNIT(*)
SI_UNIT(.MILLI.,.METRE.)
);
#12893=(
LENGTH_UNIT()
NAMED_UNIT(*)
SI_UNIT($,.METRE.)
);
#12894=(
NAMED_UNIT(*)
PLANE_ANGLE_UNIT()
SI_UNIT($,.RADIAN.)
);
#12895=(
NAMED_UNIT(*)
SI_UNIT($,.STERADIAN.)
SOLID_ANGLE_UNIT()
);
#12896=SHAPE_DEFINITION_REPRESENTATION(#12897,#12898);
#12897=PRODUCT_DEFINITION_SHAPE('',$,#12900);
#12898=SHAPE_REPRESENTATION('',(#6342),#12890);
#12899=PRODUCT_DEFINITION_CONTEXT('part definition',#12904,'design');
#12900=PRODUCT_DEFINITION('Keyboard-Bottom','Keyboard-Bottom',#12901,#12899);
#12901=PRODUCT_DEFINITION_FORMATION('',$,#12906);
#12902=PRODUCT_RELATED_PRODUCT_CATEGORY('Keyboard-Bottom',
'Keyboard-Bottom',(#12906));
#12903=APPLICATION_PROTOCOL_DEFINITION('international standard',
'automotive_design',2009,#12904);
#12904=APPLICATION_CONTEXT(
'Core Data for Automotive Mechanical Design Process');
#12905=PRODUCT_CONTEXT('part definition',#12904,'mechanical');
#12906=PRODUCT('Keyboard-Bottom','Keyboard-Bottom',$,(#12905));
#12907=PRESENTATION_STYLE_ASSIGNMENT((#12909));
#12908=PRESENTATION_STYLE_ASSIGNMENT((#12910));
#12909=SURFACE_STYLE_USAGE(.BOTH.,#12911);
#12910=SURFACE_STYLE_USAGE(.BOTH.,#12912);
#12911=SURFACE_SIDE_STYLE('',(#12913));
#12912=SURFACE_SIDE_STYLE('',(#12914));
#12913=SURFACE_STYLE_FILL_AREA(#12915);
#12914=SURFACE_STYLE_FILL_AREA(#12916);
#12915=FILL_AREA_STYLE('Steel - Satin',(#12917));
#12916=FILL_AREA_STYLE('Aluminum nitride (AlN)',(#12918));
#12917=FILL_AREA_STYLE_COLOUR('Steel - Satin',#12919);
#12918=FILL_AREA_STYLE_COLOUR('Aluminum nitride (AlN)',#12920);
#12919=COLOUR_RGB('Steel - Satin',0.627450980392157,0.627450980392157,0.627450980392157);
#12920=COLOUR_RGB('Aluminum nitride (AlN)',0.850980392156863,0.827450980392157,
0.788235294117647);
ENDSEC;
END-ISO-10303-21;
