ISO-10303-21;
HEADER;
/* Generated by software containing ST-Developer
 * from STEP Tools, Inc. (www.steptools.com) 
 */

FILE_DESCRIPTION(
/* description */ (''),
/* implementation_level */ '2;1');

FILE_NAME(
/* name */ 'ReaperBoard-Top.step',
/* time_stamp */ '2025-10-11T18:56:46+05:30',
/* author */ (''),
/* organization */ (''),
/* preprocessor_version */ 'ST-DEVELOPER v20.1',
/* originating_system */ 'Autodesk Translation Framework v14.10.0.0',
/* authorisation */ '');

FILE_SCHEMA (('AUTOMOTIVE_DESIGN { 1 0 10303 214 3 1 1 }'));
ENDSEC;

DATA;
#10=MECHANICAL_DESIGN_GEOMETRIC_PRESENTATION_REPRESENTATION('',(#13),#3348);
#11=SHAPE_REPRESENTATION_RELATIONSHIP('SRR','None',#3355,#12);
#12=ADVANCED_BREP_SHAPE_REPRESENTATION('',(#14),#3347);
#13=STYLED_ITEM('',(#3365),#14);
#14=MANIFOLD_SOLID_BREP('Body1',#1974);
#15=FACE_BOUND('',#680,.T.);
#16=FACE_BOUND('',#681,.T.);
#17=FACE_BOUND('',#682,.T.);
#18=FACE_BOUND('',#683,.T.);
#19=FACE_BOUND('',#684,.T.);
#20=FACE_BOUND('',#685,.T.);
#21=FACE_BOUND('',#686,.T.);
#22=FACE_BOUND('',#687,.T.);
#23=FACE_BOUND('',#688,.T.);
#24=FACE_BOUND('',#689,.T.);
#25=FACE_BOUND('',#690,.T.);
#26=FACE_BOUND('',#691,.T.);
#27=FACE_BOUND('',#692,.T.);
#28=FACE_BOUND('',#693,.T.);
#29=FACE_BOUND('',#694,.T.);
#30=FACE_BOUND('',#695,.T.);
#31=FACE_BOUND('',#696,.T.);
#32=FACE_BOUND('',#697,.T.);
#33=FACE_BOUND('',#698,.T.);
#34=FACE_BOUND('',#699,.T.);
#35=FACE_BOUND('',#700,.T.);
#36=FACE_BOUND('',#701,.T.);
#37=FACE_BOUND('',#704,.T.);
#38=FACE_BOUND('',#705,.T.);
#39=FACE_BOUND('',#706,.T.);
#40=FACE_BOUND('',#707,.T.);
#41=FACE_BOUND('',#708,.T.);
#42=FACE_BOUND('',#709,.T.);
#43=FACE_BOUND('',#710,.T.);
#44=FACE_BOUND('',#711,.T.);
#45=FACE_BOUND('',#712,.T.);
#46=FACE_BOUND('',#713,.T.);
#47=FACE_BOUND('',#714,.T.);
#48=FACE_BOUND('',#715,.T.);
#49=FACE_BOUND('',#716,.T.);
#50=FACE_BOUND('',#717,.T.);
#51=FACE_BOUND('',#718,.T.);
#52=FACE_BOUND('',#719,.T.);
#53=FACE_BOUND('',#720,.T.);
#54=FACE_BOUND('',#721,.T.);
#55=FACE_BOUND('',#722,.T.);
#56=FACE_BOUND('',#723,.T.);
#57=FACE_BOUND('',#724,.T.);
#58=FACE_BOUND('',#725,.T.);
#59=FACE_BOUND('',#726,.T.);
#60=FACE_BOUND('',#727,.T.);
#61=PLANE('',#2004);
#62=PLANE('',#2032);
#63=PLANE('',#2055);
#64=PLANE('',#2056);
#65=PLANE('',#2057);
#66=PLANE('',#2058);
#67=PLANE('',#2060);
#68=PLANE('',#2061);
#69=PLANE('',#2062);
#70=PLANE('',#2063);
#71=PLANE('',#2064);
#72=PLANE('',#2066);
#73=PLANE('',#2068);
#74=PLANE('',#2070);
#75=PLANE('',#2072);
#76=PLANE('',#2073);
#77=PLANE('',#2074);
#78=PLANE('',#2075);
#79=PLANE('',#2076);
#80=PLANE('',#2077);
#81=PLANE('',#2078);
#82=PLANE('',#2079);
#83=PLANE('',#2081);
#84=PLANE('',#2083);
#85=PLANE('',#2085);
#86=PLANE('',#2086);
#87=PLANE('',#2087);
#88=PLANE('',#2088);
#89=PLANE('',#2089);
#90=PLANE('',#2091);
#91=PLANE('',#2093);
#92=PLANE('',#2094);
#93=PLANE('',#2095);
#94=PLANE('',#2096);
#95=PLANE('',#2097);
#96=PLANE('',#2098);
#97=PLANE('',#2099);
#98=PLANE('',#2100);
#99=PLANE('',#2101);
#100=PLANE('',#2102);
#101=PLANE('',#2103);
#102=PLANE('',#2104);
#103=PLANE('',#2105);
#104=PLANE('',#2106);
#105=PLANE('',#2107);
#106=PLANE('',#2108);
#107=PLANE('',#2109);
#108=PLANE('',#2110);
#109=PLANE('',#2111);
#110=PLANE('',#2113);
#111=PLANE('',#2118);
#112=PLANE('',#2120);
#113=PLANE('',#2124);
#114=PLANE('',#2126);
#115=PLANE('',#2127);
#116=PLANE('',#2128);
#117=PLANE('',#2129);
#118=PLANE('',#2130);
#119=PLANE('',#2133);
#120=PLANE('',#2134);
#121=PLANE('',#2135);
#122=PLANE('',#2136);
#123=LINE('',#2813,#336);
#124=LINE('',#2814,#337);
#125=LINE('',#2815,#338);
#126=LINE('',#2817,#339);
#127=LINE('',#2818,#340);
#128=LINE('',#2837,#341);
#129=LINE('',#2838,#342);
#130=LINE('',#2839,#343);
#131=LINE('',#2841,#344);
#132=LINE('',#2842,#345);
#133=LINE('',#2852,#346);
#134=LINE('',#2854,#347);
#135=LINE('',#2856,#348);
#136=LINE('',#2857,#349);
#137=LINE('',#2862,#350);
#138=LINE('',#2864,#351);
#139=LINE('',#2866,#352);
#140=LINE('',#2867,#353);
#141=LINE('',#2872,#354);
#142=LINE('',#2875,#355);
#143=LINE('',#2880,#356);
#144=LINE('',#2883,#357);
#145=LINE('',#2886,#358);
#146=LINE('',#2888,#359);
#147=LINE('',#2890,#360);
#148=LINE('',#2892,#361);
#149=LINE('',#2894,#362);
#150=LINE('',#2896,#363);
#151=LINE('',#2898,#364);
#152=LINE('',#2899,#365);
#153=LINE('',#2904,#366);
#154=LINE('',#2907,#367);
#155=LINE('',#2910,#368);
#156=LINE('',#2912,#369);
#157=LINE('',#2914,#370);
#158=LINE('',#2915,#371);
#159=LINE('',#2920,#372);
#160=LINE('',#2923,#373);
#161=LINE('',#2926,#374);
#162=LINE('',#2928,#375);
#163=LINE('',#2930,#376);
#164=LINE('',#2931,#377);
#165=LINE('',#2934,#378);
#166=LINE('',#2936,#379);
#167=LINE('',#2938,#380);
#168=LINE('',#2940,#381);
#169=LINE('',#2942,#382);
#170=LINE('',#2944,#383);
#171=LINE('',#2946,#384);
#172=LINE('',#2948,#385);
#173=LINE('',#2950,#386);
#174=LINE('',#2951,#387);
#175=LINE('',#2954,#388);
#176=LINE('',#2956,#389);
#177=LINE('',#2958,#390);
#178=LINE('',#2959,#391);
#179=LINE('',#2964,#392);
#180=LINE('',#2967,#393);
#181=LINE('',#2974,#394);
#182=LINE('',#2978,#395);
#183=LINE('',#2984,#396);
#184=LINE('',#2988,#397);
#185=LINE('',#2994,#398);
#186=LINE('',#2996,#399);
#187=LINE('',#2998,#400);
#188=LINE('',#2999,#401);
#189=LINE('',#3006,#402);
#190=LINE('',#3008,#403);
#191=LINE('',#3010,#404);
#192=LINE('',#3011,#405);
#193=LINE('',#3015,#406);
#194=LINE('',#3019,#407);
#195=LINE('',#3021,#408);
#196=LINE('',#3023,#409);
#197=LINE('',#3024,#410);
#198=LINE('',#3031,#411);
#199=LINE('',#3033,#412);
#200=LINE('',#3035,#413);
#201=LINE('',#3036,#414);
#202=LINE('',#3039,#415);
#203=LINE('',#3045,#416);
#204=LINE('',#3051,#417);
#205=LINE('',#3055,#418);
#206=LINE('',#3065,#419);
#207=LINE('',#3068,#420);
#208=LINE('',#3071,#421);
#209=LINE('',#3073,#422);
#210=LINE('',#3075,#423);
#211=LINE('',#3076,#424);
#212=LINE('',#3079,#425);
#213=LINE('',#3081,#426);
#214=LINE('',#3083,#427);
#215=LINE('',#3085,#428);
#216=LINE('',#3087,#429);
#217=LINE('',#3089,#430);
#218=LINE('',#3091,#431);
#219=LINE('',#3093,#432);
#220=LINE('',#3095,#433);
#221=LINE('',#3096,#434);
#222=LINE('',#3099,#435);
#223=LINE('',#3101,#436);
#224=LINE('',#3103,#437);
#225=LINE('',#3104,#438);
#226=LINE('',#3109,#439);
#227=LINE('',#3112,#440);
#228=LINE('',#3115,#441);
#229=LINE('',#3117,#442);
#230=LINE('',#3119,#443);
#231=LINE('',#3120,#444);
#232=LINE('',#3125,#445);
#233=LINE('',#3128,#446);
#234=LINE('',#3133,#447);
#235=LINE('',#3135,#448);
#236=LINE('',#3137,#449);
#237=LINE('',#3139,#450);
#238=LINE('',#3141,#451);
#239=LINE('',#3143,#452);
#240=LINE('',#3145,#453);
#241=LINE('',#3146,#454);
#242=LINE('',#3151,#455);
#243=LINE('',#3154,#456);
#244=LINE('',#3159,#457);
#245=LINE('',#3162,#458);
#246=LINE('',#3165,#459);
#247=LINE('',#3167,#460);
#248=LINE('',#3169,#461);
#249=LINE('',#3170,#462);
#250=LINE('',#3175,#463);
#251=LINE('',#3177,#464);
#252=LINE('',#3179,#465);
#253=LINE('',#3180,#466);
#254=LINE('',#3182,#467);
#255=LINE('',#3183,#468);
#256=LINE('',#3185,#469);
#257=LINE('',#3187,#470);
#258=LINE('',#3190,#471);
#259=LINE('',#3192,#472);
#260=LINE('',#3193,#473);
#261=LINE('',#3195,#474);
#262=LINE('',#3197,#475);
#263=LINE('',#3200,#476);
#264=LINE('',#3201,#477);
#265=LINE('',#3203,#478);
#266=LINE('',#3205,#479);
#267=LINE('',#3208,#480);
#268=LINE('',#3209,#481);
#269=LINE('',#3211,#482);
#270=LINE('',#3213,#483);
#271=LINE('',#3216,#484);
#272=LINE('',#3217,#485);
#273=LINE('',#3219,#486);
#274=LINE('',#3221,#487);
#275=LINE('',#3223,#488);
#276=LINE('',#3225,#489);
#277=LINE('',#3227,#490);
#278=LINE('',#3229,#491);
#279=LINE('',#3232,#492);
#280=LINE('',#3234,#493);
#281=LINE('',#3235,#494);
#282=LINE('',#3237,#495);
#283=LINE('',#3239,#496);
#284=LINE('',#3242,#497);
#285=LINE('',#3243,#498);
#286=LINE('',#3245,#499);
#287=LINE('',#3247,#500);
#288=LINE('',#3250,#501);
#289=LINE('',#3251,#502);
#290=LINE('',#3253,#503);
#291=LINE('',#3255,#504);
#292=LINE('',#3258,#505);
#293=LINE('',#3259,#506);
#294=LINE('',#3261,#507);
#295=LINE('',#3263,#508);
#296=LINE('',#3266,#509);
#297=LINE('',#3267,#510);
#298=LINE('',#3269,#511);
#299=LINE('',#3271,#512);
#300=LINE('',#3273,#513);
#301=LINE('',#3275,#514);
#302=LINE('',#3277,#515);
#303=LINE('',#3279,#516);
#304=LINE('',#3281,#517);
#305=LINE('',#3283,#518);
#306=LINE('',#3286,#519);
#307=LINE('',#3287,#520);
#308=LINE('',#3289,#521);
#309=LINE('',#3291,#522);
#310=LINE('',#3294,#523);
#311=LINE('',#3295,#524);
#312=LINE('',#3297,#525);
#313=LINE('',#3299,#526);
#314=LINE('',#3302,#527);
#315=LINE('',#3304,#528);
#316=LINE('',#3306,#529);
#317=LINE('',#3307,#530);
#318=LINE('',#3309,#531);
#319=LINE('',#3311,#532);
#320=LINE('',#3314,#533);
#321=LINE('',#3316,#534);
#322=LINE('',#3317,#535);
#323=LINE('',#3319,#536);
#324=LINE('',#3321,#537);
#325=LINE('',#3323,#538);
#326=LINE('',#3326,#539);
#327=LINE('',#3327,#540);
#328=LINE('',#3329,#541);
#329=LINE('',#3331,#542);
#330=LINE('',#3334,#543);
#331=LINE('',#3336,#544);
#332=LINE('',#3338,#545);
#333=LINE('',#3339,#546);
#334=LINE('',#3341,#547);
#335=LINE('',#3343,#548);
#336=VECTOR('',#2165,10.);
#337=VECTOR('',#2166,10.);
#338=VECTOR('',#2167,10.);
#339=VECTOR('',#2170,10.);
#340=VECTOR('',#2171,10.);
#341=VECTOR('',#2174,10.);
#342=VECTOR('',#2175,10.);
#343=VECTOR('',#2176,10.);
#344=VECTOR('',#2179,10.);
#345=VECTOR('',#2180,10.);
#346=VECTOR('',#2191,10.);
#347=VECTOR('',#2192,10.);
#348=VECTOR('',#2193,10.);
#349=VECTOR('',#2194,10.);
#350=VECTOR('',#2197,10.);
#351=VECTOR('',#2198,10.);
#352=VECTOR('',#2199,10.);
#353=VECTOR('',#2200,10.);
#354=VECTOR('',#2203,10.);
#355=VECTOR('',#2206,10.);
#356=VECTOR('',#2209,10.);
#357=VECTOR('',#2212,10.);
#358=VECTOR('',#2213,10.);
#359=VECTOR('',#2214,10.);
#360=VECTOR('',#2215,10.);
#361=VECTOR('',#2216,10.);
#362=VECTOR('',#2217,10.);
#363=VECTOR('',#2218,10.);
#364=VECTOR('',#2219,10.);
#365=VECTOR('',#2220,10.);
#366=VECTOR('',#2223,10.);
#367=VECTOR('',#2226,10.);
#368=VECTOR('',#2227,10.);
#369=VECTOR('',#2228,10.);
#370=VECTOR('',#2229,10.);
#371=VECTOR('',#2230,10.);
#372=VECTOR('',#2233,10.);
#373=VECTOR('',#2236,10.);
#374=VECTOR('',#2237,10.);
#375=VECTOR('',#2238,10.);
#376=VECTOR('',#2239,10.);
#377=VECTOR('',#2240,10.);
#378=VECTOR('',#2241,10.);
#379=VECTOR('',#2242,10.);
#380=VECTOR('',#2243,10.);
#381=VECTOR('',#2244,10.);
#382=VECTOR('',#2245,10.);
#383=VECTOR('',#2246,10.);
#384=VECTOR('',#2247,10.);
#385=VECTOR('',#2248,10.);
#386=VECTOR('',#2249,10.);
#387=VECTOR('',#2250,10.);
#388=VECTOR('',#2251,10.);
#389=VECTOR('',#2252,10.);
#390=VECTOR('',#2253,10.);
#391=VECTOR('',#2254,10.);
#392=VECTOR('',#2257,10.);
#393=VECTOR('',#2260,10.);
#394=VECTOR('',#2265,10.);
#395=VECTOR('',#2268,10.);
#396=VECTOR('',#2273,10.);
#397=VECTOR('',#2276,10.);
#398=VECTOR('',#2281,10.);
#399=VECTOR('',#2282,10.);
#400=VECTOR('',#2283,10.);
#401=VECTOR('',#2284,10.);
#402=VECTOR('',#2289,10.);
#403=VECTOR('',#2290,10.);
#404=VECTOR('',#2291,10.);
#405=VECTOR('',#2292,10.);
#406=VECTOR('',#2297,1.70000000000002);
#407=VECTOR('',#2300,10.);
#408=VECTOR('',#2301,10.);
#409=VECTOR('',#2302,10.);
#410=VECTOR('',#2303,10.);
#411=VECTOR('',#2308,10.);
#412=VECTOR('',#2309,10.);
#413=VECTOR('',#2310,10.);
#414=VECTOR('',#2311,10.);
#415=VECTOR('',#2312,10.);
#416=VECTOR('',#2317,10.);
#417=VECTOR('',#2322,10.);
#418=VECTOR('',#2325,10.);
#419=VECTOR('',#2334,10.);
#420=VECTOR('',#2337,10.);
#421=VECTOR('',#2338,10.);
#422=VECTOR('',#2339,10.);
#423=VECTOR('',#2340,10.);
#424=VECTOR('',#2341,10.);
#425=VECTOR('',#2342,10.);
#426=VECTOR('',#2343,10.);
#427=VECTOR('',#2344,10.);
#428=VECTOR('',#2345,10.);
#429=VECTOR('',#2346,10.);
#430=VECTOR('',#2347,10.);
#431=VECTOR('',#2348,10.);
#432=VECTOR('',#2349,10.);
#433=VECTOR('',#2350,10.);
#434=VECTOR('',#2351,10.);
#435=VECTOR('',#2352,10.);
#436=VECTOR('',#2353,10.);
#437=VECTOR('',#2354,10.);
#438=VECTOR('',#2355,10.);
#439=VECTOR('',#2358,10.);
#440=VECTOR('',#2361,10.);
#441=VECTOR('',#2362,10.);
#442=VECTOR('',#2363,10.);
#443=VECTOR('',#2364,10.);
#444=VECTOR('',#2365,10.);
#445=VECTOR('',#2368,10.);
#446=VECTOR('',#2371,10.);
#447=VECTOR('',#2374,10.);
#448=VECTOR('',#2375,10.);
#449=VECTOR('',#2376,10.);
#450=VECTOR('',#2377,10.);
#451=VECTOR('',#2378,10.);
#452=VECTOR('',#2379,10.);
#453=VECTOR('',#2380,10.);
#454=VECTOR('',#2381,10.);
#455=VECTOR('',#2384,10.);
#456=VECTOR('',#2387,10.);
#457=VECTOR('',#2390,10.);
#458=VECTOR('',#2393,10.);
#459=VECTOR('',#2394,10.);
#460=VECTOR('',#2395,10.);
#461=VECTOR('',#2396,10.);
#462=VECTOR('',#2397,10.);
#463=VECTOR('',#2400,10.);
#464=VECTOR('',#2401,10.);
#465=VECTOR('',#2402,10.);
#466=VECTOR('',#2403,10.);
#467=VECTOR('',#2406,10.);
#468=VECTOR('',#2407,10.);
#469=VECTOR('',#2410,10.);
#470=VECTOR('',#2413,10.);
#471=VECTOR('',#2418,1.70000000000002);
#472=VECTOR('',#2421,10.);
#473=VECTOR('',#2422,10.);
#474=VECTOR('',#2425,10.);
#475=VECTOR('',#2428,10.);
#476=VECTOR('',#2433,10.);
#477=VECTOR('',#2434,10.);
#478=VECTOR('',#2437,10.);
#479=VECTOR('',#2440,10.);
#480=VECTOR('',#2445,10.);
#481=VECTOR('',#2446,10.);
#482=VECTOR('',#2449,10.);
#483=VECTOR('',#2452,10.);
#484=VECTOR('',#2457,10.);
#485=VECTOR('',#2458,10.);
#486=VECTOR('',#2461,10.);
#487=VECTOR('',#2464,10.);
#488=VECTOR('',#2467,10.);
#489=VECTOR('',#2470,10.);
#490=VECTOR('',#2473,10.);
#491=VECTOR('',#2476,10.);
#492=VECTOR('',#2481,1.70000000000002);
#493=VECTOR('',#2484,10.);
#494=VECTOR('',#2485,10.);
#495=VECTOR('',#2488,10.);
#496=VECTOR('',#2491,10.);
#497=VECTOR('',#2496,10.);
#498=VECTOR('',#2497,10.);
#499=VECTOR('',#2500,10.);
#500=VECTOR('',#2503,10.);
#501=VECTOR('',#2508,10.);
#502=VECTOR('',#2509,10.);
#503=VECTOR('',#2512,10.);
#504=VECTOR('',#2515,10.);
#505=VECTOR('',#2520,10.);
#506=VECTOR('',#2521,10.);
#507=VECTOR('',#2524,10.);
#508=VECTOR('',#2527,10.);
#509=VECTOR('',#2532,10.);
#510=VECTOR('',#2533,10.);
#511=VECTOR('',#2536,10.);
#512=VECTOR('',#2539,10.);
#513=VECTOR('',#2542,10.);
#514=VECTOR('',#2545,10.);
#515=VECTOR('',#2548,10.);
#516=VECTOR('',#2551,10.);
#517=VECTOR('',#2554,10.);
#518=VECTOR('',#2557,10.);
#519=VECTOR('',#2562,10.);
#520=VECTOR('',#2563,10.);
#521=VECTOR('',#2566,10.);
#522=VECTOR('',#2569,10.);
#523=VECTOR('',#2574,10.);
#524=VECTOR('',#2575,10.);
#525=VECTOR('',#2578,10.);
#526=VECTOR('',#2581,10.);
#527=VECTOR('',#2586,2.00000000000003);
#528=VECTOR('',#2589,1.70000000000002);
#529=VECTOR('',#2592,10.);
#530=VECTOR('',#2593,10.);
#531=VECTOR('',#2596,10.);
#532=VECTOR('',#2599,10.);
#533=VECTOR('',#2604,1.7);
#534=VECTOR('',#2607,10.);
#535=VECTOR('',#2608,10.);
#536=VECTOR('',#2611,10.);
#537=VECTOR('',#2614,10.);
#538=VECTOR('',#2617,10.);
#539=VECTOR('',#2622,10.);
#540=VECTOR('',#2623,10.);
#541=VECTOR('',#2626,10.);
#542=VECTOR('',#2629,10.);
#543=VECTOR('',#2634,1.7);
#544=VECTOR('',#2637,2.00000000000003);
#545=VECTOR('',#2640,10.);
#546=VECTOR('',#2641,10.);
#547=VECTOR('',#2644,10.);
#548=VECTOR('',#2647,10.);
#549=B_SPLINE_CURVE_WITH_KNOTS('',3,(#2798,#2799,#2800,#2801,#2802,#2803,
#2804,#2805,#2806,#2807,#2808,#2809,#2810,#2811,#2812),.UNSPECIFIED.,.F.,
 .F.,(4,2,2,3,2,2,4),(0.968702759888462,0.993477275119376,1.05835491417184,
1.1232325532243,1.18811019227676,1.25298783132922,1.27776234656013),
 .UNSPECIFIED.);
#550=B_SPLINE_CURVE_WITH_KNOTS('',3,(#2822,#2823,#2824,#2825,#2826,#2827,
#2828,#2829,#2830,#2831,#2832,#2833,#2834,#2835,#2836),.UNSPECIFIED.,.F.,
 .F.,(4,2,2,3,2,2,4),(0.968702759888456,0.993477275119371,1.05835491417183,
1.12323255322429,1.18811019227675,1.25298783132921,1.27776234656013),
 .UNSPECIFIED.);
#551=CYLINDRICAL_SURFACE('',#2000,3.);
#552=CYLINDRICAL_SURFACE('',#2001,3.);
#553=CYLINDRICAL_SURFACE('',#2002,3.);
#554=CYLINDRICAL_SURFACE('',#2003,3.);
#555=CYLINDRICAL_SURFACE('',#2030,1.70000000000002);
#556=CYLINDRICAL_SURFACE('',#2059,1.70000000000002);
#557=CYLINDRICAL_SURFACE('',#2065,1.99999999999999);
#558=CYLINDRICAL_SURFACE('',#2067,2.00000000000003);
#559=CYLINDRICAL_SURFACE('',#2069,2.00000000000003);
#560=CYLINDRICAL_SURFACE('',#2071,2.00000000000003);
#561=CYLINDRICAL_SURFACE('',#2080,1.70000000000002);
#562=CYLINDRICAL_SURFACE('',#2082,2.00000000000003);
#563=CYLINDRICAL_SURFACE('',#2084,2.00000000000003);
#564=CYLINDRICAL_SURFACE('',#2090,1.99999999999999);
#565=CYLINDRICAL_SURFACE('',#2092,2.00000000000003);
#566=CYLINDRICAL_SURFACE('',#2112,2.00000000000003);
#567=CYLINDRICAL_SURFACE('',#2114,2.00000000000003);
#568=CYLINDRICAL_SURFACE('',#2115,2.00000000000003);
#569=CYLINDRICAL_SURFACE('',#2116,1.70000000000002);
#570=CYLINDRICAL_SURFACE('',#2117,2.00000000000003);
#571=CYLINDRICAL_SURFACE('',#2119,2.00000000000003);
#572=CYLINDRICAL_SURFACE('',#2121,1.7);
#573=CYLINDRICAL_SURFACE('',#2122,2.00000000000003);
#574=CYLINDRICAL_SURFACE('',#2123,2.00000000000003);
#575=CYLINDRICAL_SURFACE('',#2125,2.00000000000003);
#576=CYLINDRICAL_SURFACE('',#2131,1.7);
#577=CYLINDRICAL_SURFACE('',#2132,2.00000000000003);
#578=FACE_OUTER_BOUND('',#671,.T.);
#579=FACE_OUTER_BOUND('',#672,.T.);
#580=FACE_OUTER_BOUND('',#673,.T.);
#581=FACE_OUTER_BOUND('',#674,.T.);
#582=FACE_OUTER_BOUND('',#675,.T.);
#583=FACE_OUTER_BOUND('',#676,.T.);
#584=FACE_OUTER_BOUND('',#677,.T.);
#585=FACE_OUTER_BOUND('',#678,.T.);
#586=FACE_OUTER_BOUND('',#679,.T.);
#587=FACE_OUTER_BOUND('',#702,.T.);
#588=FACE_OUTER_BOUND('',#703,.T.);
#589=FACE_OUTER_BOUND('',#728,.T.);
#590=FACE_OUTER_BOUND('',#729,.T.);
#591=FACE_OUTER_BOUND('',#730,.T.);
#592=FACE_OUTER_BOUND('',#731,.T.);
#593=FACE_OUTER_BOUND('',#732,.T.);
#594=FACE_OUTER_BOUND('',#733,.T.);
#595=FACE_OUTER_BOUND('',#734,.T.);
#596=FACE_OUTER_BOUND('',#735,.T.);
#597=FACE_OUTER_BOUND('',#736,.T.);
#598=FACE_OUTER_BOUND('',#737,.T.);
#599=FACE_OUTER_BOUND('',#738,.T.);
#600=FACE_OUTER_BOUND('',#739,.T.);
#601=FACE_OUTER_BOUND('',#740,.T.);
#602=FACE_OUTER_BOUND('',#741,.T.);
#603=FACE_OUTER_BOUND('',#742,.T.);
#604=FACE_OUTER_BOUND('',#743,.T.);
#605=FACE_OUTER_BOUND('',#744,.T.);
#606=FACE_OUTER_BOUND('',#745,.T.);
#607=FACE_OUTER_BOUND('',#746,.T.);
#608=FACE_OUTER_BOUND('',#747,.T.);
#609=FACE_OUTER_BOUND('',#748,.T.);
#610=FACE_OUTER_BOUND('',#749,.T.);
#611=FACE_OUTER_BOUND('',#750,.T.);
#612=FACE_OUTER_BOUND('',#751,.T.);
#613=FACE_OUTER_BOUND('',#752,.T.);
#614=FACE_OUTER_BOUND('',#753,.T.);
#615=FACE_OUTER_BOUND('',#754,.T.);
#616=FACE_OUTER_BOUND('',#755,.T.);
#617=FACE_OUTER_BOUND('',#756,.T.);
#618=FACE_OUTER_BOUND('',#757,.T.);
#619=FACE_OUTER_BOUND('',#758,.T.);
#620=FACE_OUTER_BOUND('',#759,.T.);
#621=FACE_OUTER_BOUND('',#760,.T.);
#622=FACE_OUTER_BOUND('',#761,.T.);
#623=FACE_OUTER_BOUND('',#762,.T.);
#624=FACE_OUTER_BOUND('',#763,.T.);
#625=FACE_OUTER_BOUND('',#764,.T.);
#626=FACE_OUTER_BOUND('',#765,.T.);
#627=FACE_OUTER_BOUND('',#766,.T.);
#628=FACE_OUTER_BOUND('',#767,.T.);
#629=FACE_OUTER_BOUND('',#768,.T.);
#630=FACE_OUTER_BOUND('',#769,.T.);
#631=FACE_OUTER_BOUND('',#770,.T.);
#632=FACE_OUTER_BOUND('',#771,.T.);
#633=FACE_OUTER_BOUND('',#772,.T.);
#634=FACE_OUTER_BOUND('',#773,.T.);
#635=FACE_OUTER_BOUND('',#774,.T.);
#636=FACE_OUTER_BOUND('',#775,.T.);
#637=FACE_OUTER_BOUND('',#776,.T.);
#638=FACE_OUTER_BOUND('',#777,.T.);
#639=FACE_OUTER_BOUND('',#778,.T.);
#640=FACE_OUTER_BOUND('',#779,.T.);
#641=FACE_OUTER_BOUND('',#780,.T.);
#642=FACE_OUTER_BOUND('',#781,.T.);
#643=FACE_OUTER_BOUND('',#782,.T.);
#644=FACE_OUTER_BOUND('',#783,.T.);
#645=FACE_OUTER_BOUND('',#784,.T.);
#646=FACE_OUTER_BOUND('',#785,.T.);
#647=FACE_OUTER_BOUND('',#786,.T.);
#648=FACE_OUTER_BOUND('',#787,.T.);
#649=FACE_OUTER_BOUND('',#788,.T.);
#650=FACE_OUTER_BOUND('',#789,.T.);
#651=FACE_OUTER_BOUND('',#790,.T.);
#652=FACE_OUTER_BOUND('',#791,.T.);
#653=FACE_OUTER_BOUND('',#792,.T.);
#654=FACE_OUTER_BOUND('',#793,.T.);
#655=FACE_OUTER_BOUND('',#794,.T.);
#656=FACE_OUTER_BOUND('',#795,.T.);
#657=FACE_OUTER_BOUND('',#796,.T.);
#658=FACE_OUTER_BOUND('',#797,.T.);
#659=FACE_OUTER_BOUND('',#798,.T.);
#660=FACE_OUTER_BOUND('',#799,.T.);
#661=FACE_OUTER_BOUND('',#800,.T.);
#662=FACE_OUTER_BOUND('',#801,.T.);
#663=FACE_OUTER_BOUND('',#802,.T.);
#664=FACE_OUTER_BOUND('',#803,.T.);
#665=FACE_OUTER_BOUND('',#804,.T.);
#666=FACE_OUTER_BOUND('',#805,.T.);
#667=FACE_OUTER_BOUND('',#806,.T.);
#668=FACE_OUTER_BOUND('',#807,.T.);
#669=FACE_OUTER_BOUND('',#808,.T.);
#670=FACE_OUTER_BOUND('',#809,.T.);
#671=EDGE_LOOP('',(#1327,#1328,#1329));
#672=EDGE_LOOP('',(#1330,#1331,#1332));
#673=EDGE_LOOP('',(#1333,#1334,#1335));
#674=EDGE_LOOP('',(#1336,#1337,#1338));
#675=EDGE_LOOP('',(#1339,#1340,#1341,#1342,#1343,#1344));
#676=EDGE_LOOP('',(#1345,#1346,#1347,#1348));
#677=EDGE_LOOP('',(#1349,#1350,#1351,#1352,#1353,#1354));
#678=EDGE_LOOP('',(#1355,#1356,#1357,#1358));
#679=EDGE_LOOP('',(#1359,#1360,#1361,#1362,#1363,#1364,#1365,#1366,#1367,
#1368));
#680=EDGE_LOOP('',(#1369,#1370,#1371,#1372));
#681=EDGE_LOOP('',(#1373));
#682=EDGE_LOOP('',(#1374,#1375,#1376,#1377));
#683=EDGE_LOOP('',(#1378,#1379,#1380,#1381));
#684=EDGE_LOOP('',(#1382,#1383,#1384,#1385));
#685=EDGE_LOOP('',(#1386,#1387,#1388,#1389,#1390,#1391,#1392,#1393));
#686=EDGE_LOOP('',(#1394,#1395,#1396,#1397));
#687=EDGE_LOOP('',(#1398,#1399,#1400,#1401));
#688=EDGE_LOOP('',(#1402,#1403,#1404,#1405));
#689=EDGE_LOOP('',(#1406,#1407,#1408,#1409));
#690=EDGE_LOOP('',(#1410,#1411,#1412,#1413,#1414,#1415,#1416,#1417,#1418,
#1419));
#691=EDGE_LOOP('',(#1420,#1421,#1422,#1423));
#692=EDGE_LOOP('',(#1424,#1425,#1426,#1427));
#693=EDGE_LOOP('',(#1428));
#694=EDGE_LOOP('',(#1429));
#695=EDGE_LOOP('',(#1430,#1431,#1432,#1433));
#696=EDGE_LOOP('',(#1434));
#697=EDGE_LOOP('',(#1435,#1436,#1437,#1438,#1439));
#698=EDGE_LOOP('',(#1440,#1441,#1442,#1443));
#699=EDGE_LOOP('',(#1444));
#700=EDGE_LOOP('',(#1445));
#701=EDGE_LOOP('',(#1446,#1447,#1448,#1449));
#702=EDGE_LOOP('',(#1450,#1451,#1452,#1453,#1454,#1455));
#703=EDGE_LOOP('',(#1456,#1457,#1458,#1459,#1460,#1461,#1462,#1463));
#704=EDGE_LOOP('',(#1464,#1465,#1466,#1467));
#705=EDGE_LOOP('',(#1468));
#706=EDGE_LOOP('',(#1469));
#707=EDGE_LOOP('',(#1470,#1471,#1472,#1473));
#708=EDGE_LOOP('',(#1474,#1475,#1476,#1477,#1478));
#709=EDGE_LOOP('',(#1479));
#710=EDGE_LOOP('',(#1480,#1481,#1482,#1483));
#711=EDGE_LOOP('',(#1484));
#712=EDGE_LOOP('',(#1485));
#713=EDGE_LOOP('',(#1486,#1487,#1488,#1489));
#714=EDGE_LOOP('',(#1490,#1491,#1492,#1493));
#715=EDGE_LOOP('',(#1494,#1495,#1496,#1497,#1498,#1499,#1500,#1501,#1502,
#1503));
#716=EDGE_LOOP('',(#1504,#1505,#1506,#1507));
#717=EDGE_LOOP('',(#1508,#1509,#1510,#1511));
#718=EDGE_LOOP('',(#1512,#1513,#1514,#1515));
#719=EDGE_LOOP('',(#1516));
#720=EDGE_LOOP('',(#1517,#1518,#1519,#1520));
#721=EDGE_LOOP('',(#1521));
#722=EDGE_LOOP('',(#1522,#1523,#1524,#1525,#1526,#1527,#1528,#1529));
#723=EDGE_LOOP('',(#1530,#1531,#1532,#1533));
#724=EDGE_LOOP('',(#1534,#1535,#1536,#1537));
#725=EDGE_LOOP('',(#1538,#1539,#1540,#1541));
#726=EDGE_LOOP('',(#1542));
#727=EDGE_LOOP('',(#1543,#1544,#1545,#1546));
#728=EDGE_LOOP('',(#1547,#1548,#1549,#1550));
#729=EDGE_LOOP('',(#1551,#1552,#1553,#1554));
#730=EDGE_LOOP('',(#1555,#1556,#1557,#1558));
#731=EDGE_LOOP('',(#1559,#1560,#1561,#1562));
#732=EDGE_LOOP('',(#1563,#1564,#1565,#1566));
#733=EDGE_LOOP('',(#1567,#1568,#1569,#1570));
#734=EDGE_LOOP('',(#1571,#1572,#1573,#1574));
#735=EDGE_LOOP('',(#1575,#1576,#1577,#1578));
#736=EDGE_LOOP('',(#1579,#1580,#1581,#1582));
#737=EDGE_LOOP('',(#1583,#1584,#1585,#1586));
#738=EDGE_LOOP('',(#1587,#1588,#1589,#1590));
#739=EDGE_LOOP('',(#1591,#1592,#1593,#1594));
#740=EDGE_LOOP('',(#1595,#1596,#1597,#1598));
#741=EDGE_LOOP('',(#1599,#1600,#1601,#1602));
#742=EDGE_LOOP('',(#1603,#1604,#1605,#1606));
#743=EDGE_LOOP('',(#1607,#1608,#1609,#1610));
#744=EDGE_LOOP('',(#1611,#1612,#1613,#1614));
#745=EDGE_LOOP('',(#1615,#1616,#1617,#1618));
#746=EDGE_LOOP('',(#1619,#1620,#1621,#1622));
#747=EDGE_LOOP('',(#1623,#1624,#1625,#1626));
#748=EDGE_LOOP('',(#1627,#1628,#1629,#1630));
#749=EDGE_LOOP('',(#1631,#1632,#1633,#1634));
#750=EDGE_LOOP('',(#1635,#1636,#1637,#1638));
#751=EDGE_LOOP('',(#1639,#1640,#1641,#1642));
#752=EDGE_LOOP('',(#1643,#1644,#1645,#1646));
#753=EDGE_LOOP('',(#1647,#1648,#1649,#1650,#1651,#1652));
#754=EDGE_LOOP('',(#1653,#1654,#1655,#1656));
#755=EDGE_LOOP('',(#1657,#1658,#1659,#1660));
#756=EDGE_LOOP('',(#1661,#1662,#1663,#1664));
#757=EDGE_LOOP('',(#1665,#1666,#1667,#1668));
#758=EDGE_LOOP('',(#1669,#1670,#1671,#1672));
#759=EDGE_LOOP('',(#1673,#1674,#1675,#1676));
#760=EDGE_LOOP('',(#1677,#1678,#1679,#1680));
#761=EDGE_LOOP('',(#1681,#1682,#1683,#1684));
#762=EDGE_LOOP('',(#1685,#1686,#1687,#1688));
#763=EDGE_LOOP('',(#1689,#1690,#1691,#1692));
#764=EDGE_LOOP('',(#1693,#1694,#1695,#1696));
#765=EDGE_LOOP('',(#1697,#1698,#1699,#1700));
#766=EDGE_LOOP('',(#1701,#1702,#1703,#1704));
#767=EDGE_LOOP('',(#1705,#1706,#1707,#1708));
#768=EDGE_LOOP('',(#1709,#1710,#1711,#1712));
#769=EDGE_LOOP('',(#1713,#1714,#1715,#1716));
#770=EDGE_LOOP('',(#1717,#1718,#1719,#1720));
#771=EDGE_LOOP('',(#1721,#1722,#1723,#1724));
#772=EDGE_LOOP('',(#1725,#1726,#1727,#1728));
#773=EDGE_LOOP('',(#1729,#1730,#1731,#1732));
#774=EDGE_LOOP('',(#1733,#1734,#1735,#1736));
#775=EDGE_LOOP('',(#1737,#1738,#1739,#1740));
#776=EDGE_LOOP('',(#1741,#1742,#1743,#1744));
#777=EDGE_LOOP('',(#1745,#1746,#1747,#1748));
#778=EDGE_LOOP('',(#1749,#1750,#1751,#1752));
#779=EDGE_LOOP('',(#1753,#1754,#1755,#1756));
#780=EDGE_LOOP('',(#1757,#1758,#1759,#1760));
#781=EDGE_LOOP('',(#1761,#1762,#1763,#1764));
#782=EDGE_LOOP('',(#1765,#1766,#1767,#1768));
#783=EDGE_LOOP('',(#1769,#1770,#1771,#1772));
#784=EDGE_LOOP('',(#1773,#1774,#1775,#1776));
#785=EDGE_LOOP('',(#1777,#1778,#1779,#1780));
#786=EDGE_LOOP('',(#1781,#1782,#1783,#1784));
#787=EDGE_LOOP('',(#1785,#1786,#1787,#1788));
#788=EDGE_LOOP('',(#1789,#1790,#1791,#1792));
#789=EDGE_LOOP('',(#1793,#1794,#1795,#1796));
#790=EDGE_LOOP('',(#1797,#1798,#1799,#1800));
#791=EDGE_LOOP('',(#1801,#1802,#1803,#1804));
#792=EDGE_LOOP('',(#1805,#1806,#1807,#1808));
#793=EDGE_LOOP('',(#1809,#1810,#1811,#1812));
#794=EDGE_LOOP('',(#1813,#1814,#1815,#1816));
#795=EDGE_LOOP('',(#1817,#1818,#1819,#1820));
#796=EDGE_LOOP('',(#1821,#1822,#1823,#1824));
#797=EDGE_LOOP('',(#1825,#1826,#1827,#1828));
#798=EDGE_LOOP('',(#1829,#1830,#1831,#1832));
#799=EDGE_LOOP('',(#1833,#1834,#1835,#1836));
#800=EDGE_LOOP('',(#1837,#1838,#1839,#1840));
#801=EDGE_LOOP('',(#1841,#1842,#1843,#1844));
#802=EDGE_LOOP('',(#1845,#1846,#1847,#1848));
#803=EDGE_LOOP('',(#1849,#1850,#1851,#1852));
#804=EDGE_LOOP('',(#1853,#1854,#1855,#1856));
#805=EDGE_LOOP('',(#1857,#1858,#1859,#1860));
#806=EDGE_LOOP('',(#1861,#1862,#1863,#1864));
#807=EDGE_LOOP('',(#1865,#1866,#1867,#1868));
#808=EDGE_LOOP('',(#1869,#1870,#1871,#1872));
#809=EDGE_LOOP('',(#1873,#1874,#1875,#1876));
#810=ELLIPSE('',#1989,3.16227766016837,3.);
#811=ELLIPSE('',#1990,3.16227766016839,3.);
#812=ELLIPSE('',#1992,3.16227766016838,3.);
#813=ELLIPSE('',#1993,3.16227766016838,3.);
#814=ELLIPSE('',#1995,3.16227766016837,3.);
#815=ELLIPSE('',#1996,3.16227766016839,3.);
#816=ELLIPSE('',#1998,3.16227766016838,3.);
#817=ELLIPSE('',#1999,3.16227766016835,3.);
#818=CIRCLE('',#1988,2.);
#819=CIRCLE('',#1991,2.);
#820=CIRCLE('',#1994,2.);
#821=CIRCLE('',#1997,2.);
#822=CIRCLE('',#2005,1.70000000000002);
#823=CIRCLE('',#2006,1.70000000000002);
#824=CIRCLE('',#2007,1.70000000000002);
#825=CIRCLE('',#2008,1.70000000000002);
#826=CIRCLE('',#2009,1.70000000000002);
#827=CIRCLE('',#2010,2.00000000000003);
#828=CIRCLE('',#2011,1.99999999999999);
#829=CIRCLE('',#2012,2.00000000000003);
#830=CIRCLE('',#2013,2.00000000000003);
#831=CIRCLE('',#2014,2.00000000000003);
#832=CIRCLE('',#2015,2.00000000000003);
#833=CIRCLE('',#2016,2.00000000000003);
#834=CIRCLE('',#2017,1.99999999999999);
#835=CIRCLE('',#2018,2.00000000000003);
#836=CIRCLE('',#2019,2.00000000000003);
#837=CIRCLE('',#2020,2.00000000000003);
#838=CIRCLE('',#2021,1.70000000000002);
#839=CIRCLE('',#2022,2.00000000000003);
#840=CIRCLE('',#2023,2.00000000000003);
#841=CIRCLE('',#2024,1.7);
#842=CIRCLE('',#2025,2.00000000000003);
#843=CIRCLE('',#2026,2.00000000000003);
#844=CIRCLE('',#2027,2.00000000000003);
#845=CIRCLE('',#2028,1.7);
#846=CIRCLE('',#2029,2.00000000000003);
#847=CIRCLE('',#2031,1.70000000000002);
#848=CIRCLE('',#2033,2.00000000000003);
#849=CIRCLE('',#2034,1.7);
#850=CIRCLE('',#2035,2.00000000000003);
#851=CIRCLE('',#2036,2.00000000000003);
#852=CIRCLE('',#2037,2.00000000000003);
#853=CIRCLE('',#2038,1.7);
#854=CIRCLE('',#2039,2.00000000000003);
#855=CIRCLE('',#2040,2.00000000000003);
#856=CIRCLE('',#2041,1.70000000000002);
#857=CIRCLE('',#2042,2.00000000000003);
#858=CIRCLE('',#2043,2.00000000000003);
#859=CIRCLE('',#2044,2.00000000000003);
#860=CIRCLE('',#2045,2.00000000000003);
#861=CIRCLE('',#2046,1.99999999999999);
#862=CIRCLE('',#2047,2.00000000000003);
#863=CIRCLE('',#2048,2.00000000000003);
#864=CIRCLE('',#2049,1.70000000000002);
#865=CIRCLE('',#2050,2.00000000000003);
#866=CIRCLE('',#2051,2.00000000000003);
#867=CIRCLE('',#2052,2.00000000000003);
#868=CIRCLE('',#2053,1.99999999999999);
#869=CIRCLE('',#2054,1.70000000000002);
#870=VERTEX_POINT('',#2681);
#871=VERTEX_POINT('',#2682);
#872=VERTEX_POINT('',#2684);
#873=VERTEX_POINT('',#2717);
#874=VERTEX_POINT('',#2718);
#875=VERTEX_POINT('',#2720);
#876=VERTEX_POINT('',#2753);
#877=VERTEX_POINT('',#2754);
#878=VERTEX_POINT('',#2756);
#879=VERTEX_POINT('',#2789);
#880=VERTEX_POINT('',#2790);
#881=VERTEX_POINT('',#2792);
#882=VERTEX_POINT('',#2796);
#883=VERTEX_POINT('',#2797);
#884=VERTEX_POINT('',#2820);
#885=VERTEX_POINT('',#2821);
#886=VERTEX_POINT('',#2844);
#887=VERTEX_POINT('',#2847);
#888=VERTEX_POINT('',#2850);
#889=VERTEX_POINT('',#2851);
#890=VERTEX_POINT('',#2853);
#891=VERTEX_POINT('',#2855);
#892=VERTEX_POINT('',#2858);
#893=VERTEX_POINT('',#2860);
#894=VERTEX_POINT('',#2861);
#895=VERTEX_POINT('',#2863);
#896=VERTEX_POINT('',#2865);
#897=VERTEX_POINT('',#2868);
#898=VERTEX_POINT('',#2869);
#899=VERTEX_POINT('',#2871);
#900=VERTEX_POINT('',#2873);
#901=VERTEX_POINT('',#2876);
#902=VERTEX_POINT('',#2877);
#903=VERTEX_POINT('',#2879);
#904=VERTEX_POINT('',#2881);
#905=VERTEX_POINT('',#2884);
#906=VERTEX_POINT('',#2885);
#907=VERTEX_POINT('',#2887);
#908=VERTEX_POINT('',#2889);
#909=VERTEX_POINT('',#2891);
#910=VERTEX_POINT('',#2893);
#911=VERTEX_POINT('',#2895);
#912=VERTEX_POINT('',#2897);
#913=VERTEX_POINT('',#2900);
#914=VERTEX_POINT('',#2901);
#915=VERTEX_POINT('',#2903);
#916=VERTEX_POINT('',#2905);
#917=VERTEX_POINT('',#2908);
#918=VERTEX_POINT('',#2909);
#919=VERTEX_POINT('',#2911);
#920=VERTEX_POINT('',#2913);
#921=VERTEX_POINT('',#2916);
#922=VERTEX_POINT('',#2917);
#923=VERTEX_POINT('',#2919);
#924=VERTEX_POINT('',#2921);
#925=VERTEX_POINT('',#2924);
#926=VERTEX_POINT('',#2925);
#927=VERTEX_POINT('',#2927);
#928=VERTEX_POINT('',#2929);
#929=VERTEX_POINT('',#2932);
#930=VERTEX_POINT('',#2933);
#931=VERTEX_POINT('',#2935);
#932=VERTEX_POINT('',#2937);
#933=VERTEX_POINT('',#2939);
#934=VERTEX_POINT('',#2941);
#935=VERTEX_POINT('',#2943);
#936=VERTEX_POINT('',#2945);
#937=VERTEX_POINT('',#2947);
#938=VERTEX_POINT('',#2949);
#939=VERTEX_POINT('',#2952);
#940=VERTEX_POINT('',#2953);
#941=VERTEX_POINT('',#2955);
#942=VERTEX_POINT('',#2957);
#943=VERTEX_POINT('',#2960);
#944=VERTEX_POINT('',#2961);
#945=VERTEX_POINT('',#2963);
#946=VERTEX_POINT('',#2965);
#947=VERTEX_POINT('',#2968);
#948=VERTEX_POINT('',#2970);
#949=VERTEX_POINT('',#2972);
#950=VERTEX_POINT('',#2973);
#951=VERTEX_POINT('',#2975);
#952=VERTEX_POINT('',#2977);
#953=VERTEX_POINT('',#2980);
#954=VERTEX_POINT('',#2982);
#955=VERTEX_POINT('',#2983);
#956=VERTEX_POINT('',#2985);
#957=VERTEX_POINT('',#2987);
#958=VERTEX_POINT('',#2989);
#959=VERTEX_POINT('',#2992);
#960=VERTEX_POINT('',#2993);
#961=VERTEX_POINT('',#2995);
#962=VERTEX_POINT('',#2997);
#963=VERTEX_POINT('',#3000);
#964=VERTEX_POINT('',#3002);
#965=VERTEX_POINT('',#3004);
#966=VERTEX_POINT('',#3005);
#967=VERTEX_POINT('',#3007);
#968=VERTEX_POINT('',#3009);
#969=VERTEX_POINT('',#3013);
#970=VERTEX_POINT('',#3017);
#971=VERTEX_POINT('',#3018);
#972=VERTEX_POINT('',#3020);
#973=VERTEX_POINT('',#3022);
#974=VERTEX_POINT('',#3025);
#975=VERTEX_POINT('',#3027);
#976=VERTEX_POINT('',#3029);
#977=VERTEX_POINT('',#3030);
#978=VERTEX_POINT('',#3032);
#979=VERTEX_POINT('',#3034);
#980=VERTEX_POINT('',#3037);
#981=VERTEX_POINT('',#3038);
#982=VERTEX_POINT('',#3040);
#983=VERTEX_POINT('',#3042);
#984=VERTEX_POINT('',#3044);
#985=VERTEX_POINT('',#3047);
#986=VERTEX_POINT('',#3049);
#987=VERTEX_POINT('',#3050);
#988=VERTEX_POINT('',#3052);
#989=VERTEX_POINT('',#3054);
#990=VERTEX_POINT('',#3057);
#991=VERTEX_POINT('',#3059);
#992=VERTEX_POINT('',#3061);
#993=VERTEX_POINT('',#3062);
#994=VERTEX_POINT('',#3064);
#995=VERTEX_POINT('',#3066);
#996=VERTEX_POINT('',#3069);
#997=VERTEX_POINT('',#3070);
#998=VERTEX_POINT('',#3072);
#999=VERTEX_POINT('',#3074);
#1000=VERTEX_POINT('',#3077);
#1001=VERTEX_POINT('',#3078);
#1002=VERTEX_POINT('',#3080);
#1003=VERTEX_POINT('',#3082);
#1004=VERTEX_POINT('',#3084);
#1005=VERTEX_POINT('',#3086);
#1006=VERTEX_POINT('',#3088);
#1007=VERTEX_POINT('',#3090);
#1008=VERTEX_POINT('',#3092);
#1009=VERTEX_POINT('',#3094);
#1010=VERTEX_POINT('',#3097);
#1011=VERTEX_POINT('',#3098);
#1012=VERTEX_POINT('',#3100);
#1013=VERTEX_POINT('',#3102);
#1014=VERTEX_POINT('',#3105);
#1015=VERTEX_POINT('',#3106);
#1016=VERTEX_POINT('',#3108);
#1017=VERTEX_POINT('',#3110);
#1018=VERTEX_POINT('',#3113);
#1019=VERTEX_POINT('',#3114);
#1020=VERTEX_POINT('',#3116);
#1021=VERTEX_POINT('',#3118);
#1022=VERTEX_POINT('',#3121);
#1023=VERTEX_POINT('',#3122);
#1024=VERTEX_POINT('',#3124);
#1025=VERTEX_POINT('',#3126);
#1026=VERTEX_POINT('',#3129);
#1027=VERTEX_POINT('',#3131);
#1028=VERTEX_POINT('',#3132);
#1029=VERTEX_POINT('',#3134);
#1030=VERTEX_POINT('',#3136);
#1031=VERTEX_POINT('',#3138);
#1032=VERTEX_POINT('',#3140);
#1033=VERTEX_POINT('',#3142);
#1034=VERTEX_POINT('',#3144);
#1035=VERTEX_POINT('',#3147);
#1036=VERTEX_POINT('',#3148);
#1037=VERTEX_POINT('',#3150);
#1038=VERTEX_POINT('',#3152);
#1039=VERTEX_POINT('',#3155);
#1040=VERTEX_POINT('',#3156);
#1041=VERTEX_POINT('',#3158);
#1042=VERTEX_POINT('',#3160);
#1043=VERTEX_POINT('',#3163);
#1044=VERTEX_POINT('',#3164);
#1045=VERTEX_POINT('',#3166);
#1046=VERTEX_POINT('',#3168);
#1047=VERTEX_POINT('',#3171);
#1048=VERTEX_POINT('',#3173);
#1049=VERTEX_POINT('',#3174);
#1050=VERTEX_POINT('',#3176);
#1051=VERTEX_POINT('',#3178);
#1052=EDGE_CURVE('',#870,#871,#818,.T.);
#1053=EDGE_CURVE('',#871,#872,#810,.T.);
#1054=EDGE_CURVE('',#872,#870,#811,.T.);
#1055=EDGE_CURVE('',#873,#874,#819,.T.);
#1056=EDGE_CURVE('',#874,#875,#812,.T.);
#1057=EDGE_CURVE('',#875,#873,#813,.T.);
#1058=EDGE_CURVE('',#876,#877,#820,.T.);
#1059=EDGE_CURVE('',#877,#878,#814,.T.);
#1060=EDGE_CURVE('',#878,#876,#815,.T.);
#1061=EDGE_CURVE('',#879,#880,#821,.T.);
#1062=EDGE_CURVE('',#880,#881,#816,.T.);
#1063=EDGE_CURVE('',#881,#879,#817,.T.);
#1064=EDGE_CURVE('',#882,#883,#549,.T.);
#1065=EDGE_CURVE('',#883,#881,#123,.T.);
#1066=EDGE_CURVE('',#870,#880,#124,.T.);
#1067=EDGE_CURVE('',#872,#882,#125,.T.);
#1068=EDGE_CURVE('',#879,#877,#126,.T.);
#1069=EDGE_CURVE('',#881,#878,#127,.T.);
#1070=EDGE_CURVE('',#884,#885,#550,.T.);
#1071=EDGE_CURVE('',#885,#875,#128,.T.);
#1072=EDGE_CURVE('',#876,#874,#129,.T.);
#1073=EDGE_CURVE('',#878,#884,#130,.T.);
#1074=EDGE_CURVE('',#873,#871,#131,.T.);
#1075=EDGE_CURVE('',#875,#872,#132,.T.);
#1076=EDGE_CURVE('',#885,#886,#822,.T.);
#1077=EDGE_CURVE('',#886,#884,#823,.T.);
#1078=EDGE_CURVE('',#883,#887,#824,.T.);
#1079=EDGE_CURVE('',#887,#882,#825,.T.);
#1080=EDGE_CURVE('',#888,#889,#133,.T.);
#1081=EDGE_CURVE('',#889,#890,#134,.T.);
#1082=EDGE_CURVE('',#890,#891,#135,.T.);
#1083=EDGE_CURVE('',#891,#888,#136,.T.);
#1084=EDGE_CURVE('',#892,#892,#826,.T.);
#1085=EDGE_CURVE('',#893,#894,#137,.T.);
#1086=EDGE_CURVE('',#894,#895,#138,.T.);
#1087=EDGE_CURVE('',#895,#896,#139,.T.);
#1088=EDGE_CURVE('',#896,#893,#140,.T.);
#1089=EDGE_CURVE('',#897,#898,#827,.T.);
#1090=EDGE_CURVE('',#898,#899,#141,.T.);
#1091=EDGE_CURVE('',#899,#900,#828,.T.);
#1092=EDGE_CURVE('',#900,#897,#142,.T.);
#1093=EDGE_CURVE('',#901,#902,#829,.T.);
#1094=EDGE_CURVE('',#902,#903,#143,.T.);
#1095=EDGE_CURVE('',#903,#904,#830,.T.);
#1096=EDGE_CURVE('',#904,#901,#144,.T.);
#1097=EDGE_CURVE('',#905,#906,#145,.T.);
#1098=EDGE_CURVE('',#906,#907,#146,.T.);
#1099=EDGE_CURVE('',#907,#908,#147,.T.);
#1100=EDGE_CURVE('',#908,#909,#148,.T.);
#1101=EDGE_CURVE('',#909,#910,#149,.T.);
#1102=EDGE_CURVE('',#910,#911,#150,.T.);
#1103=EDGE_CURVE('',#911,#912,#151,.T.);
#1104=EDGE_CURVE('',#912,#905,#152,.T.);
#1105=EDGE_CURVE('',#913,#914,#831,.T.);
#1106=EDGE_CURVE('',#914,#915,#153,.T.);
#1107=EDGE_CURVE('',#915,#916,#832,.T.);
#1108=EDGE_CURVE('',#916,#913,#154,.T.);
#1109=EDGE_CURVE('',#917,#918,#155,.T.);
#1110=EDGE_CURVE('',#918,#919,#156,.T.);
#1111=EDGE_CURVE('',#919,#920,#157,.T.);
#1112=EDGE_CURVE('',#920,#917,#158,.T.);
#1113=EDGE_CURVE('',#921,#922,#833,.T.);
#1114=EDGE_CURVE('',#922,#923,#159,.T.);
#1115=EDGE_CURVE('',#923,#924,#834,.T.);
#1116=EDGE_CURVE('',#924,#921,#160,.T.);
#1117=EDGE_CURVE('',#925,#926,#161,.T.);
#1118=EDGE_CURVE('',#926,#927,#162,.T.);
#1119=EDGE_CURVE('',#927,#928,#163,.T.);
#1120=EDGE_CURVE('',#928,#925,#164,.T.);
#1121=EDGE_CURVE('',#929,#930,#165,.T.);
#1122=EDGE_CURVE('',#930,#931,#166,.T.);
#1123=EDGE_CURVE('',#931,#932,#167,.T.);
#1124=EDGE_CURVE('',#932,#933,#168,.T.);
#1125=EDGE_CURVE('',#933,#934,#169,.T.);
#1126=EDGE_CURVE('',#934,#935,#170,.T.);
#1127=EDGE_CURVE('',#935,#936,#171,.T.);
#1128=EDGE_CURVE('',#936,#937,#172,.T.);
#1129=EDGE_CURVE('',#937,#938,#173,.T.);
#1130=EDGE_CURVE('',#938,#929,#174,.T.);
#1131=EDGE_CURVE('',#939,#940,#175,.T.);
#1132=EDGE_CURVE('',#940,#941,#176,.T.);
#1133=EDGE_CURVE('',#941,#942,#177,.T.);
#1134=EDGE_CURVE('',#942,#939,#178,.T.);
#1135=EDGE_CURVE('',#943,#944,#835,.T.);
#1136=EDGE_CURVE('',#944,#945,#179,.T.);
#1137=EDGE_CURVE('',#945,#946,#836,.T.);
#1138=EDGE_CURVE('',#946,#943,#180,.T.);
#1139=EDGE_CURVE('',#947,#947,#837,.T.);
#1140=EDGE_CURVE('',#948,#948,#838,.T.);
#1141=EDGE_CURVE('',#949,#950,#181,.T.);
#1142=EDGE_CURVE('',#950,#951,#839,.T.);
#1143=EDGE_CURVE('',#951,#952,#182,.T.);
#1144=EDGE_CURVE('',#952,#949,#840,.T.);
#1145=EDGE_CURVE('',#953,#953,#841,.T.);
#1146=EDGE_CURVE('',#954,#955,#183,.T.);
#1147=EDGE_CURVE('',#955,#956,#842,.T.);
#1148=EDGE_CURVE('',#956,#957,#184,.T.);
#1149=EDGE_CURVE('',#957,#958,#843,.T.);
#1150=EDGE_CURVE('',#958,#954,#844,.T.);
#1151=EDGE_CURVE('',#959,#960,#185,.T.);
#1152=EDGE_CURVE('',#960,#961,#186,.T.);
#1153=EDGE_CURVE('',#961,#962,#187,.T.);
#1154=EDGE_CURVE('',#962,#959,#188,.T.);
#1155=EDGE_CURVE('',#963,#963,#845,.T.);
#1156=EDGE_CURVE('',#964,#964,#846,.T.);
#1157=EDGE_CURVE('',#965,#966,#189,.T.);
#1158=EDGE_CURVE('',#966,#967,#190,.T.);
#1159=EDGE_CURVE('',#967,#968,#191,.T.);
#1160=EDGE_CURVE('',#968,#965,#192,.T.);
#1161=EDGE_CURVE('',#969,#969,#847,.T.);
#1162=EDGE_CURVE('',#969,#886,#193,.T.);
#1163=EDGE_CURVE('',#970,#971,#194,.T.);
#1164=EDGE_CURVE('',#972,#970,#195,.T.);
#1165=EDGE_CURVE('',#973,#972,#196,.T.);
#1166=EDGE_CURVE('',#971,#973,#197,.T.);
#1167=EDGE_CURVE('',#974,#974,#848,.T.);
#1168=EDGE_CURVE('',#975,#975,#849,.T.);
#1169=EDGE_CURVE('',#976,#977,#198,.T.);
#1170=EDGE_CURVE('',#978,#976,#199,.T.);
#1171=EDGE_CURVE('',#979,#978,#200,.T.);
#1172=EDGE_CURVE('',#977,#979,#201,.T.);
#1173=EDGE_CURVE('',#980,#981,#202,.T.);
#1174=EDGE_CURVE('',#982,#980,#850,.T.);
#1175=EDGE_CURVE('',#983,#982,#851,.T.);
#1176=EDGE_CURVE('',#984,#983,#203,.T.);
#1177=EDGE_CURVE('',#981,#984,#852,.T.);
#1178=EDGE_CURVE('',#985,#985,#853,.T.);
#1179=EDGE_CURVE('',#986,#987,#204,.T.);
#1180=EDGE_CURVE('',#988,#986,#854,.T.);
#1181=EDGE_CURVE('',#989,#988,#205,.T.);
#1182=EDGE_CURVE('',#987,#989,#855,.T.);
#1183=EDGE_CURVE('',#990,#990,#856,.T.);
#1184=EDGE_CURVE('',#991,#991,#857,.T.);
#1185=EDGE_CURVE('',#992,#993,#858,.T.);
#1186=EDGE_CURVE('',#994,#992,#206,.T.);
#1187=EDGE_CURVE('',#995,#994,#859,.T.);
#1188=EDGE_CURVE('',#993,#995,#207,.T.);
#1189=EDGE_CURVE('',#996,#997,#208,.T.);
#1190=EDGE_CURVE('',#998,#996,#209,.T.);
#1191=EDGE_CURVE('',#999,#998,#210,.T.);
#1192=EDGE_CURVE('',#997,#999,#211,.T.);
#1193=EDGE_CURVE('',#1000,#1001,#212,.T.);
#1194=EDGE_CURVE('',#1002,#1000,#213,.T.);
#1195=EDGE_CURVE('',#1003,#1002,#214,.T.);
#1196=EDGE_CURVE('',#1004,#1003,#215,.T.);
#1197=EDGE_CURVE('',#1005,#1004,#216,.T.);
#1198=EDGE_CURVE('',#1006,#1005,#217,.T.);
#1199=EDGE_CURVE('',#1007,#1006,#218,.T.);
#1200=EDGE_CURVE('',#1008,#1007,#219,.T.);
#1201=EDGE_CURVE('',#1009,#1008,#220,.T.);
#1202=EDGE_CURVE('',#1001,#1009,#221,.T.);
#1203=EDGE_CURVE('',#1010,#1011,#222,.T.);
#1204=EDGE_CURVE('',#1012,#1010,#223,.T.);
#1205=EDGE_CURVE('',#1013,#1012,#224,.T.);
#1206=EDGE_CURVE('',#1011,#1013,#225,.T.);
#1207=EDGE_CURVE('',#1014,#1015,#860,.T.);
#1208=EDGE_CURVE('',#1016,#1014,#226,.T.);
#1209=EDGE_CURVE('',#1017,#1016,#861,.T.);
#1210=EDGE_CURVE('',#1015,#1017,#227,.T.);
#1211=EDGE_CURVE('',#1018,#1019,#228,.T.);
#1212=EDGE_CURVE('',#1020,#1018,#229,.T.);
#1213=EDGE_CURVE('',#1021,#1020,#230,.T.);
#1214=EDGE_CURVE('',#1019,#1021,#231,.T.);
#1215=EDGE_CURVE('',#1022,#1023,#862,.T.);
#1216=EDGE_CURVE('',#1024,#1022,#232,.T.);
#1217=EDGE_CURVE('',#1025,#1024,#863,.T.);
#1218=EDGE_CURVE('',#1023,#1025,#233,.T.);
#1219=EDGE_CURVE('',#1026,#1026,#864,.T.);
#1220=EDGE_CURVE('',#1027,#1028,#234,.T.);
#1221=EDGE_CURVE('',#1029,#1027,#235,.T.);
#1222=EDGE_CURVE('',#1030,#1029,#236,.T.);
#1223=EDGE_CURVE('',#1031,#1030,#237,.T.);
#1224=EDGE_CURVE('',#1032,#1031,#238,.T.);
#1225=EDGE_CURVE('',#1033,#1032,#239,.T.);
#1226=EDGE_CURVE('',#1034,#1033,#240,.T.);
#1227=EDGE_CURVE('',#1028,#1034,#241,.T.);
#1228=EDGE_CURVE('',#1035,#1036,#865,.T.);
#1229=EDGE_CURVE('',#1037,#1035,#242,.T.);
#1230=EDGE_CURVE('',#1038,#1037,#866,.T.);
#1231=EDGE_CURVE('',#1036,#1038,#243,.T.);
#1232=EDGE_CURVE('',#1039,#1040,#867,.T.);
#1233=EDGE_CURVE('',#1041,#1039,#244,.T.);
#1234=EDGE_CURVE('',#1042,#1041,#868,.T.);
#1235=EDGE_CURVE('',#1040,#1042,#245,.T.);
#1236=EDGE_CURVE('',#1043,#1044,#246,.T.);
#1237=EDGE_CURVE('',#1045,#1043,#247,.T.);
#1238=EDGE_CURVE('',#1046,#1045,#248,.T.);
#1239=EDGE_CURVE('',#1044,#1046,#249,.T.);
#1240=EDGE_CURVE('',#1047,#1047,#869,.T.);
#1241=EDGE_CURVE('',#1048,#1049,#250,.T.);
#1242=EDGE_CURVE('',#1050,#1048,#251,.T.);
#1243=EDGE_CURVE('',#1051,#1050,#252,.T.);
#1244=EDGE_CURVE('',#1049,#1051,#253,.T.);
#1245=EDGE_CURVE('',#1048,#888,#254,.T.);
#1246=EDGE_CURVE('',#1050,#891,#255,.T.);
#1247=EDGE_CURVE('',#1051,#890,#256,.T.);
#1248=EDGE_CURVE('',#1049,#889,#257,.T.);
#1249=EDGE_CURVE('',#1047,#892,#258,.T.);
#1250=EDGE_CURVE('',#1043,#893,#259,.T.);
#1251=EDGE_CURVE('',#1045,#896,#260,.T.);
#1252=EDGE_CURVE('',#1046,#895,#261,.T.);
#1253=EDGE_CURVE('',#1044,#894,#262,.T.);
#1254=EDGE_CURVE('',#1039,#897,#263,.T.);
#1255=EDGE_CURVE('',#1041,#900,#264,.T.);
#1256=EDGE_CURVE('',#1042,#899,#265,.T.);
#1257=EDGE_CURVE('',#1040,#898,#266,.T.);
#1258=EDGE_CURVE('',#1035,#901,#267,.T.);
#1259=EDGE_CURVE('',#1037,#904,#268,.T.);
#1260=EDGE_CURVE('',#1038,#903,#269,.T.);
#1261=EDGE_CURVE('',#1036,#902,#270,.T.);
#1262=EDGE_CURVE('',#1027,#905,#271,.T.);
#1263=EDGE_CURVE('',#1029,#912,#272,.T.);
#1264=EDGE_CURVE('',#1030,#911,#273,.T.);
#1265=EDGE_CURVE('',#1031,#910,#274,.T.);
#1266=EDGE_CURVE('',#1032,#909,#275,.T.);
#1267=EDGE_CURVE('',#1033,#908,#276,.T.);
#1268=EDGE_CURVE('',#1034,#907,#277,.T.);
#1269=EDGE_CURVE('',#1028,#906,#278,.T.);
#1270=EDGE_CURVE('',#1026,#887,#279,.T.);
#1271=EDGE_CURVE('',#1022,#913,#280,.T.);
#1272=EDGE_CURVE('',#1024,#916,#281,.T.);
#1273=EDGE_CURVE('',#1025,#915,#282,.T.);
#1274=EDGE_CURVE('',#1023,#914,#283,.T.);
#1275=EDGE_CURVE('',#1018,#917,#284,.T.);
#1276=EDGE_CURVE('',#1020,#920,#285,.T.);
#1277=EDGE_CURVE('',#1021,#919,#286,.T.);
#1278=EDGE_CURVE('',#1019,#918,#287,.T.);
#1279=EDGE_CURVE('',#1014,#921,#288,.T.);
#1280=EDGE_CURVE('',#1016,#924,#289,.T.);
#1281=EDGE_CURVE('',#1017,#923,#290,.T.);
#1282=EDGE_CURVE('',#1015,#922,#291,.T.);
#1283=EDGE_CURVE('',#1010,#925,#292,.T.);
#1284=EDGE_CURVE('',#1012,#928,#293,.T.);
#1285=EDGE_CURVE('',#1013,#927,#294,.T.);
#1286=EDGE_CURVE('',#1011,#926,#295,.T.);
#1287=EDGE_CURVE('',#1000,#929,#296,.T.);
#1288=EDGE_CURVE('',#1002,#938,#297,.T.);
#1289=EDGE_CURVE('',#1003,#937,#298,.T.);
#1290=EDGE_CURVE('',#1004,#936,#299,.T.);
#1291=EDGE_CURVE('',#1005,#935,#300,.T.);
#1292=EDGE_CURVE('',#1006,#934,#301,.T.);
#1293=EDGE_CURVE('',#1007,#933,#302,.T.);
#1294=EDGE_CURVE('',#1008,#932,#303,.T.);
#1295=EDGE_CURVE('',#1009,#931,#304,.T.);
#1296=EDGE_CURVE('',#1001,#930,#305,.T.);
#1297=EDGE_CURVE('',#996,#939,#306,.T.);
#1298=EDGE_CURVE('',#998,#942,#307,.T.);
#1299=EDGE_CURVE('',#999,#941,#308,.T.);
#1300=EDGE_CURVE('',#997,#940,#309,.T.);
#1301=EDGE_CURVE('',#992,#943,#310,.T.);
#1302=EDGE_CURVE('',#994,#946,#311,.T.);
#1303=EDGE_CURVE('',#995,#945,#312,.T.);
#1304=EDGE_CURVE('',#993,#944,#313,.T.);
#1305=EDGE_CURVE('',#991,#947,#314,.T.);
#1306=EDGE_CURVE('',#990,#948,#315,.T.);
#1307=EDGE_CURVE('',#986,#949,#316,.T.);
#1308=EDGE_CURVE('',#988,#952,#317,.T.);
#1309=EDGE_CURVE('',#989,#951,#318,.T.);
#1310=EDGE_CURVE('',#987,#950,#319,.T.);
#1311=EDGE_CURVE('',#985,#953,#320,.T.);
#1312=EDGE_CURVE('',#980,#954,#321,.T.);
#1313=EDGE_CURVE('',#982,#958,#322,.T.);
#1314=EDGE_CURVE('',#983,#957,#323,.T.);
#1315=EDGE_CURVE('',#984,#956,#324,.T.);
#1316=EDGE_CURVE('',#981,#955,#325,.T.);
#1317=EDGE_CURVE('',#976,#959,#326,.T.);
#1318=EDGE_CURVE('',#978,#962,#327,.T.);
#1319=EDGE_CURVE('',#979,#961,#328,.T.);
#1320=EDGE_CURVE('',#977,#960,#329,.T.);
#1321=EDGE_CURVE('',#975,#963,#330,.T.);
#1322=EDGE_CURVE('',#974,#964,#331,.T.);
#1323=EDGE_CURVE('',#970,#965,#332,.T.);
#1324=EDGE_CURVE('',#972,#968,#333,.T.);
#1325=EDGE_CURVE('',#973,#967,#334,.T.);
#1326=EDGE_CURVE('',#971,#966,#335,.T.);
#1327=ORIENTED_EDGE('',*,*,#1052,.T.);
#1328=ORIENTED_EDGE('',*,*,#1053,.T.);
#1329=ORIENTED_EDGE('',*,*,#1054,.T.);
#1330=ORIENTED_EDGE('',*,*,#1055,.T.);
#1331=ORIENTED_EDGE('',*,*,#1056,.T.);
#1332=ORIENTED_EDGE('',*,*,#1057,.T.);
#1333=ORIENTED_EDGE('',*,*,#1058,.T.);
#1334=ORIENTED_EDGE('',*,*,#1059,.T.);
#1335=ORIENTED_EDGE('',*,*,#1060,.T.);
#1336=ORIENTED_EDGE('',*,*,#1061,.T.);
#1337=ORIENTED_EDGE('',*,*,#1062,.T.);
#1338=ORIENTED_EDGE('',*,*,#1063,.T.);
#1339=ORIENTED_EDGE('',*,*,#1064,.T.);
#1340=ORIENTED_EDGE('',*,*,#1065,.T.);
#1341=ORIENTED_EDGE('',*,*,#1062,.F.);
#1342=ORIENTED_EDGE('',*,*,#1066,.F.);
#1343=ORIENTED_EDGE('',*,*,#1054,.F.);
#1344=ORIENTED_EDGE('',*,*,#1067,.T.);
#1345=ORIENTED_EDGE('',*,*,#1059,.F.);
#1346=ORIENTED_EDGE('',*,*,#1068,.F.);
#1347=ORIENTED_EDGE('',*,*,#1063,.F.);
#1348=ORIENTED_EDGE('',*,*,#1069,.T.);
#1349=ORIENTED_EDGE('',*,*,#1070,.T.);
#1350=ORIENTED_EDGE('',*,*,#1071,.T.);
#1351=ORIENTED_EDGE('',*,*,#1056,.F.);
#1352=ORIENTED_EDGE('',*,*,#1072,.F.);
#1353=ORIENTED_EDGE('',*,*,#1060,.F.);
#1354=ORIENTED_EDGE('',*,*,#1073,.T.);
#1355=ORIENTED_EDGE('',*,*,#1053,.F.);
#1356=ORIENTED_EDGE('',*,*,#1074,.F.);
#1357=ORIENTED_EDGE('',*,*,#1057,.F.);
#1358=ORIENTED_EDGE('',*,*,#1075,.T.);
#1359=ORIENTED_EDGE('',*,*,#1067,.F.);
#1360=ORIENTED_EDGE('',*,*,#1075,.F.);
#1361=ORIENTED_EDGE('',*,*,#1071,.F.);
#1362=ORIENTED_EDGE('',*,*,#1076,.T.);
#1363=ORIENTED_EDGE('',*,*,#1077,.T.);
#1364=ORIENTED_EDGE('',*,*,#1073,.F.);
#1365=ORIENTED_EDGE('',*,*,#1069,.F.);
#1366=ORIENTED_EDGE('',*,*,#1065,.F.);
#1367=ORIENTED_EDGE('',*,*,#1078,.T.);
#1368=ORIENTED_EDGE('',*,*,#1079,.T.);
#1369=ORIENTED_EDGE('',*,*,#1080,.T.);
#1370=ORIENTED_EDGE('',*,*,#1081,.T.);
#1371=ORIENTED_EDGE('',*,*,#1082,.T.);
#1372=ORIENTED_EDGE('',*,*,#1083,.T.);
#1373=ORIENTED_EDGE('',*,*,#1084,.T.);
#1374=ORIENTED_EDGE('',*,*,#1085,.T.);
#1375=ORIENTED_EDGE('',*,*,#1086,.T.);
#1376=ORIENTED_EDGE('',*,*,#1087,.T.);
#1377=ORIENTED_EDGE('',*,*,#1088,.T.);
#1378=ORIENTED_EDGE('',*,*,#1089,.T.);
#1379=ORIENTED_EDGE('',*,*,#1090,.T.);
#1380=ORIENTED_EDGE('',*,*,#1091,.T.);
#1381=ORIENTED_EDGE('',*,*,#1092,.T.);
#1382=ORIENTED_EDGE('',*,*,#1093,.T.);
#1383=ORIENTED_EDGE('',*,*,#1094,.T.);
#1384=ORIENTED_EDGE('',*,*,#1095,.T.);
#1385=ORIENTED_EDGE('',*,*,#1096,.T.);
#1386=ORIENTED_EDGE('',*,*,#1097,.T.);
#1387=ORIENTED_EDGE('',*,*,#1098,.T.);
#1388=ORIENTED_EDGE('',*,*,#1099,.T.);
#1389=ORIENTED_EDGE('',*,*,#1100,.T.);
#1390=ORIENTED_EDGE('',*,*,#1101,.T.);
#1391=ORIENTED_EDGE('',*,*,#1102,.T.);
#1392=ORIENTED_EDGE('',*,*,#1103,.T.);
#1393=ORIENTED_EDGE('',*,*,#1104,.T.);
#1394=ORIENTED_EDGE('',*,*,#1105,.T.);
#1395=ORIENTED_EDGE('',*,*,#1106,.T.);
#1396=ORIENTED_EDGE('',*,*,#1107,.T.);
#1397=ORIENTED_EDGE('',*,*,#1108,.T.);
#1398=ORIENTED_EDGE('',*,*,#1109,.T.);
#1399=ORIENTED_EDGE('',*,*,#1110,.T.);
#1400=ORIENTED_EDGE('',*,*,#1111,.T.);
#1401=ORIENTED_EDGE('',*,*,#1112,.T.);
#1402=ORIENTED_EDGE('',*,*,#1113,.T.);
#1403=ORIENTED_EDGE('',*,*,#1114,.T.);
#1404=ORIENTED_EDGE('',*,*,#1115,.T.);
#1405=ORIENTED_EDGE('',*,*,#1116,.T.);
#1406=ORIENTED_EDGE('',*,*,#1117,.T.);
#1407=ORIENTED_EDGE('',*,*,#1118,.T.);
#1408=ORIENTED_EDGE('',*,*,#1119,.T.);
#1409=ORIENTED_EDGE('',*,*,#1120,.T.);
#1410=ORIENTED_EDGE('',*,*,#1121,.T.);
#1411=ORIENTED_EDGE('',*,*,#1122,.T.);
#1412=ORIENTED_EDGE('',*,*,#1123,.T.);
#1413=ORIENTED_EDGE('',*,*,#1124,.T.);
#1414=ORIENTED_EDGE('',*,*,#1125,.T.);
#1415=ORIENTED_EDGE('',*,*,#1126,.T.);
#1416=ORIENTED_EDGE('',*,*,#1127,.T.);
#1417=ORIENTED_EDGE('',*,*,#1128,.T.);
#1418=ORIENTED_EDGE('',*,*,#1129,.T.);
#1419=ORIENTED_EDGE('',*,*,#1130,.T.);
#1420=ORIENTED_EDGE('',*,*,#1131,.T.);
#1421=ORIENTED_EDGE('',*,*,#1132,.T.);
#1422=ORIENTED_EDGE('',*,*,#1133,.T.);
#1423=ORIENTED_EDGE('',*,*,#1134,.T.);
#1424=ORIENTED_EDGE('',*,*,#1135,.T.);
#1425=ORIENTED_EDGE('',*,*,#1136,.T.);
#1426=ORIENTED_EDGE('',*,*,#1137,.T.);
#1427=ORIENTED_EDGE('',*,*,#1138,.T.);
#1428=ORIENTED_EDGE('',*,*,#1139,.T.);
#1429=ORIENTED_EDGE('',*,*,#1140,.T.);
#1430=ORIENTED_EDGE('',*,*,#1141,.T.);
#1431=ORIENTED_EDGE('',*,*,#1142,.T.);
#1432=ORIENTED_EDGE('',*,*,#1143,.T.);
#1433=ORIENTED_EDGE('',*,*,#1144,.T.);
#1434=ORIENTED_EDGE('',*,*,#1145,.T.);
#1435=ORIENTED_EDGE('',*,*,#1146,.T.);
#1436=ORIENTED_EDGE('',*,*,#1147,.T.);
#1437=ORIENTED_EDGE('',*,*,#1148,.T.);
#1438=ORIENTED_EDGE('',*,*,#1149,.T.);
#1439=ORIENTED_EDGE('',*,*,#1150,.T.);
#1440=ORIENTED_EDGE('',*,*,#1151,.T.);
#1441=ORIENTED_EDGE('',*,*,#1152,.T.);
#1442=ORIENTED_EDGE('',*,*,#1153,.T.);
#1443=ORIENTED_EDGE('',*,*,#1154,.T.);
#1444=ORIENTED_EDGE('',*,*,#1155,.T.);
#1445=ORIENTED_EDGE('',*,*,#1156,.T.);
#1446=ORIENTED_EDGE('',*,*,#1157,.T.);
#1447=ORIENTED_EDGE('',*,*,#1158,.T.);
#1448=ORIENTED_EDGE('',*,*,#1159,.T.);
#1449=ORIENTED_EDGE('',*,*,#1160,.T.);
#1450=ORIENTED_EDGE('',*,*,#1161,.T.);
#1451=ORIENTED_EDGE('',*,*,#1162,.T.);
#1452=ORIENTED_EDGE('',*,*,#1076,.F.);
#1453=ORIENTED_EDGE('',*,*,#1070,.F.);
#1454=ORIENTED_EDGE('',*,*,#1077,.F.);
#1455=ORIENTED_EDGE('',*,*,#1162,.F.);
#1456=ORIENTED_EDGE('',*,*,#1055,.F.);
#1457=ORIENTED_EDGE('',*,*,#1074,.T.);
#1458=ORIENTED_EDGE('',*,*,#1052,.F.);
#1459=ORIENTED_EDGE('',*,*,#1066,.T.);
#1460=ORIENTED_EDGE('',*,*,#1061,.F.);
#1461=ORIENTED_EDGE('',*,*,#1068,.T.);
#1462=ORIENTED_EDGE('',*,*,#1058,.F.);
#1463=ORIENTED_EDGE('',*,*,#1072,.T.);
#1464=ORIENTED_EDGE('',*,*,#1163,.F.);
#1465=ORIENTED_EDGE('',*,*,#1164,.F.);
#1466=ORIENTED_EDGE('',*,*,#1165,.F.);
#1467=ORIENTED_EDGE('',*,*,#1166,.F.);
#1468=ORIENTED_EDGE('',*,*,#1167,.F.);
#1469=ORIENTED_EDGE('',*,*,#1168,.F.);
#1470=ORIENTED_EDGE('',*,*,#1169,.F.);
#1471=ORIENTED_EDGE('',*,*,#1170,.F.);
#1472=ORIENTED_EDGE('',*,*,#1171,.F.);
#1473=ORIENTED_EDGE('',*,*,#1172,.F.);
#1474=ORIENTED_EDGE('',*,*,#1173,.F.);
#1475=ORIENTED_EDGE('',*,*,#1174,.F.);
#1476=ORIENTED_EDGE('',*,*,#1175,.F.);
#1477=ORIENTED_EDGE('',*,*,#1176,.F.);
#1478=ORIENTED_EDGE('',*,*,#1177,.F.);
#1479=ORIENTED_EDGE('',*,*,#1178,.F.);
#1480=ORIENTED_EDGE('',*,*,#1179,.F.);
#1481=ORIENTED_EDGE('',*,*,#1180,.F.);
#1482=ORIENTED_EDGE('',*,*,#1181,.F.);
#1483=ORIENTED_EDGE('',*,*,#1182,.F.);
#1484=ORIENTED_EDGE('',*,*,#1183,.F.);
#1485=ORIENTED_EDGE('',*,*,#1184,.F.);
#1486=ORIENTED_EDGE('',*,*,#1185,.F.);
#1487=ORIENTED_EDGE('',*,*,#1186,.F.);
#1488=ORIENTED_EDGE('',*,*,#1187,.F.);
#1489=ORIENTED_EDGE('',*,*,#1188,.F.);
#1490=ORIENTED_EDGE('',*,*,#1189,.F.);
#1491=ORIENTED_EDGE('',*,*,#1190,.F.);
#1492=ORIENTED_EDGE('',*,*,#1191,.F.);
#1493=ORIENTED_EDGE('',*,*,#1192,.F.);
#1494=ORIENTED_EDGE('',*,*,#1193,.F.);
#1495=ORIENTED_EDGE('',*,*,#1194,.F.);
#1496=ORIENTED_EDGE('',*,*,#1195,.F.);
#1497=ORIENTED_EDGE('',*,*,#1196,.F.);
#1498=ORIENTED_EDGE('',*,*,#1197,.F.);
#1499=ORIENTED_EDGE('',*,*,#1198,.F.);
#1500=ORIENTED_EDGE('',*,*,#1199,.F.);
#1501=ORIENTED_EDGE('',*,*,#1200,.F.);
#1502=ORIENTED_EDGE('',*,*,#1201,.F.);
#1503=ORIENTED_EDGE('',*,*,#1202,.F.);
#1504=ORIENTED_EDGE('',*,*,#1203,.F.);
#1505=ORIENTED_EDGE('',*,*,#1204,.F.);
#1506=ORIENTED_EDGE('',*,*,#1205,.F.);
#1507=ORIENTED_EDGE('',*,*,#1206,.F.);
#1508=ORIENTED_EDGE('',*,*,#1207,.F.);
#1509=ORIENTED_EDGE('',*,*,#1208,.F.);
#1510=ORIENTED_EDGE('',*,*,#1209,.F.);
#1511=ORIENTED_EDGE('',*,*,#1210,.F.);
#1512=ORIENTED_EDGE('',*,*,#1211,.F.);
#1513=ORIENTED_EDGE('',*,*,#1212,.F.);
#1514=ORIENTED_EDGE('',*,*,#1213,.F.);
#1515=ORIENTED_EDGE('',*,*,#1214,.F.);
#1516=ORIENTED_EDGE('',*,*,#1161,.F.);
#1517=ORIENTED_EDGE('',*,*,#1215,.F.);
#1518=ORIENTED_EDGE('',*,*,#1216,.F.);
#1519=ORIENTED_EDGE('',*,*,#1217,.F.);
#1520=ORIENTED_EDGE('',*,*,#1218,.F.);
#1521=ORIENTED_EDGE('',*,*,#1219,.F.);
#1522=ORIENTED_EDGE('',*,*,#1220,.F.);
#1523=ORIENTED_EDGE('',*,*,#1221,.F.);
#1524=ORIENTED_EDGE('',*,*,#1222,.F.);
#1525=ORIENTED_EDGE('',*,*,#1223,.F.);
#1526=ORIENTED_EDGE('',*,*,#1224,.F.);
#1527=ORIENTED_EDGE('',*,*,#1225,.F.);
#1528=ORIENTED_EDGE('',*,*,#1226,.F.);
#1529=ORIENTED_EDGE('',*,*,#1227,.F.);
#1530=ORIENTED_EDGE('',*,*,#1228,.F.);
#1531=ORIENTED_EDGE('',*,*,#1229,.F.);
#1532=ORIENTED_EDGE('',*,*,#1230,.F.);
#1533=ORIENTED_EDGE('',*,*,#1231,.F.);
#1534=ORIENTED_EDGE('',*,*,#1232,.F.);
#1535=ORIENTED_EDGE('',*,*,#1233,.F.);
#1536=ORIENTED_EDGE('',*,*,#1234,.F.);
#1537=ORIENTED_EDGE('',*,*,#1235,.F.);
#1538=ORIENTED_EDGE('',*,*,#1236,.F.);
#1539=ORIENTED_EDGE('',*,*,#1237,.F.);
#1540=ORIENTED_EDGE('',*,*,#1238,.F.);
#1541=ORIENTED_EDGE('',*,*,#1239,.F.);
#1542=ORIENTED_EDGE('',*,*,#1240,.F.);
#1543=ORIENTED_EDGE('',*,*,#1241,.F.);
#1544=ORIENTED_EDGE('',*,*,#1242,.F.);
#1545=ORIENTED_EDGE('',*,*,#1243,.F.);
#1546=ORIENTED_EDGE('',*,*,#1244,.F.);
#1547=ORIENTED_EDGE('',*,*,#1242,.T.);
#1548=ORIENTED_EDGE('',*,*,#1245,.T.);
#1549=ORIENTED_EDGE('',*,*,#1083,.F.);
#1550=ORIENTED_EDGE('',*,*,#1246,.F.);
#1551=ORIENTED_EDGE('',*,*,#1243,.T.);
#1552=ORIENTED_EDGE('',*,*,#1246,.T.);
#1553=ORIENTED_EDGE('',*,*,#1082,.F.);
#1554=ORIENTED_EDGE('',*,*,#1247,.F.);
#1555=ORIENTED_EDGE('',*,*,#1244,.T.);
#1556=ORIENTED_EDGE('',*,*,#1247,.T.);
#1557=ORIENTED_EDGE('',*,*,#1081,.F.);
#1558=ORIENTED_EDGE('',*,*,#1248,.F.);
#1559=ORIENTED_EDGE('',*,*,#1241,.T.);
#1560=ORIENTED_EDGE('',*,*,#1248,.T.);
#1561=ORIENTED_EDGE('',*,*,#1080,.F.);
#1562=ORIENTED_EDGE('',*,*,#1245,.F.);
#1563=ORIENTED_EDGE('',*,*,#1240,.T.);
#1564=ORIENTED_EDGE('',*,*,#1249,.T.);
#1565=ORIENTED_EDGE('',*,*,#1084,.F.);
#1566=ORIENTED_EDGE('',*,*,#1249,.F.);
#1567=ORIENTED_EDGE('',*,*,#1237,.T.);
#1568=ORIENTED_EDGE('',*,*,#1250,.T.);
#1569=ORIENTED_EDGE('',*,*,#1088,.F.);
#1570=ORIENTED_EDGE('',*,*,#1251,.F.);
#1571=ORIENTED_EDGE('',*,*,#1238,.T.);
#1572=ORIENTED_EDGE('',*,*,#1251,.T.);
#1573=ORIENTED_EDGE('',*,*,#1087,.F.);
#1574=ORIENTED_EDGE('',*,*,#1252,.F.);
#1575=ORIENTED_EDGE('',*,*,#1239,.T.);
#1576=ORIENTED_EDGE('',*,*,#1252,.T.);
#1577=ORIENTED_EDGE('',*,*,#1086,.F.);
#1578=ORIENTED_EDGE('',*,*,#1253,.F.);
#1579=ORIENTED_EDGE('',*,*,#1236,.T.);
#1580=ORIENTED_EDGE('',*,*,#1253,.T.);
#1581=ORIENTED_EDGE('',*,*,#1085,.F.);
#1582=ORIENTED_EDGE('',*,*,#1250,.F.);
#1583=ORIENTED_EDGE('',*,*,#1233,.T.);
#1584=ORIENTED_EDGE('',*,*,#1254,.T.);
#1585=ORIENTED_EDGE('',*,*,#1092,.F.);
#1586=ORIENTED_EDGE('',*,*,#1255,.F.);
#1587=ORIENTED_EDGE('',*,*,#1234,.T.);
#1588=ORIENTED_EDGE('',*,*,#1255,.T.);
#1589=ORIENTED_EDGE('',*,*,#1091,.F.);
#1590=ORIENTED_EDGE('',*,*,#1256,.F.);
#1591=ORIENTED_EDGE('',*,*,#1235,.T.);
#1592=ORIENTED_EDGE('',*,*,#1256,.T.);
#1593=ORIENTED_EDGE('',*,*,#1090,.F.);
#1594=ORIENTED_EDGE('',*,*,#1257,.F.);
#1595=ORIENTED_EDGE('',*,*,#1232,.T.);
#1596=ORIENTED_EDGE('',*,*,#1257,.T.);
#1597=ORIENTED_EDGE('',*,*,#1089,.F.);
#1598=ORIENTED_EDGE('',*,*,#1254,.F.);
#1599=ORIENTED_EDGE('',*,*,#1229,.T.);
#1600=ORIENTED_EDGE('',*,*,#1258,.T.);
#1601=ORIENTED_EDGE('',*,*,#1096,.F.);
#1602=ORIENTED_EDGE('',*,*,#1259,.F.);
#1603=ORIENTED_EDGE('',*,*,#1230,.T.);
#1604=ORIENTED_EDGE('',*,*,#1259,.T.);
#1605=ORIENTED_EDGE('',*,*,#1095,.F.);
#1606=ORIENTED_EDGE('',*,*,#1260,.F.);
#1607=ORIENTED_EDGE('',*,*,#1231,.T.);
#1608=ORIENTED_EDGE('',*,*,#1260,.T.);
#1609=ORIENTED_EDGE('',*,*,#1094,.F.);
#1610=ORIENTED_EDGE('',*,*,#1261,.F.);
#1611=ORIENTED_EDGE('',*,*,#1228,.T.);
#1612=ORIENTED_EDGE('',*,*,#1261,.T.);
#1613=ORIENTED_EDGE('',*,*,#1093,.F.);
#1614=ORIENTED_EDGE('',*,*,#1258,.F.);
#1615=ORIENTED_EDGE('',*,*,#1221,.T.);
#1616=ORIENTED_EDGE('',*,*,#1262,.T.);
#1617=ORIENTED_EDGE('',*,*,#1104,.F.);
#1618=ORIENTED_EDGE('',*,*,#1263,.F.);
#1619=ORIENTED_EDGE('',*,*,#1222,.T.);
#1620=ORIENTED_EDGE('',*,*,#1263,.T.);
#1621=ORIENTED_EDGE('',*,*,#1103,.F.);
#1622=ORIENTED_EDGE('',*,*,#1264,.F.);
#1623=ORIENTED_EDGE('',*,*,#1223,.T.);
#1624=ORIENTED_EDGE('',*,*,#1264,.T.);
#1625=ORIENTED_EDGE('',*,*,#1102,.F.);
#1626=ORIENTED_EDGE('',*,*,#1265,.F.);
#1627=ORIENTED_EDGE('',*,*,#1224,.T.);
#1628=ORIENTED_EDGE('',*,*,#1265,.T.);
#1629=ORIENTED_EDGE('',*,*,#1101,.F.);
#1630=ORIENTED_EDGE('',*,*,#1266,.F.);
#1631=ORIENTED_EDGE('',*,*,#1225,.T.);
#1632=ORIENTED_EDGE('',*,*,#1266,.T.);
#1633=ORIENTED_EDGE('',*,*,#1100,.F.);
#1634=ORIENTED_EDGE('',*,*,#1267,.F.);
#1635=ORIENTED_EDGE('',*,*,#1226,.T.);
#1636=ORIENTED_EDGE('',*,*,#1267,.T.);
#1637=ORIENTED_EDGE('',*,*,#1099,.F.);
#1638=ORIENTED_EDGE('',*,*,#1268,.F.);
#1639=ORIENTED_EDGE('',*,*,#1227,.T.);
#1640=ORIENTED_EDGE('',*,*,#1268,.T.);
#1641=ORIENTED_EDGE('',*,*,#1098,.F.);
#1642=ORIENTED_EDGE('',*,*,#1269,.F.);
#1643=ORIENTED_EDGE('',*,*,#1220,.T.);
#1644=ORIENTED_EDGE('',*,*,#1269,.T.);
#1645=ORIENTED_EDGE('',*,*,#1097,.F.);
#1646=ORIENTED_EDGE('',*,*,#1262,.F.);
#1647=ORIENTED_EDGE('',*,*,#1219,.T.);
#1648=ORIENTED_EDGE('',*,*,#1270,.T.);
#1649=ORIENTED_EDGE('',*,*,#1078,.F.);
#1650=ORIENTED_EDGE('',*,*,#1064,.F.);
#1651=ORIENTED_EDGE('',*,*,#1079,.F.);
#1652=ORIENTED_EDGE('',*,*,#1270,.F.);
#1653=ORIENTED_EDGE('',*,*,#1216,.T.);
#1654=ORIENTED_EDGE('',*,*,#1271,.T.);
#1655=ORIENTED_EDGE('',*,*,#1108,.F.);
#1656=ORIENTED_EDGE('',*,*,#1272,.F.);
#1657=ORIENTED_EDGE('',*,*,#1217,.T.);
#1658=ORIENTED_EDGE('',*,*,#1272,.T.);
#1659=ORIENTED_EDGE('',*,*,#1107,.F.);
#1660=ORIENTED_EDGE('',*,*,#1273,.F.);
#1661=ORIENTED_EDGE('',*,*,#1218,.T.);
#1662=ORIENTED_EDGE('',*,*,#1273,.T.);
#1663=ORIENTED_EDGE('',*,*,#1106,.F.);
#1664=ORIENTED_EDGE('',*,*,#1274,.F.);
#1665=ORIENTED_EDGE('',*,*,#1215,.T.);
#1666=ORIENTED_EDGE('',*,*,#1274,.T.);
#1667=ORIENTED_EDGE('',*,*,#1105,.F.);
#1668=ORIENTED_EDGE('',*,*,#1271,.F.);
#1669=ORIENTED_EDGE('',*,*,#1212,.T.);
#1670=ORIENTED_EDGE('',*,*,#1275,.T.);
#1671=ORIENTED_EDGE('',*,*,#1112,.F.);
#1672=ORIENTED_EDGE('',*,*,#1276,.F.);
#1673=ORIENTED_EDGE('',*,*,#1213,.T.);
#1674=ORIENTED_EDGE('',*,*,#1276,.T.);
#1675=ORIENTED_EDGE('',*,*,#1111,.F.);
#1676=ORIENTED_EDGE('',*,*,#1277,.F.);
#1677=ORIENTED_EDGE('',*,*,#1214,.T.);
#1678=ORIENTED_EDGE('',*,*,#1277,.T.);
#1679=ORIENTED_EDGE('',*,*,#1110,.F.);
#1680=ORIENTED_EDGE('',*,*,#1278,.F.);
#1681=ORIENTED_EDGE('',*,*,#1211,.T.);
#1682=ORIENTED_EDGE('',*,*,#1278,.T.);
#1683=ORIENTED_EDGE('',*,*,#1109,.F.);
#1684=ORIENTED_EDGE('',*,*,#1275,.F.);
#1685=ORIENTED_EDGE('',*,*,#1208,.T.);
#1686=ORIENTED_EDGE('',*,*,#1279,.T.);
#1687=ORIENTED_EDGE('',*,*,#1116,.F.);
#1688=ORIENTED_EDGE('',*,*,#1280,.F.);
#1689=ORIENTED_EDGE('',*,*,#1209,.T.);
#1690=ORIENTED_EDGE('',*,*,#1280,.T.);
#1691=ORIENTED_EDGE('',*,*,#1115,.F.);
#1692=ORIENTED_EDGE('',*,*,#1281,.F.);
#1693=ORIENTED_EDGE('',*,*,#1210,.T.);
#1694=ORIENTED_EDGE('',*,*,#1281,.T.);
#1695=ORIENTED_EDGE('',*,*,#1114,.F.);
#1696=ORIENTED_EDGE('',*,*,#1282,.F.);
#1697=ORIENTED_EDGE('',*,*,#1207,.T.);
#1698=ORIENTED_EDGE('',*,*,#1282,.T.);
#1699=ORIENTED_EDGE('',*,*,#1113,.F.);
#1700=ORIENTED_EDGE('',*,*,#1279,.F.);
#1701=ORIENTED_EDGE('',*,*,#1204,.T.);
#1702=ORIENTED_EDGE('',*,*,#1283,.T.);
#1703=ORIENTED_EDGE('',*,*,#1120,.F.);
#1704=ORIENTED_EDGE('',*,*,#1284,.F.);
#1705=ORIENTED_EDGE('',*,*,#1205,.T.);
#1706=ORIENTED_EDGE('',*,*,#1284,.T.);
#1707=ORIENTED_EDGE('',*,*,#1119,.F.);
#1708=ORIENTED_EDGE('',*,*,#1285,.F.);
#1709=ORIENTED_EDGE('',*,*,#1206,.T.);
#1710=ORIENTED_EDGE('',*,*,#1285,.T.);
#1711=ORIENTED_EDGE('',*,*,#1118,.F.);
#1712=ORIENTED_EDGE('',*,*,#1286,.F.);
#1713=ORIENTED_EDGE('',*,*,#1203,.T.);
#1714=ORIENTED_EDGE('',*,*,#1286,.T.);
#1715=ORIENTED_EDGE('',*,*,#1117,.F.);
#1716=ORIENTED_EDGE('',*,*,#1283,.F.);
#1717=ORIENTED_EDGE('',*,*,#1194,.T.);
#1718=ORIENTED_EDGE('',*,*,#1287,.T.);
#1719=ORIENTED_EDGE('',*,*,#1130,.F.);
#1720=ORIENTED_EDGE('',*,*,#1288,.F.);
#1721=ORIENTED_EDGE('',*,*,#1195,.T.);
#1722=ORIENTED_EDGE('',*,*,#1288,.T.);
#1723=ORIENTED_EDGE('',*,*,#1129,.F.);
#1724=ORIENTED_EDGE('',*,*,#1289,.F.);
#1725=ORIENTED_EDGE('',*,*,#1196,.T.);
#1726=ORIENTED_EDGE('',*,*,#1289,.T.);
#1727=ORIENTED_EDGE('',*,*,#1128,.F.);
#1728=ORIENTED_EDGE('',*,*,#1290,.F.);
#1729=ORIENTED_EDGE('',*,*,#1197,.T.);
#1730=ORIENTED_EDGE('',*,*,#1290,.T.);
#1731=ORIENTED_EDGE('',*,*,#1127,.F.);
#1732=ORIENTED_EDGE('',*,*,#1291,.F.);
#1733=ORIENTED_EDGE('',*,*,#1198,.T.);
#1734=ORIENTED_EDGE('',*,*,#1291,.T.);
#1735=ORIENTED_EDGE('',*,*,#1126,.F.);
#1736=ORIENTED_EDGE('',*,*,#1292,.F.);
#1737=ORIENTED_EDGE('',*,*,#1199,.T.);
#1738=ORIENTED_EDGE('',*,*,#1292,.T.);
#1739=ORIENTED_EDGE('',*,*,#1125,.F.);
#1740=ORIENTED_EDGE('',*,*,#1293,.F.);
#1741=ORIENTED_EDGE('',*,*,#1200,.T.);
#1742=ORIENTED_EDGE('',*,*,#1293,.T.);
#1743=ORIENTED_EDGE('',*,*,#1124,.F.);
#1744=ORIENTED_EDGE('',*,*,#1294,.F.);
#1745=ORIENTED_EDGE('',*,*,#1201,.T.);
#1746=ORIENTED_EDGE('',*,*,#1294,.T.);
#1747=ORIENTED_EDGE('',*,*,#1123,.F.);
#1748=ORIENTED_EDGE('',*,*,#1295,.F.);
#1749=ORIENTED_EDGE('',*,*,#1202,.T.);
#1750=ORIENTED_EDGE('',*,*,#1295,.T.);
#1751=ORIENTED_EDGE('',*,*,#1122,.F.);
#1752=ORIENTED_EDGE('',*,*,#1296,.F.);
#1753=ORIENTED_EDGE('',*,*,#1193,.T.);
#1754=ORIENTED_EDGE('',*,*,#1296,.T.);
#1755=ORIENTED_EDGE('',*,*,#1121,.F.);
#1756=ORIENTED_EDGE('',*,*,#1287,.F.);
#1757=ORIENTED_EDGE('',*,*,#1190,.T.);
#1758=ORIENTED_EDGE('',*,*,#1297,.T.);
#1759=ORIENTED_EDGE('',*,*,#1134,.F.);
#1760=ORIENTED_EDGE('',*,*,#1298,.F.);
#1761=ORIENTED_EDGE('',*,*,#1191,.T.);
#1762=ORIENTED_EDGE('',*,*,#1298,.T.);
#1763=ORIENTED_EDGE('',*,*,#1133,.F.);
#1764=ORIENTED_EDGE('',*,*,#1299,.F.);
#1765=ORIENTED_EDGE('',*,*,#1192,.T.);
#1766=ORIENTED_EDGE('',*,*,#1299,.T.);
#1767=ORIENTED_EDGE('',*,*,#1132,.F.);
#1768=ORIENTED_EDGE('',*,*,#1300,.F.);
#1769=ORIENTED_EDGE('',*,*,#1189,.T.);
#1770=ORIENTED_EDGE('',*,*,#1300,.T.);
#1771=ORIENTED_EDGE('',*,*,#1131,.F.);
#1772=ORIENTED_EDGE('',*,*,#1297,.F.);
#1773=ORIENTED_EDGE('',*,*,#1186,.T.);
#1774=ORIENTED_EDGE('',*,*,#1301,.T.);
#1775=ORIENTED_EDGE('',*,*,#1138,.F.);
#1776=ORIENTED_EDGE('',*,*,#1302,.F.);
#1777=ORIENTED_EDGE('',*,*,#1187,.T.);
#1778=ORIENTED_EDGE('',*,*,#1302,.T.);
#1779=ORIENTED_EDGE('',*,*,#1137,.F.);
#1780=ORIENTED_EDGE('',*,*,#1303,.F.);
#1781=ORIENTED_EDGE('',*,*,#1188,.T.);
#1782=ORIENTED_EDGE('',*,*,#1303,.T.);
#1783=ORIENTED_EDGE('',*,*,#1136,.F.);
#1784=ORIENTED_EDGE('',*,*,#1304,.F.);
#1785=ORIENTED_EDGE('',*,*,#1185,.T.);
#1786=ORIENTED_EDGE('',*,*,#1304,.T.);
#1787=ORIENTED_EDGE('',*,*,#1135,.F.);
#1788=ORIENTED_EDGE('',*,*,#1301,.F.);
#1789=ORIENTED_EDGE('',*,*,#1184,.T.);
#1790=ORIENTED_EDGE('',*,*,#1305,.T.);
#1791=ORIENTED_EDGE('',*,*,#1139,.F.);
#1792=ORIENTED_EDGE('',*,*,#1305,.F.);
#1793=ORIENTED_EDGE('',*,*,#1183,.T.);
#1794=ORIENTED_EDGE('',*,*,#1306,.T.);
#1795=ORIENTED_EDGE('',*,*,#1140,.F.);
#1796=ORIENTED_EDGE('',*,*,#1306,.F.);
#1797=ORIENTED_EDGE('',*,*,#1180,.T.);
#1798=ORIENTED_EDGE('',*,*,#1307,.T.);
#1799=ORIENTED_EDGE('',*,*,#1144,.F.);
#1800=ORIENTED_EDGE('',*,*,#1308,.F.);
#1801=ORIENTED_EDGE('',*,*,#1181,.T.);
#1802=ORIENTED_EDGE('',*,*,#1308,.T.);
#1803=ORIENTED_EDGE('',*,*,#1143,.F.);
#1804=ORIENTED_EDGE('',*,*,#1309,.F.);
#1805=ORIENTED_EDGE('',*,*,#1182,.T.);
#1806=ORIENTED_EDGE('',*,*,#1309,.T.);
#1807=ORIENTED_EDGE('',*,*,#1142,.F.);
#1808=ORIENTED_EDGE('',*,*,#1310,.F.);
#1809=ORIENTED_EDGE('',*,*,#1179,.T.);
#1810=ORIENTED_EDGE('',*,*,#1310,.T.);
#1811=ORIENTED_EDGE('',*,*,#1141,.F.);
#1812=ORIENTED_EDGE('',*,*,#1307,.F.);
#1813=ORIENTED_EDGE('',*,*,#1178,.T.);
#1814=ORIENTED_EDGE('',*,*,#1311,.T.);
#1815=ORIENTED_EDGE('',*,*,#1145,.F.);
#1816=ORIENTED_EDGE('',*,*,#1311,.F.);
#1817=ORIENTED_EDGE('',*,*,#1174,.T.);
#1818=ORIENTED_EDGE('',*,*,#1312,.T.);
#1819=ORIENTED_EDGE('',*,*,#1150,.F.);
#1820=ORIENTED_EDGE('',*,*,#1313,.F.);
#1821=ORIENTED_EDGE('',*,*,#1175,.T.);
#1822=ORIENTED_EDGE('',*,*,#1313,.T.);
#1823=ORIENTED_EDGE('',*,*,#1149,.F.);
#1824=ORIENTED_EDGE('',*,*,#1314,.F.);
#1825=ORIENTED_EDGE('',*,*,#1176,.T.);
#1826=ORIENTED_EDGE('',*,*,#1314,.T.);
#1827=ORIENTED_EDGE('',*,*,#1148,.F.);
#1828=ORIENTED_EDGE('',*,*,#1315,.F.);
#1829=ORIENTED_EDGE('',*,*,#1177,.T.);
#1830=ORIENTED_EDGE('',*,*,#1315,.T.);
#1831=ORIENTED_EDGE('',*,*,#1147,.F.);
#1832=ORIENTED_EDGE('',*,*,#1316,.F.);
#1833=ORIENTED_EDGE('',*,*,#1173,.T.);
#1834=ORIENTED_EDGE('',*,*,#1316,.T.);
#1835=ORIENTED_EDGE('',*,*,#1146,.F.);
#1836=ORIENTED_EDGE('',*,*,#1312,.F.);
#1837=ORIENTED_EDGE('',*,*,#1170,.T.);
#1838=ORIENTED_EDGE('',*,*,#1317,.T.);
#1839=ORIENTED_EDGE('',*,*,#1154,.F.);
#1840=ORIENTED_EDGE('',*,*,#1318,.F.);
#1841=ORIENTED_EDGE('',*,*,#1171,.T.);
#1842=ORIENTED_EDGE('',*,*,#1318,.T.);
#1843=ORIENTED_EDGE('',*,*,#1153,.F.);
#1844=ORIENTED_EDGE('',*,*,#1319,.F.);
#1845=ORIENTED_EDGE('',*,*,#1172,.T.);
#1846=ORIENTED_EDGE('',*,*,#1319,.T.);
#1847=ORIENTED_EDGE('',*,*,#1152,.F.);
#1848=ORIENTED_EDGE('',*,*,#1320,.F.);
#1849=ORIENTED_EDGE('',*,*,#1169,.T.);
#1850=ORIENTED_EDGE('',*,*,#1320,.T.);
#1851=ORIENTED_EDGE('',*,*,#1151,.F.);
#1852=ORIENTED_EDGE('',*,*,#1317,.F.);
#1853=ORIENTED_EDGE('',*,*,#1168,.T.);
#1854=ORIENTED_EDGE('',*,*,#1321,.T.);
#1855=ORIENTED_EDGE('',*,*,#1155,.F.);
#1856=ORIENTED_EDGE('',*,*,#1321,.F.);
#1857=ORIENTED_EDGE('',*,*,#1167,.T.);
#1858=ORIENTED_EDGE('',*,*,#1322,.T.);
#1859=ORIENTED_EDGE('',*,*,#1156,.F.);
#1860=ORIENTED_EDGE('',*,*,#1322,.F.);
#1861=ORIENTED_EDGE('',*,*,#1164,.T.);
#1862=ORIENTED_EDGE('',*,*,#1323,.T.);
#1863=ORIENTED_EDGE('',*,*,#1160,.F.);
#1864=ORIENTED_EDGE('',*,*,#1324,.F.);
#1865=ORIENTED_EDGE('',*,*,#1165,.T.);
#1866=ORIENTED_EDGE('',*,*,#1324,.T.);
#1867=ORIENTED_EDGE('',*,*,#1159,.F.);
#1868=ORIENTED_EDGE('',*,*,#1325,.F.);
#1869=ORIENTED_EDGE('',*,*,#1166,.T.);
#1870=ORIENTED_EDGE('',*,*,#1325,.T.);
#1871=ORIENTED_EDGE('',*,*,#1158,.F.);
#1872=ORIENTED_EDGE('',*,*,#1326,.F.);
#1873=ORIENTED_EDGE('',*,*,#1163,.T.);
#1874=ORIENTED_EDGE('',*,*,#1326,.T.);
#1875=ORIENTED_EDGE('',*,*,#1157,.F.);
#1876=ORIENTED_EDGE('',*,*,#1323,.F.);
#1877=B_SPLINE_SURFACE_WITH_KNOTS('',3,3,((#2651,#2652,#2653,#2654,#2655,
#2656),(#2657,#2658,#2659,#2660,#2661,#2662),(#2663,#2664,#2665,#2666,#2667,
#2668),(#2669,#2670,#2671,#2672,#2673,#2674),(#2675,#2676,#2677,#2678,#2679,
#2680)),.UNSPECIFIED.,.F.,.F.,.F.,(4,1,4),(4,1,1,4),(0.,0.571428571428571,
1.),(-1.5707963267949,-0.897597901025656,-0.448798950512828,-4.16333634234434E-16),
 .UNSPECIFIED.);
#1878=B_SPLINE_SURFACE_WITH_KNOTS('',3,3,((#2687,#2688,#2689,#2690,#2691,
#2692),(#2693,#2694,#2695,#2696,#2697,#2698),(#2699,#2700,#2701,#2702,#2703,
#2704),(#2705,#2706,#2707,#2708,#2709,#2710),(#2711,#2712,#2713,#2714,#2715,
#2716)),.UNSPECIFIED.,.F.,.F.,.F.,(4,1,4),(4,1,1,4),(0.,0.571428571428571,
1.),(-1.5707963267949,-0.897597901025659,-0.448798950512834,-9.86864910777901E-15),
 .UNSPECIFIED.);
#1879=B_SPLINE_SURFACE_WITH_KNOTS('',3,3,((#2723,#2724,#2725,#2726,#2727,
#2728),(#2729,#2730,#2731,#2732,#2733,#2734),(#2735,#2736,#2737,#2738,#2739,
#2740),(#2741,#2742,#2743,#2744,#2745,#2746),(#2747,#2748,#2749,#2750,#2751,
#2752)),.UNSPECIFIED.,.F.,.F.,.F.,(4,1,4),(4,1,1,4),(0.,0.571428571428571,
1.),(-1.5707963267949,-0.897597901025655,-0.448798950512827,2.12021758174937E-16),
 .UNSPECIFIED.);
#1880=B_SPLINE_SURFACE_WITH_KNOTS('',3,3,((#2759,#2760,#2761,#2762,#2763,
#2764),(#2765,#2766,#2767,#2768,#2769,#2770),(#2771,#2772,#2773,#2774,#2775,
#2776),(#2777,#2778,#2779,#2780,#2781,#2782),(#2783,#2784,#2785,#2786,#2787,
#2788)),.UNSPECIFIED.,.F.,.F.,.F.,(4,1,4),(4,1,1,4),(0.,0.571428571428571,
1.),(-1.5707963267949,-0.897597901025652,-0.448798950512822,7.89491928622357E-15),
 .UNSPECIFIED.);
#1881=ADVANCED_FACE('',(#578),#1877,.F.);
#1882=ADVANCED_FACE('',(#579),#1878,.F.);
#1883=ADVANCED_FACE('',(#580),#1879,.F.);
#1884=ADVANCED_FACE('',(#581),#1880,.F.);
#1885=ADVANCED_FACE('',(#582),#551,.T.);
#1886=ADVANCED_FACE('',(#583),#552,.T.);
#1887=ADVANCED_FACE('',(#584),#553,.T.);
#1888=ADVANCED_FACE('',(#585),#554,.T.);
#1889=ADVANCED_FACE('',(#586,#15,#16,#17,#18,#19,#20,#21,#22,#23,#24,#25,
#26,#27,#28,#29,#30,#31,#32,#33,#34,#35,#36),#61,.T.);
#1890=ADVANCED_FACE('',(#587),#555,.F.);
#1891=ADVANCED_FACE('',(#588,#37,#38,#39,#40,#41,#42,#43,#44,#45,#46,#47,
#48,#49,#50,#51,#52,#53,#54,#55,#56,#57,#58,#59,#60),#62,.F.);
#1892=ADVANCED_FACE('',(#589),#63,.T.);
#1893=ADVANCED_FACE('',(#590),#64,.T.);
#1894=ADVANCED_FACE('',(#591),#65,.T.);
#1895=ADVANCED_FACE('',(#592),#66,.T.);
#1896=ADVANCED_FACE('',(#593),#556,.F.);
#1897=ADVANCED_FACE('',(#594),#67,.T.);
#1898=ADVANCED_FACE('',(#595),#68,.T.);
#1899=ADVANCED_FACE('',(#596),#69,.T.);
#1900=ADVANCED_FACE('',(#597),#70,.T.);
#1901=ADVANCED_FACE('',(#598),#71,.T.);
#1902=ADVANCED_FACE('',(#599),#557,.F.);
#1903=ADVANCED_FACE('',(#600),#72,.T.);
#1904=ADVANCED_FACE('',(#601),#558,.F.);
#1905=ADVANCED_FACE('',(#602),#73,.T.);
#1906=ADVANCED_FACE('',(#603),#559,.F.);
#1907=ADVANCED_FACE('',(#604),#74,.T.);
#1908=ADVANCED_FACE('',(#605),#560,.F.);
#1909=ADVANCED_FACE('',(#606),#75,.T.);
#1910=ADVANCED_FACE('',(#607),#76,.T.);
#1911=ADVANCED_FACE('',(#608),#77,.T.);
#1912=ADVANCED_FACE('',(#609),#78,.T.);
#1913=ADVANCED_FACE('',(#610),#79,.T.);
#1914=ADVANCED_FACE('',(#611),#80,.T.);
#1915=ADVANCED_FACE('',(#612),#81,.T.);
#1916=ADVANCED_FACE('',(#613),#82,.T.);
#1917=ADVANCED_FACE('',(#614),#561,.F.);
#1918=ADVANCED_FACE('',(#615),#83,.T.);
#1919=ADVANCED_FACE('',(#616),#562,.F.);
#1920=ADVANCED_FACE('',(#617),#84,.T.);
#1921=ADVANCED_FACE('',(#618),#563,.F.);
#1922=ADVANCED_FACE('',(#619),#85,.T.);
#1923=ADVANCED_FACE('',(#620),#86,.T.);
#1924=ADVANCED_FACE('',(#621),#87,.T.);
#1925=ADVANCED_FACE('',(#622),#88,.T.);
#1926=ADVANCED_FACE('',(#623),#89,.T.);
#1927=ADVANCED_FACE('',(#624),#564,.F.);
#1928=ADVANCED_FACE('',(#625),#90,.T.);
#1929=ADVANCED_FACE('',(#626),#565,.F.);
#1930=ADVANCED_FACE('',(#627),#91,.T.);
#1931=ADVANCED_FACE('',(#628),#92,.T.);
#1932=ADVANCED_FACE('',(#629),#93,.T.);
#1933=ADVANCED_FACE('',(#630),#94,.T.);
#1934=ADVANCED_FACE('',(#631),#95,.T.);
#1935=ADVANCED_FACE('',(#632),#96,.T.);
#1936=ADVANCED_FACE('',(#633),#97,.T.);
#1937=ADVANCED_FACE('',(#634),#98,.T.);
#1938=ADVANCED_FACE('',(#635),#99,.T.);
#1939=ADVANCED_FACE('',(#636),#100,.T.);
#1940=ADVANCED_FACE('',(#637),#101,.T.);
#1941=ADVANCED_FACE('',(#638),#102,.T.);
#1942=ADVANCED_FACE('',(#639),#103,.T.);
#1943=ADVANCED_FACE('',(#640),#104,.T.);
#1944=ADVANCED_FACE('',(#641),#105,.T.);
#1945=ADVANCED_FACE('',(#642),#106,.T.);
#1946=ADVANCED_FACE('',(#643),#107,.T.);
#1947=ADVANCED_FACE('',(#644),#108,.T.);
#1948=ADVANCED_FACE('',(#645),#109,.T.);
#1949=ADVANCED_FACE('',(#646),#566,.F.);
#1950=ADVANCED_FACE('',(#647),#110,.T.);
#1951=ADVANCED_FACE('',(#648),#567,.F.);
#1952=ADVANCED_FACE('',(#649),#568,.F.);
#1953=ADVANCED_FACE('',(#650),#569,.F.);
#1954=ADVANCED_FACE('',(#651),#570,.F.);
#1955=ADVANCED_FACE('',(#652),#111,.T.);
#1956=ADVANCED_FACE('',(#653),#571,.F.);
#1957=ADVANCED_FACE('',(#654),#112,.T.);
#1958=ADVANCED_FACE('',(#655),#572,.F.);
#1959=ADVANCED_FACE('',(#656),#573,.F.);
#1960=ADVANCED_FACE('',(#657),#574,.F.);
#1961=ADVANCED_FACE('',(#658),#113,.T.);
#1962=ADVANCED_FACE('',(#659),#575,.F.);
#1963=ADVANCED_FACE('',(#660),#114,.T.);
#1964=ADVANCED_FACE('',(#661),#115,.T.);
#1965=ADVANCED_FACE('',(#662),#116,.T.);
#1966=ADVANCED_FACE('',(#663),#117,.T.);
#1967=ADVANCED_FACE('',(#664),#118,.T.);
#1968=ADVANCED_FACE('',(#665),#576,.F.);
#1969=ADVANCED_FACE('',(#666),#577,.F.);
#1970=ADVANCED_FACE('',(#667),#119,.T.);
#1971=ADVANCED_FACE('',(#668),#120,.T.);
#1972=ADVANCED_FACE('',(#669),#121,.T.);
#1973=ADVANCED_FACE('',(#670),#122,.T.);
#1974=CLOSED_SHELL('',(#1881,#1882,#1883,#1884,#1885,#1886,#1887,#1888,
#1889,#1890,#1891,#1892,#1893,#1894,#1895,#1896,#1897,#1898,#1899,#1900,
#1901,#1902,#1903,#1904,#1905,#1906,#1907,#1908,#1909,#1910,#1911,#1912,
#1913,#1914,#1915,#1916,#1917,#1918,#1919,#1920,#1921,#1922,#1923,#1924,
#1925,#1926,#1927,#1928,#1929,#1930,#1931,#1932,#1933,#1934,#1935,#1936,
#1937,#1938,#1939,#1940,#1941,#1942,#1943,#1944,#1945,#1946,#1947,#1948,
#1949,#1950,#1951,#1952,#1953,#1954,#1955,#1956,#1957,#1958,#1959,#1960,
#1961,#1962,#1963,#1964,#1965,#1966,#1967,#1968,#1969,#1970,#1971,#1972,
#1973));
#1975=DERIVED_UNIT_ELEMENT(#1977,1.);
#1976=DERIVED_UNIT_ELEMENT(#3350,-3.);
#1977=(
MASS_UNIT()
NAMED_UNIT(*)
SI_UNIT(.KILO.,.GRAM.)
);
#1978=DERIVED_UNIT((#1975,#1976));
#1979=MEASURE_REPRESENTATION_ITEM('density measure',
POSITIVE_RATIO_MEASURE(7850.),#1978);
#1980=PROPERTY_DEFINITION_REPRESENTATION(#1985,#1982);
#1981=PROPERTY_DEFINITION_REPRESENTATION(#1986,#1983);
#1982=REPRESENTATION('material name',(#1984),#3347);
#1983=REPRESENTATION('density',(#1979),#3347);
#1984=DESCRIPTIVE_REPRESENTATION_ITEM('Steel','Steel');
#1985=PROPERTY_DEFINITION('material property','material name',#3357);
#1986=PROPERTY_DEFINITION('material property','density of part',#3357);
#1987=AXIS2_PLACEMENT_3D('',#2650,#2137,#2138);
#1988=AXIS2_PLACEMENT_3D('',#2683,#2139,#2140);
#1989=AXIS2_PLACEMENT_3D('',#2685,#2141,#2142);
#1990=AXIS2_PLACEMENT_3D('',#2686,#2143,#2144);
#1991=AXIS2_PLACEMENT_3D('',#2719,#2145,#2146);
#1992=AXIS2_PLACEMENT_3D('',#2721,#2147,#2148);
#1993=AXIS2_PLACEMENT_3D('',#2722,#2149,#2150);
#1994=AXIS2_PLACEMENT_3D('',#2755,#2151,#2152);
#1995=AXIS2_PLACEMENT_3D('',#2757,#2153,#2154);
#1996=AXIS2_PLACEMENT_3D('',#2758,#2155,#2156);
#1997=AXIS2_PLACEMENT_3D('',#2791,#2157,#2158);
#1998=AXIS2_PLACEMENT_3D('',#2793,#2159,#2160);
#1999=AXIS2_PLACEMENT_3D('',#2794,#2161,#2162);
#2000=AXIS2_PLACEMENT_3D('',#2795,#2163,#2164);
#2001=AXIS2_PLACEMENT_3D('',#2816,#2168,#2169);
#2002=AXIS2_PLACEMENT_3D('',#2819,#2172,#2173);
#2003=AXIS2_PLACEMENT_3D('',#2840,#2177,#2178);
#2004=AXIS2_PLACEMENT_3D('',#2843,#2181,#2182);
#2005=AXIS2_PLACEMENT_3D('',#2845,#2183,#2184);
#2006=AXIS2_PLACEMENT_3D('',#2846,#2185,#2186);
#2007=AXIS2_PLACEMENT_3D('',#2848,#2187,#2188);
#2008=AXIS2_PLACEMENT_3D('',#2849,#2189,#2190);
#2009=AXIS2_PLACEMENT_3D('',#2859,#2195,#2196);
#2010=AXIS2_PLACEMENT_3D('',#2870,#2201,#2202);
#2011=AXIS2_PLACEMENT_3D('',#2874,#2204,#2205);
#2012=AXIS2_PLACEMENT_3D('',#2878,#2207,#2208);
#2013=AXIS2_PLACEMENT_3D('',#2882,#2210,#2211);
#2014=AXIS2_PLACEMENT_3D('',#2902,#2221,#2222);
#2015=AXIS2_PLACEMENT_3D('',#2906,#2224,#2225);
#2016=AXIS2_PLACEMENT_3D('',#2918,#2231,#2232);
#2017=AXIS2_PLACEMENT_3D('',#2922,#2234,#2235);
#2018=AXIS2_PLACEMENT_3D('',#2962,#2255,#2256);
#2019=AXIS2_PLACEMENT_3D('',#2966,#2258,#2259);
#2020=AXIS2_PLACEMENT_3D('',#2969,#2261,#2262);
#2021=AXIS2_PLACEMENT_3D('',#2971,#2263,#2264);
#2022=AXIS2_PLACEMENT_3D('',#2976,#2266,#2267);
#2023=AXIS2_PLACEMENT_3D('',#2979,#2269,#2270);
#2024=AXIS2_PLACEMENT_3D('',#2981,#2271,#2272);
#2025=AXIS2_PLACEMENT_3D('',#2986,#2274,#2275);
#2026=AXIS2_PLACEMENT_3D('',#2990,#2277,#2278);
#2027=AXIS2_PLACEMENT_3D('',#2991,#2279,#2280);
#2028=AXIS2_PLACEMENT_3D('',#3001,#2285,#2286);
#2029=AXIS2_PLACEMENT_3D('',#3003,#2287,#2288);
#2030=AXIS2_PLACEMENT_3D('',#3012,#2293,#2294);
#2031=AXIS2_PLACEMENT_3D('',#3014,#2295,#2296);
#2032=AXIS2_PLACEMENT_3D('',#3016,#2298,#2299);
#2033=AXIS2_PLACEMENT_3D('',#3026,#2304,#2305);
#2034=AXIS2_PLACEMENT_3D('',#3028,#2306,#2307);
#2035=AXIS2_PLACEMENT_3D('',#3041,#2313,#2314);
#2036=AXIS2_PLACEMENT_3D('',#3043,#2315,#2316);
#2037=AXIS2_PLACEMENT_3D('',#3046,#2318,#2319);
#2038=AXIS2_PLACEMENT_3D('',#3048,#2320,#2321);
#2039=AXIS2_PLACEMENT_3D('',#3053,#2323,#2324);
#2040=AXIS2_PLACEMENT_3D('',#3056,#2326,#2327);
#2041=AXIS2_PLACEMENT_3D('',#3058,#2328,#2329);
#2042=AXIS2_PLACEMENT_3D('',#3060,#2330,#2331);
#2043=AXIS2_PLACEMENT_3D('',#3063,#2332,#2333);
#2044=AXIS2_PLACEMENT_3D('',#3067,#2335,#2336);
#2045=AXIS2_PLACEMENT_3D('',#3107,#2356,#2357);
#2046=AXIS2_PLACEMENT_3D('',#3111,#2359,#2360);
#2047=AXIS2_PLACEMENT_3D('',#3123,#2366,#2367);
#2048=AXIS2_PLACEMENT_3D('',#3127,#2369,#2370);
#2049=AXIS2_PLACEMENT_3D('',#3130,#2372,#2373);
#2050=AXIS2_PLACEMENT_3D('',#3149,#2382,#2383);
#2051=AXIS2_PLACEMENT_3D('',#3153,#2385,#2386);
#2052=AXIS2_PLACEMENT_3D('',#3157,#2388,#2389);
#2053=AXIS2_PLACEMENT_3D('',#3161,#2391,#2392);
#2054=AXIS2_PLACEMENT_3D('',#3172,#2398,#2399);
#2055=AXIS2_PLACEMENT_3D('',#3181,#2404,#2405);
#2056=AXIS2_PLACEMENT_3D('',#3184,#2408,#2409);
#2057=AXIS2_PLACEMENT_3D('',#3186,#2411,#2412);
#2058=AXIS2_PLACEMENT_3D('',#3188,#2414,#2415);
#2059=AXIS2_PLACEMENT_3D('',#3189,#2416,#2417);
#2060=AXIS2_PLACEMENT_3D('',#3191,#2419,#2420);
#2061=AXIS2_PLACEMENT_3D('',#3194,#2423,#2424);
#2062=AXIS2_PLACEMENT_3D('',#3196,#2426,#2427);
#2063=AXIS2_PLACEMENT_3D('',#3198,#2429,#2430);
#2064=AXIS2_PLACEMENT_3D('',#3199,#2431,#2432);
#2065=AXIS2_PLACEMENT_3D('',#3202,#2435,#2436);
#2066=AXIS2_PLACEMENT_3D('',#3204,#2438,#2439);
#2067=AXIS2_PLACEMENT_3D('',#3206,#2441,#2442);
#2068=AXIS2_PLACEMENT_3D('',#3207,#2443,#2444);
#2069=AXIS2_PLACEMENT_3D('',#3210,#2447,#2448);
#2070=AXIS2_PLACEMENT_3D('',#3212,#2450,#2451);
#2071=AXIS2_PLACEMENT_3D('',#3214,#2453,#2454);
#2072=AXIS2_PLACEMENT_3D('',#3215,#2455,#2456);
#2073=AXIS2_PLACEMENT_3D('',#3218,#2459,#2460);
#2074=AXIS2_PLACEMENT_3D('',#3220,#2462,#2463);
#2075=AXIS2_PLACEMENT_3D('',#3222,#2465,#2466);
#2076=AXIS2_PLACEMENT_3D('',#3224,#2468,#2469);
#2077=AXIS2_PLACEMENT_3D('',#3226,#2471,#2472);
#2078=AXIS2_PLACEMENT_3D('',#3228,#2474,#2475);
#2079=AXIS2_PLACEMENT_3D('',#3230,#2477,#2478);
#2080=AXIS2_PLACEMENT_3D('',#3231,#2479,#2480);
#2081=AXIS2_PLACEMENT_3D('',#3233,#2482,#2483);
#2082=AXIS2_PLACEMENT_3D('',#3236,#2486,#2487);
#2083=AXIS2_PLACEMENT_3D('',#3238,#2489,#2490);
#2084=AXIS2_PLACEMENT_3D('',#3240,#2492,#2493);
#2085=AXIS2_PLACEMENT_3D('',#3241,#2494,#2495);
#2086=AXIS2_PLACEMENT_3D('',#3244,#2498,#2499);
#2087=AXIS2_PLACEMENT_3D('',#3246,#2501,#2502);
#2088=AXIS2_PLACEMENT_3D('',#3248,#2504,#2505);
#2089=AXIS2_PLACEMENT_3D('',#3249,#2506,#2507);
#2090=AXIS2_PLACEMENT_3D('',#3252,#2510,#2511);
#2091=AXIS2_PLACEMENT_3D('',#3254,#2513,#2514);
#2092=AXIS2_PLACEMENT_3D('',#3256,#2516,#2517);
#2093=AXIS2_PLACEMENT_3D('',#3257,#2518,#2519);
#2094=AXIS2_PLACEMENT_3D('',#3260,#2522,#2523);
#2095=AXIS2_PLACEMENT_3D('',#3262,#2525,#2526);
#2096=AXIS2_PLACEMENT_3D('',#3264,#2528,#2529);
#2097=AXIS2_PLACEMENT_3D('',#3265,#2530,#2531);
#2098=AXIS2_PLACEMENT_3D('',#3268,#2534,#2535);
#2099=AXIS2_PLACEMENT_3D('',#3270,#2537,#2538);
#2100=AXIS2_PLACEMENT_3D('',#3272,#2540,#2541);
#2101=AXIS2_PLACEMENT_3D('',#3274,#2543,#2544);
#2102=AXIS2_PLACEMENT_3D('',#3276,#2546,#2547);
#2103=AXIS2_PLACEMENT_3D('',#3278,#2549,#2550);
#2104=AXIS2_PLACEMENT_3D('',#3280,#2552,#2553);
#2105=AXIS2_PLACEMENT_3D('',#3282,#2555,#2556);
#2106=AXIS2_PLACEMENT_3D('',#3284,#2558,#2559);
#2107=AXIS2_PLACEMENT_3D('',#3285,#2560,#2561);
#2108=AXIS2_PLACEMENT_3D('',#3288,#2564,#2565);
#2109=AXIS2_PLACEMENT_3D('',#3290,#2567,#2568);
#2110=AXIS2_PLACEMENT_3D('',#3292,#2570,#2571);
#2111=AXIS2_PLACEMENT_3D('',#3293,#2572,#2573);
#2112=AXIS2_PLACEMENT_3D('',#3296,#2576,#2577);
#2113=AXIS2_PLACEMENT_3D('',#3298,#2579,#2580);
#2114=AXIS2_PLACEMENT_3D('',#3300,#2582,#2583);
#2115=AXIS2_PLACEMENT_3D('',#3301,#2584,#2585);
#2116=AXIS2_PLACEMENT_3D('',#3303,#2587,#2588);
#2117=AXIS2_PLACEMENT_3D('',#3305,#2590,#2591);
#2118=AXIS2_PLACEMENT_3D('',#3308,#2594,#2595);
#2119=AXIS2_PLACEMENT_3D('',#3310,#2597,#2598);
#2120=AXIS2_PLACEMENT_3D('',#3312,#2600,#2601);
#2121=AXIS2_PLACEMENT_3D('',#3313,#2602,#2603);
#2122=AXIS2_PLACEMENT_3D('',#3315,#2605,#2606);
#2123=AXIS2_PLACEMENT_3D('',#3318,#2609,#2610);
#2124=AXIS2_PLACEMENT_3D('',#3320,#2612,#2613);
#2125=AXIS2_PLACEMENT_3D('',#3322,#2615,#2616);
#2126=AXIS2_PLACEMENT_3D('',#3324,#2618,#2619);
#2127=AXIS2_PLACEMENT_3D('',#3325,#2620,#2621);
#2128=AXIS2_PLACEMENT_3D('',#3328,#2624,#2625);
#2129=AXIS2_PLACEMENT_3D('',#3330,#2627,#2628);
#2130=AXIS2_PLACEMENT_3D('',#3332,#2630,#2631);
#2131=AXIS2_PLACEMENT_3D('',#3333,#2632,#2633);
#2132=AXIS2_PLACEMENT_3D('',#3335,#2635,#2636);
#2133=AXIS2_PLACEMENT_3D('',#3337,#2638,#2639);
#2134=AXIS2_PLACEMENT_3D('',#3340,#2642,#2643);
#2135=AXIS2_PLACEMENT_3D('',#3342,#2645,#2646);
#2136=AXIS2_PLACEMENT_3D('',#3344,#2648,#2649);
#2137=DIRECTION('axis',(0.,0.,1.));
#2138=DIRECTION('refdir',(1.,0.,0.));
#2139=DIRECTION('center_axis',(-5.82733059324562E-17,9.95799250102959E-17,
1.));
#2140=DIRECTION('ref_axis',(-0.707106781186544,0.707106781186551,0.));
#2141=DIRECTION('center_axis',(0.316227766016833,0.948683298050515,0.));
#2142=DIRECTION('ref_axis',(-0.948683298050515,0.316227766016833,0.));
#2143=DIRECTION('center_axis',(-0.948683298050513,-0.316227766016842,-1.4043333874307E-15));
#2144=DIRECTION('ref_axis',(-0.316227766016842,0.948683298050513,0.));
#2145=DIRECTION('center_axis',(-5.82733059324562E-17,9.95799250102959E-17,
1.));
#2146=DIRECTION('ref_axis',(-0.707106781186549,-0.707106781186546,0.));
#2147=DIRECTION('center_axis',(-0.948683298050514,0.316227766016836,0.));
#2148=DIRECTION('ref_axis',(-0.316227766016836,-0.948683298050514,0.));
#2149=DIRECTION('center_axis',(0.316227766016837,-0.948683298050514,2.10650008114602E-15));
#2150=DIRECTION('ref_axis',(-0.948683298050514,-0.316227766016837,0.));
#2151=DIRECTION('center_axis',(-5.82733059324562E-17,9.95799250102959E-17,
1.));
#2152=DIRECTION('ref_axis',(0.70710678118656,-0.707106781186535,0.));
#2153=DIRECTION('center_axis',(-0.316227766016855,-0.948683298050508,0.));
#2154=DIRECTION('ref_axis',(0.948683298050508,-0.316227766016855,0.));
#2155=DIRECTION('center_axis',(0.948683298050513,0.316227766016841,0.));
#2156=DIRECTION('ref_axis',(0.316227766016841,-0.948683298050513,0.));
#2157=DIRECTION('center_axis',(-5.82733059324562E-17,9.95799250102959E-17,
1.));
#2158=DIRECTION('ref_axis',(0.707106781186552,0.707106781186543,0.));
#2159=DIRECTION('center_axis',(0.948683298050512,-0.316227766016842,0.));
#2160=DIRECTION('ref_axis',(0.316227766016842,0.948683298050512,0.));
#2161=DIRECTION('center_axis',(-0.316227766016842,0.948683298050512,-2.80866677486136E-15));
#2162=DIRECTION('ref_axis',(0.948683298050512,0.316227766016842,0.));
#2163=DIRECTION('center_axis',(-1.,5.82733059324562E-17,-5.82733059324562E-17));
#2164=DIRECTION('ref_axis',(0.,0.707106781186546,0.707106781186549));
#2165=DIRECTION('',(1.,-5.82733059324562E-17,5.82733059324562E-17));
#2166=DIRECTION('',(1.,-5.82733059324562E-17,5.82733059324562E-17));
#2167=DIRECTION('',(1.,-5.82733059324562E-17,5.82733059324562E-17));
#2168=DIRECTION('center_axis',(5.82733059324562E-17,1.,-9.95799250102959E-17));
#2169=DIRECTION('ref_axis',(0.707106781186543,0.,0.707106781186552));
#2170=DIRECTION('',(-5.82733059324562E-17,-1.,9.95799250102959E-17));
#2171=DIRECTION('',(-5.82733059324562E-17,-1.,9.95799250102959E-17));
#2172=DIRECTION('center_axis',(1.,-5.82733059324562E-17,5.82733059324562E-17));
#2173=DIRECTION('ref_axis',(0.,-0.707106781186548,0.707106781186548));
#2174=DIRECTION('',(-1.,5.82733059324562E-17,-5.82733059324562E-17));
#2175=DIRECTION('',(-1.,5.82733059324562E-17,-5.82733059324562E-17));
#2176=DIRECTION('',(-1.,5.82733059324562E-17,-5.82733059324562E-17));
#2177=DIRECTION('center_axis',(-5.82733059324562E-17,-1.,9.95799250102959E-17));
#2178=DIRECTION('ref_axis',(-0.707106781186547,0.,0.707106781186548));
#2179=DIRECTION('',(5.82733059324562E-17,1.,-9.95799250102959E-17));
#2180=DIRECTION('',(5.82733059324562E-17,1.,-9.95799250102959E-17));
#2181=DIRECTION('center_axis',(-5.82733059324562E-17,9.95799250102959E-17,
1.));
#2182=DIRECTION('ref_axis',(1.,-5.82733059324562E-17,5.82733059324562E-17));
#2183=DIRECTION('center_axis',(5.82733059324562E-17,-9.95799250102959E-17,
-1.));
#2184=DIRECTION('ref_axis',(1.,-5.82733059324562E-17,5.82733059324562E-17));
#2185=DIRECTION('center_axis',(5.82733059324562E-17,-9.95799250102959E-17,
-1.));
#2186=DIRECTION('ref_axis',(1.,-5.82733059324562E-17,5.82733059324562E-17));
#2187=DIRECTION('center_axis',(5.82733059324562E-17,-9.95799250102959E-17,
-1.));
#2188=DIRECTION('ref_axis',(1.,-5.82733059324562E-17,5.82733059324562E-17));
#2189=DIRECTION('center_axis',(5.82733059324562E-17,-9.95799250102959E-17,
-1.));
#2190=DIRECTION('ref_axis',(1.,-5.82733059324562E-17,5.82733059324562E-17));
#2191=DIRECTION('',(-1.,5.82733059324562E-17,-5.82733059324562E-17));
#2192=DIRECTION('',(5.82733059324562E-17,1.,-9.95799250102959E-17));
#2193=DIRECTION('',(1.,-5.82733059324562E-17,5.82733059324562E-17));
#2194=DIRECTION('',(-5.82733059324562E-17,-1.,9.95799250102959E-17));
#2195=DIRECTION('center_axis',(5.82733059324562E-17,-9.95799250102959E-17,
-1.));
#2196=DIRECTION('ref_axis',(1.,-5.82733059324562E-17,5.82733059324562E-17));
#2197=DIRECTION('',(-1.,5.82733059324562E-17,-5.82733059324562E-17));
#2198=DIRECTION('',(5.82733059324562E-17,1.,-9.95799250102959E-17));
#2199=DIRECTION('',(1.,-5.82733059324562E-17,5.82733059324562E-17));
#2200=DIRECTION('',(-5.82733059324562E-17,-1.,9.95799250102959E-17));
#2201=DIRECTION('center_axis',(5.82733059324562E-17,-9.95799250102959E-17,
-1.));
#2202=DIRECTION('ref_axis',(1.,-5.82733059324562E-17,5.82733059324562E-17));
#2203=DIRECTION('',(-0.706840507576089,-0.707372954564689,2.92502126264291E-17));
#2204=DIRECTION('center_axis',(5.82733059324562E-17,-9.95799250102959E-17,
-1.));
#2205=DIRECTION('ref_axis',(1.,-5.82733059324562E-17,5.82733059324562E-17));
#2206=DIRECTION('',(0.70708378861388,0.707129773011604,-2.92118198352663E-17));
#2207=DIRECTION('center_axis',(5.82733059324562E-17,-9.95799250102959E-17,
-1.));
#2208=DIRECTION('ref_axis',(1.,-5.82733059324562E-17,5.82733059324562E-17));
#2209=DIRECTION('',(0.707083788613881,0.707129773011602,-2.92118198352661E-17));
#2210=DIRECTION('center_axis',(5.82733059324562E-17,-9.95799250102959E-17,
-1.));
#2211=DIRECTION('ref_axis',(1.,-5.82733059324562E-17,5.82733059324562E-17));
#2212=DIRECTION('',(-0.70684050757609,-0.707372954564687,2.92502126264289E-17));
#2213=DIRECTION('',(1.,-5.82733059324562E-17,5.82733059324562E-17));
#2214=DIRECTION('',(-5.82733059324562E-17,-1.,9.95799250102959E-17));
#2215=DIRECTION('',(1.,-5.82733059324562E-17,5.82733059324562E-17));
#2216=DIRECTION('',(-5.82733059324562E-17,-1.,9.95799250102959E-17));
#2217=DIRECTION('',(-1.,7.76984209659649E-17,-5.82733059324562E-17));
#2218=DIRECTION('',(5.82733059324562E-17,1.,-9.95799250102959E-17));
#2219=DIRECTION('',(1.,-5.82733059324562E-17,5.82733059324562E-17));
#2220=DIRECTION('',(5.82733059324562E-17,1.,-9.95799250102959E-17));
#2221=DIRECTION('center_axis',(5.82733059324562E-17,-9.95799250102959E-17,
-1.));
#2222=DIRECTION('ref_axis',(1.,-5.82733059324562E-17,5.82733059324562E-17));
#2223=DIRECTION('',(0.707083788613881,0.707129773011602,-2.92118198352661E-17));
#2224=DIRECTION('center_axis',(5.82733059324562E-17,-9.95799250102959E-17,
-1.));
#2225=DIRECTION('ref_axis',(1.,-5.82733059324562E-17,5.82733059324562E-17));
#2226=DIRECTION('',(-0.706840507576097,-0.707372954564681,2.92502126264279E-17));
#2227=DIRECTION('',(-1.,5.82733059324562E-17,-5.82733059324562E-17));
#2228=DIRECTION('',(1.23259516440783E-32,1.,-9.95799250102959E-17));
#2229=DIRECTION('',(1.,-5.82733059324562E-17,5.82733059324562E-17));
#2230=DIRECTION('',(-5.82733059324562E-17,-1.,9.95799250102959E-17));
#2231=DIRECTION('center_axis',(5.82733059324562E-17,-9.95799250102959E-17,
-1.));
#2232=DIRECTION('ref_axis',(1.,-5.82733059324562E-17,5.82733059324562E-17));
#2233=DIRECTION('',(0.707083788613881,0.707129773011602,-2.92118198352661E-17));
#2234=DIRECTION('center_axis',(5.82733059324562E-17,-9.95799250102959E-17,
-1.));
#2235=DIRECTION('ref_axis',(1.,-5.82733059324562E-17,5.82733059324562E-17));
#2236=DIRECTION('',(-0.706840507576095,-0.707372954564683,2.92502126264282E-17));
#2237=DIRECTION('',(-1.,5.82733059324562E-17,-5.82733059324562E-17));
#2238=DIRECTION('',(5.82733059324562E-17,1.,-9.95799250102959E-17));
#2239=DIRECTION('',(1.,-5.82733059324562E-17,5.82733059324562E-17));
#2240=DIRECTION('',(-5.82733059324562E-17,-1.,9.95799250102959E-17));
#2241=DIRECTION('',(1.,-5.82733059324562E-17,5.82733059324562E-17));
#2242=DIRECTION('',(-5.82733059324562E-17,-1.,9.95799250102959E-17));
#2243=DIRECTION('',(-1.,6.21585827730755E-17,-5.82733059324562E-17));
#2244=DIRECTION('',(5.82733059324562E-17,1.,-9.95799250102959E-17));
#2245=DIRECTION('',(-1.,5.82733059324562E-17,-5.82733059324562E-17));
#2246=DIRECTION('',(5.82733059324562E-17,1.,-9.95799250102959E-17));
#2247=DIRECTION('',(1.,-5.82733059324562E-17,5.82733059324562E-17));
#2248=DIRECTION('',(5.82733059324562E-17,1.,-9.95799250102959E-17));
#2249=DIRECTION('',(-1.,5.82733059324562E-17,-5.82733059324562E-17));
#2250=DIRECTION('',(5.82733059324562E-17,1.,-9.95799250102959E-17));
#2251=DIRECTION('',(-1.,5.82733059324562E-17,-5.82733059324562E-17));
#2252=DIRECTION('',(2.91366529662281E-16,1.,-9.95799250102959E-17));
#2253=DIRECTION('',(1.,-5.82733059324562E-17,5.82733059324562E-17));
#2254=DIRECTION('',(-5.82733059324562E-17,-1.,9.95799250102959E-17));
#2255=DIRECTION('center_axis',(5.82733059324562E-17,-9.95799250102959E-17,
-1.));
#2256=DIRECTION('ref_axis',(1.,-5.82733059324562E-17,5.82733059324562E-17));
#2257=DIRECTION('',(-0.706840507576094,-0.707372954564683,2.92502126264283E-17));
#2258=DIRECTION('center_axis',(5.82733059324562E-17,-9.95799250102959E-17,
-1.));
#2259=DIRECTION('ref_axis',(1.,-5.82733059324562E-17,5.82733059324562E-17));
#2260=DIRECTION('',(0.707083788613879,0.707129773011605,-2.92118198352665E-17));
#2261=DIRECTION('center_axis',(5.82733059324562E-17,-9.95799250102959E-17,
-1.));
#2262=DIRECTION('ref_axis',(1.,-5.82733059324562E-17,5.82733059324562E-17));
#2263=DIRECTION('center_axis',(5.82733059324562E-17,-9.95799250102959E-17,
-1.));
#2264=DIRECTION('ref_axis',(1.,-5.82733059324562E-17,5.82733059324562E-17));
#2265=DIRECTION('',(0.711072718526484,0.703118474346504,-2.85799268818614E-17));
#2266=DIRECTION('center_axis',(5.82733059324562E-17,-9.95799250102959E-17,
-1.));
#2267=DIRECTION('ref_axis',(1.,-5.82733059324562E-17,5.82733059324562E-17));
#2268=DIRECTION('',(-0.707107310825666,-0.707106251547032,2.92081068525445E-17));
#2269=DIRECTION('center_axis',(5.82733059324562E-17,-9.95799250102959E-17,
-1.));
#2270=DIRECTION('ref_axis',(1.,-5.82733059324562E-17,5.82733059324562E-17));
#2271=DIRECTION('center_axis',(5.82733059324562E-17,-9.95799250102959E-17,
-1.));
#2272=DIRECTION('ref_axis',(1.,-5.82733059324562E-17,5.82733059324562E-17));
#2273=DIRECTION('',(-0.707453595898592,-0.706759796288776,2.91534276879135E-17));
#2274=DIRECTION('center_axis',(5.82733059324562E-17,-9.95799250102959E-17,
-1.));
#2275=DIRECTION('ref_axis',(1.,-5.82733059324562E-17,5.82733059324562E-17));
#2276=DIRECTION('',(0.711072718526487,0.703118474346501,-2.8579926881861E-17));
#2277=DIRECTION('center_axis',(5.82733059324562E-17,-9.95799250102959E-17,
-1.));
#2278=DIRECTION('ref_axis',(1.,-5.82733059324562E-17,5.82733059324562E-17));
#2279=DIRECTION('center_axis',(5.82733059324562E-17,-9.95799250102959E-17,
-1.));
#2280=DIRECTION('ref_axis',(1.,-5.82733059324562E-17,5.82733059324562E-17));
#2281=DIRECTION('',(-1.,5.82733059324562E-17,-5.82733059324562E-17));
#2282=DIRECTION('',(5.82733059324562E-17,1.,-9.95799250102959E-17));
#2283=DIRECTION('',(1.,-5.82733059324562E-17,5.82733059324562E-17));
#2284=DIRECTION('',(-5.82733059324562E-17,-1.,9.95799250102959E-17));
#2285=DIRECTION('center_axis',(5.82733059324562E-17,-9.95799250102959E-17,
-1.));
#2286=DIRECTION('ref_axis',(1.,-5.82733059324562E-17,5.82733059324562E-17));
#2287=DIRECTION('center_axis',(5.82733059324562E-17,-9.95799250102959E-17,
-1.));
#2288=DIRECTION('ref_axis',(1.,-5.82733059324562E-17,5.82733059324562E-17));
#2289=DIRECTION('',(-1.,5.82733059324562E-17,-5.82733059324562E-17));
#2290=DIRECTION('',(5.82733059324562E-17,1.,-9.95799250102959E-17));
#2291=DIRECTION('',(1.,-5.82733059324562E-17,5.82733059324562E-17));
#2292=DIRECTION('',(-5.82733059324562E-17,-1.,9.95799250102959E-17));
#2293=DIRECTION('center_axis',(-5.82733059324562E-17,9.95799250102959E-17,
1.));
#2294=DIRECTION('ref_axis',(1.,-5.82733059324562E-17,5.82733059324562E-17));
#2295=DIRECTION('center_axis',(5.82733059324562E-17,-9.95799250102959E-17,
-1.));
#2296=DIRECTION('ref_axis',(1.,-5.82733059324562E-17,5.82733059324562E-17));
#2297=DIRECTION('',(-5.82733059324562E-17,9.95799250102959E-17,1.));
#2298=DIRECTION('center_axis',(-5.82733059324562E-17,9.95799250102959E-17,
1.));
#2299=DIRECTION('ref_axis',(1.,-5.82733059324562E-17,5.82733059324562E-17));
#2300=DIRECTION('',(-1.,5.82733059324562E-17,-5.82733059324562E-17));
#2301=DIRECTION('',(-5.82733059324562E-17,-1.,9.95799250102959E-17));
#2302=DIRECTION('',(1.,-5.82733059324562E-17,5.82733059324562E-17));
#2303=DIRECTION('',(5.82733059324562E-17,1.,-9.95799250102959E-17));
#2304=DIRECTION('center_axis',(5.82733059324562E-17,-9.95799250102959E-17,
-1.));
#2305=DIRECTION('ref_axis',(1.,-5.82733059324562E-17,5.82733059324562E-17));
#2306=DIRECTION('center_axis',(5.82733059324562E-17,-9.95799250102959E-17,
-1.));
#2307=DIRECTION('ref_axis',(1.,-5.82733059324562E-17,5.82733059324562E-17));
#2308=DIRECTION('',(-1.,5.82733059324562E-17,-5.82733059324562E-17));
#2309=DIRECTION('',(-5.82733059324562E-17,-1.,9.95799250102959E-17));
#2310=DIRECTION('',(1.,-5.82733059324562E-17,5.82733059324562E-17));
#2311=DIRECTION('',(5.82733059324562E-17,1.,-9.95799250102959E-17));
#2312=DIRECTION('',(-0.707453595898592,-0.706759796288776,2.91534276879135E-17));
#2313=DIRECTION('center_axis',(5.82733059324562E-17,-9.95799250102959E-17,
-1.));
#2314=DIRECTION('ref_axis',(1.,-5.82733059324562E-17,5.82733059324562E-17));
#2315=DIRECTION('center_axis',(5.82733059324562E-17,-9.95799250102959E-17,
-1.));
#2316=DIRECTION('ref_axis',(1.,-5.82733059324562E-17,5.82733059324562E-17));
#2317=DIRECTION('',(0.711072718526487,0.703118474346501,-2.8579926881861E-17));
#2318=DIRECTION('center_axis',(5.82733059324562E-17,-9.95799250102959E-17,
-1.));
#2319=DIRECTION('ref_axis',(1.,-5.82733059324562E-17,5.82733059324562E-17));
#2320=DIRECTION('center_axis',(5.82733059324562E-17,-9.95799250102959E-17,
-1.));
#2321=DIRECTION('ref_axis',(1.,-5.82733059324562E-17,5.82733059324562E-17));
#2322=DIRECTION('',(0.711072718526484,0.703118474346504,-2.85799268818614E-17));
#2323=DIRECTION('center_axis',(5.82733059324562E-17,-9.95799250102959E-17,
-1.));
#2324=DIRECTION('ref_axis',(1.,-5.82733059324562E-17,5.82733059324562E-17));
#2325=DIRECTION('',(-0.707107310825666,-0.707106251547032,2.92081068525445E-17));
#2326=DIRECTION('center_axis',(5.82733059324562E-17,-9.95799250102959E-17,
-1.));
#2327=DIRECTION('ref_axis',(1.,-5.82733059324562E-17,5.82733059324562E-17));
#2328=DIRECTION('center_axis',(5.82733059324562E-17,-9.95799250102959E-17,
-1.));
#2329=DIRECTION('ref_axis',(1.,-5.82733059324562E-17,5.82733059324562E-17));
#2330=DIRECTION('center_axis',(5.82733059324562E-17,-9.95799250102959E-17,
-1.));
#2331=DIRECTION('ref_axis',(1.,-5.82733059324562E-17,5.82733059324562E-17));
#2332=DIRECTION('center_axis',(5.82733059324562E-17,-9.95799250102959E-17,
-1.));
#2333=DIRECTION('ref_axis',(1.,-5.82733059324562E-17,5.82733059324562E-17));
#2334=DIRECTION('',(0.707083788613879,0.707129773011605,-2.92118198352665E-17));
#2335=DIRECTION('center_axis',(5.82733059324562E-17,-9.95799250102959E-17,
-1.));
#2336=DIRECTION('ref_axis',(1.,-5.82733059324562E-17,5.82733059324562E-17));
#2337=DIRECTION('',(-0.706840507576094,-0.707372954564683,2.92502126264283E-17));
#2338=DIRECTION('',(-1.,5.82733059324562E-17,-5.82733059324562E-17));
#2339=DIRECTION('',(-5.82733059324562E-17,-1.,9.95799250102959E-17));
#2340=DIRECTION('',(1.,-5.82733059324562E-17,5.82733059324562E-17));
#2341=DIRECTION('',(2.91366529662281E-16,1.,-9.95799250102959E-17));
#2342=DIRECTION('',(1.,-5.82733059324562E-17,5.82733059324562E-17));
#2343=DIRECTION('',(5.82733059324562E-17,1.,-9.95799250102959E-17));
#2344=DIRECTION('',(-1.,5.82733059324562E-17,-5.82733059324562E-17));
#2345=DIRECTION('',(5.82733059324562E-17,1.,-9.95799250102959E-17));
#2346=DIRECTION('',(1.,-5.82733059324562E-17,5.82733059324562E-17));
#2347=DIRECTION('',(5.82733059324562E-17,1.,-9.95799250102959E-17));
#2348=DIRECTION('',(-1.,5.82733059324562E-17,-5.82733059324562E-17));
#2349=DIRECTION('',(5.82733059324562E-17,1.,-9.95799250102959E-17));
#2350=DIRECTION('',(-1.,6.21585827730755E-17,-5.82733059324562E-17));
#2351=DIRECTION('',(-5.82733059324562E-17,-1.,9.95799250102959E-17));
#2352=DIRECTION('',(-1.,5.82733059324562E-17,-5.82733059324562E-17));
#2353=DIRECTION('',(-5.82733059324562E-17,-1.,9.95799250102959E-17));
#2354=DIRECTION('',(1.,-5.82733059324562E-17,5.82733059324562E-17));
#2355=DIRECTION('',(5.82733059324562E-17,1.,-9.95799250102959E-17));
#2356=DIRECTION('center_axis',(5.82733059324562E-17,-9.95799250102959E-17,
-1.));
#2357=DIRECTION('ref_axis',(1.,-5.82733059324562E-17,5.82733059324562E-17));
#2358=DIRECTION('',(-0.706840507576095,-0.707372954564683,2.92502126264282E-17));
#2359=DIRECTION('center_axis',(5.82733059324562E-17,-9.95799250102959E-17,
-1.));
#2360=DIRECTION('ref_axis',(1.,-5.82733059324562E-17,5.82733059324562E-17));
#2361=DIRECTION('',(0.707083788613881,0.707129773011602,-2.92118198352661E-17));
#2362=DIRECTION('',(-1.,5.82733059324562E-17,-5.82733059324562E-17));
#2363=DIRECTION('',(-5.82733059324562E-17,-1.,9.95799250102959E-17));
#2364=DIRECTION('',(1.,-5.82733059324562E-17,5.82733059324562E-17));
#2365=DIRECTION('',(1.23259516440783E-32,1.,-9.95799250102959E-17));
#2366=DIRECTION('center_axis',(5.82733059324562E-17,-9.95799250102959E-17,
-1.));
#2367=DIRECTION('ref_axis',(1.,-5.82733059324562E-17,5.82733059324562E-17));
#2368=DIRECTION('',(-0.706840507576097,-0.707372954564681,2.92502126264279E-17));
#2369=DIRECTION('center_axis',(5.82733059324562E-17,-9.95799250102959E-17,
-1.));
#2370=DIRECTION('ref_axis',(1.,-5.82733059324562E-17,5.82733059324562E-17));
#2371=DIRECTION('',(0.707083788613881,0.707129773011602,-2.92118198352661E-17));
#2372=DIRECTION('center_axis',(5.82733059324562E-17,-9.95799250102959E-17,
-1.));
#2373=DIRECTION('ref_axis',(1.,-5.82733059324562E-17,5.82733059324562E-17));
#2374=DIRECTION('',(1.,-5.82733059324562E-17,5.82733059324562E-17));
#2375=DIRECTION('',(5.82733059324562E-17,1.,-9.95799250102959E-17));
#2376=DIRECTION('',(1.,-5.82733059324562E-17,5.82733059324562E-17));
#2377=DIRECTION('',(5.82733059324562E-17,1.,-9.95799250102959E-17));
#2378=DIRECTION('',(-1.,7.76984209659649E-17,-5.82733059324562E-17));
#2379=DIRECTION('',(-5.82733059324562E-17,-1.,9.95799250102959E-17));
#2380=DIRECTION('',(1.,-5.82733059324562E-17,5.82733059324562E-17));
#2381=DIRECTION('',(-5.82733059324562E-17,-1.,9.95799250102959E-17));
#2382=DIRECTION('center_axis',(5.82733059324562E-17,-9.95799250102959E-17,
-1.));
#2383=DIRECTION('ref_axis',(1.,-5.82733059324562E-17,5.82733059324562E-17));
#2384=DIRECTION('',(-0.70684050757609,-0.707372954564687,2.92502126264289E-17));
#2385=DIRECTION('center_axis',(5.82733059324562E-17,-9.95799250102959E-17,
-1.));
#2386=DIRECTION('ref_axis',(1.,-5.82733059324562E-17,5.82733059324562E-17));
#2387=DIRECTION('',(0.707083788613881,0.707129773011602,-2.92118198352661E-17));
#2388=DIRECTION('center_axis',(5.82733059324562E-17,-9.95799250102959E-17,
-1.));
#2389=DIRECTION('ref_axis',(1.,-5.82733059324562E-17,5.82733059324562E-17));
#2390=DIRECTION('',(0.70708378861388,0.707129773011604,-2.92118198352663E-17));
#2391=DIRECTION('center_axis',(5.82733059324562E-17,-9.95799250102959E-17,
-1.));
#2392=DIRECTION('ref_axis',(1.,-5.82733059324562E-17,5.82733059324562E-17));
#2393=DIRECTION('',(-0.706840507576089,-0.707372954564689,2.92502126264291E-17));
#2394=DIRECTION('',(-1.,5.82733059324562E-17,-5.82733059324562E-17));
#2395=DIRECTION('',(-5.82733059324562E-17,-1.,9.95799250102959E-17));
#2396=DIRECTION('',(1.,-5.82733059324562E-17,5.82733059324562E-17));
#2397=DIRECTION('',(5.82733059324562E-17,1.,-9.95799250102959E-17));
#2398=DIRECTION('center_axis',(5.82733059324562E-17,-9.95799250102959E-17,
-1.));
#2399=DIRECTION('ref_axis',(1.,-5.82733059324562E-17,5.82733059324562E-17));
#2400=DIRECTION('',(-1.,5.82733059324562E-17,-5.82733059324562E-17));
#2401=DIRECTION('',(-5.82733059324562E-17,-1.,9.95799250102959E-17));
#2402=DIRECTION('',(1.,-5.82733059324562E-17,5.82733059324562E-17));
#2403=DIRECTION('',(5.82733059324562E-17,1.,-9.95799250102959E-17));
#2404=DIRECTION('center_axis',(-1.,5.82733059324562E-17,-5.82733059324562E-17));
#2405=DIRECTION('ref_axis',(-5.82733059324562E-17,-1.,9.95799250102959E-17));
#2406=DIRECTION('',(-5.82733059324562E-17,9.95799250102959E-17,1.));
#2407=DIRECTION('',(-5.82733059324562E-17,9.95799250102959E-17,1.));
#2408=DIRECTION('center_axis',(-5.82733059324562E-17,-1.,9.95799250102959E-17));
#2409=DIRECTION('ref_axis',(1.,-5.82733059324562E-17,5.82733059324562E-17));
#2410=DIRECTION('',(-5.82733059324562E-17,9.95799250102959E-17,1.));
#2411=DIRECTION('center_axis',(1.,-5.82733059324562E-17,5.82733059324562E-17));
#2412=DIRECTION('ref_axis',(5.82733059324562E-17,1.,-9.95799250102959E-17));
#2413=DIRECTION('',(-5.82733059324562E-17,9.95799250102959E-17,1.));
#2414=DIRECTION('center_axis',(5.82733059324562E-17,1.,-9.95799250102959E-17));
#2415=DIRECTION('ref_axis',(-1.,5.82733059324562E-17,-5.82733059324562E-17));
#2416=DIRECTION('center_axis',(-5.82733059324562E-17,9.95799250102959E-17,
1.));
#2417=DIRECTION('ref_axis',(1.,-5.82733059324562E-17,5.82733059324562E-17));
#2418=DIRECTION('',(-5.82733059324562E-17,9.95799250102959E-17,1.));
#2419=DIRECTION('center_axis',(-1.,5.82733059324562E-17,-5.82733059324562E-17));
#2420=DIRECTION('ref_axis',(-5.82733059324562E-17,-1.,9.95799250102959E-17));
#2421=DIRECTION('',(-5.82733059324562E-17,9.95799250102959E-17,1.));
#2422=DIRECTION('',(-5.82733059324562E-17,9.95799250102959E-17,1.));
#2423=DIRECTION('center_axis',(-5.82733059324562E-17,-1.,9.95799250102959E-17));
#2424=DIRECTION('ref_axis',(1.,-5.82733059324562E-17,5.82733059324562E-17));
#2425=DIRECTION('',(-5.82733059324562E-17,9.95799250102959E-17,1.));
#2426=DIRECTION('center_axis',(1.,-5.82733059324562E-17,5.82733059324562E-17));
#2427=DIRECTION('ref_axis',(5.82733059324562E-17,1.,-9.95799250102959E-17));
#2428=DIRECTION('',(-5.82733059324562E-17,9.95799250102959E-17,1.));
#2429=DIRECTION('center_axis',(5.82733059324562E-17,1.,-9.95799250102959E-17));
#2430=DIRECTION('ref_axis',(-1.,5.82733059324562E-17,-5.82733059324562E-17));
#2431=DIRECTION('center_axis',(0.707129773011604,-0.70708378861388,1.1161814024282E-16));
#2432=DIRECTION('ref_axis',(0.70708378861388,0.707129773011604,-2.92118198352663E-17));
#2433=DIRECTION('',(-5.82733059324562E-17,9.95799250102959E-17,1.));
#2434=DIRECTION('',(-5.82733059324562E-17,9.95799250102959E-17,1.));
#2435=DIRECTION('center_axis',(-5.82733059324562E-17,9.95799250102959E-17,
1.));
#2436=DIRECTION('ref_axis',(-0.716489134384702,-0.697598251365827,2.77145910330422E-17));
#2437=DIRECTION('',(-5.82733059324562E-17,9.95799250102959E-17,1.));
#2438=DIRECTION('center_axis',(-0.707372954564689,0.706840507576089,-1.1160808532836E-16));
#2439=DIRECTION('ref_axis',(-0.706840507576089,-0.707372954564689,2.92502126264292E-17));
#2440=DIRECTION('',(-5.82733059324562E-17,9.95799250102959E-17,1.));
#2441=DIRECTION('center_axis',(-5.82733059324562E-17,9.95799250102959E-17,
1.));
#2442=DIRECTION('ref_axis',(1.,-5.82733059324562E-17,5.82733059324562E-17));
#2443=DIRECTION('center_axis',(-0.707372954564687,0.70684050757609,-1.1160808532836E-16));
#2444=DIRECTION('ref_axis',(-0.70684050757609,-0.707372954564687,2.92502126264289E-17));
#2445=DIRECTION('',(-5.82733059324562E-17,9.95799250102959E-17,1.));
#2446=DIRECTION('',(-5.82733059324562E-17,9.95799250102959E-17,1.));
#2447=DIRECTION('center_axis',(-5.82733059324562E-17,9.95799250102959E-17,
1.));
#2448=DIRECTION('ref_axis',(1.,-5.82733059324562E-17,5.82733059324562E-17));
#2449=DIRECTION('',(-5.82733059324562E-17,9.95799250102959E-17,1.));
#2450=DIRECTION('center_axis',(0.707129773011602,-0.707083788613881,1.1161814024282E-16));
#2451=DIRECTION('ref_axis',(0.707083788613881,0.707129773011602,-2.92118198352661E-17));
#2452=DIRECTION('',(-5.82733059324562E-17,9.95799250102959E-17,1.));
#2453=DIRECTION('center_axis',(-5.82733059324562E-17,9.95799250102959E-17,
1.));
#2454=DIRECTION('ref_axis',(-0.716489134384696,-0.697598251365834,2.77145910330432E-17));
#2455=DIRECTION('center_axis',(1.,-5.82733059324562E-17,5.82733059324562E-17));
#2456=DIRECTION('ref_axis',(5.82733059324562E-17,1.,-9.95799250102959E-17));
#2457=DIRECTION('',(-5.82733059324562E-17,9.95799250102959E-17,1.));
#2458=DIRECTION('',(-5.82733059324562E-17,9.95799250102959E-17,1.));
#2459=DIRECTION('center_axis',(-5.82733059324562E-17,-1.,9.95799250102959E-17));
#2460=DIRECTION('ref_axis',(1.,-5.82733059324562E-17,5.82733059324562E-17));
#2461=DIRECTION('',(-5.82733059324562E-17,9.95799250102959E-17,1.));
#2462=DIRECTION('center_axis',(1.,-5.82733059324562E-17,5.82733059324562E-17));
#2463=DIRECTION('ref_axis',(5.82733059324562E-17,1.,-9.95799250102959E-17));
#2464=DIRECTION('',(-5.82733059324562E-17,9.95799250102959E-17,1.));
#2465=DIRECTION('center_axis',(7.76984209659649E-17,1.,-9.95799250102959E-17));
#2466=DIRECTION('ref_axis',(-1.,7.76984209659649E-17,-5.82733059324562E-17));
#2467=DIRECTION('',(-5.82733059324562E-17,9.95799250102959E-17,1.));
#2468=DIRECTION('center_axis',(-1.,5.82733059324562E-17,-5.82733059324562E-17));
#2469=DIRECTION('ref_axis',(-5.82733059324562E-17,-1.,9.95799250102959E-17));
#2470=DIRECTION('',(-5.82733059324562E-17,9.95799250102959E-17,1.));
#2471=DIRECTION('center_axis',(-5.82733059324562E-17,-1.,9.95799250102959E-17));
#2472=DIRECTION('ref_axis',(1.,-5.82733059324562E-17,5.82733059324562E-17));
#2473=DIRECTION('',(-5.82733059324562E-17,9.95799250102959E-17,1.));
#2474=DIRECTION('center_axis',(-1.,5.82733059324562E-17,-5.82733059324562E-17));
#2475=DIRECTION('ref_axis',(-5.82733059324562E-17,-1.,9.95799250102959E-17));
#2476=DIRECTION('',(-5.82733059324562E-17,9.95799250102959E-17,1.));
#2477=DIRECTION('center_axis',(-5.82733059324562E-17,-1.,9.95799250102959E-17));
#2478=DIRECTION('ref_axis',(1.,-5.82733059324562E-17,5.82733059324562E-17));
#2479=DIRECTION('center_axis',(-5.82733059324562E-17,9.95799250102959E-17,
1.));
#2480=DIRECTION('ref_axis',(1.,-5.82733059324562E-17,5.82733059324562E-17));
#2481=DIRECTION('',(-5.82733059324562E-17,9.95799250102959E-17,1.));
#2482=DIRECTION('center_axis',(-0.707372954564681,0.706840507576097,-1.1160808532836E-16));
#2483=DIRECTION('ref_axis',(-0.706840507576097,-0.707372954564681,2.92502126264279E-17));
#2484=DIRECTION('',(-5.82733059324562E-17,9.95799250102959E-17,1.));
#2485=DIRECTION('',(-5.82733059324562E-17,9.95799250102959E-17,1.));
#2486=DIRECTION('center_axis',(-5.82733059324562E-17,9.95799250102959E-17,
1.));
#2487=DIRECTION('ref_axis',(1.,-5.82733059324562E-17,5.82733059324562E-17));
#2488=DIRECTION('',(-5.82733059324562E-17,9.95799250102959E-17,1.));
#2489=DIRECTION('center_axis',(0.707129773011602,-0.707083788613881,1.1161814024282E-16));
#2490=DIRECTION('ref_axis',(0.707083788613881,0.707129773011602,-2.92118198352661E-17));
#2491=DIRECTION('',(-5.82733059324562E-17,9.95799250102959E-17,1.));
#2492=DIRECTION('center_axis',(-5.82733059324562E-17,9.95799250102959E-17,
1.));
#2493=DIRECTION('ref_axis',(-0.71648913438472,-0.697598251365809,2.77145910330393E-17));
#2494=DIRECTION('center_axis',(-1.,5.82733059324562E-17,-5.82733059324562E-17));
#2495=DIRECTION('ref_axis',(-5.82733059324562E-17,-1.,9.95799250102959E-17));
#2496=DIRECTION('',(-5.82733059324562E-17,9.95799250102959E-17,1.));
#2497=DIRECTION('',(-5.82733059324562E-17,9.95799250102959E-17,1.));
#2498=DIRECTION('center_axis',(-5.82733059324562E-17,-1.,9.95799250102959E-17));
#2499=DIRECTION('ref_axis',(1.,-5.82733059324562E-17,5.82733059324562E-17));
#2500=DIRECTION('',(-5.82733059324562E-17,9.95799250102959E-17,1.));
#2501=DIRECTION('center_axis',(1.,-2.46519032881566E-32,5.82733059324562E-17));
#2502=DIRECTION('ref_axis',(3.08148791101958E-32,1.,-9.95799250102959E-17));
#2503=DIRECTION('',(-5.82733059324562E-17,9.95799250102959E-17,1.));
#2504=DIRECTION('center_axis',(5.82733059324562E-17,1.,-9.95799250102959E-17));
#2505=DIRECTION('ref_axis',(-1.,5.82733059324562E-17,-5.82733059324562E-17));
#2506=DIRECTION('center_axis',(-0.707372954564683,0.706840507576095,-1.1160808532836E-16));
#2507=DIRECTION('ref_axis',(-0.706840507576095,-0.707372954564683,2.92502126264282E-17));
#2508=DIRECTION('',(-5.82733059324562E-17,9.95799250102959E-17,1.));
#2509=DIRECTION('',(-5.82733059324562E-17,9.95799250102959E-17,1.));
#2510=DIRECTION('center_axis',(-5.82733059324562E-17,9.95799250102959E-17,
1.));
#2511=DIRECTION('ref_axis',(1.,-5.82733059324562E-17,5.82733059324562E-17));
#2512=DIRECTION('',(-5.82733059324562E-17,9.95799250102959E-17,1.));
#2513=DIRECTION('center_axis',(0.707129773011602,-0.707083788613881,1.1161814024282E-16));
#2514=DIRECTION('ref_axis',(0.707083788613881,0.707129773011602,-2.92118198352661E-17));
#2515=DIRECTION('',(-5.82733059324562E-17,9.95799250102959E-17,1.));
#2516=DIRECTION('center_axis',(-5.82733059324562E-17,9.95799250102959E-17,
1.));
#2517=DIRECTION('ref_axis',(-0.716489134384713,-0.697598251365816,2.77145910330405E-17));
#2518=DIRECTION('center_axis',(-1.,5.82733059324562E-17,-5.82733059324562E-17));
#2519=DIRECTION('ref_axis',(-5.82733059324562E-17,-1.,9.95799250102959E-17));
#2520=DIRECTION('',(-5.82733059324562E-17,9.95799250102959E-17,1.));
#2521=DIRECTION('',(-5.82733059324562E-17,9.95799250102959E-17,1.));
#2522=DIRECTION('center_axis',(-5.82733059324562E-17,-1.,9.95799250102959E-17));
#2523=DIRECTION('ref_axis',(1.,-5.82733059324562E-17,5.82733059324562E-17));
#2524=DIRECTION('',(-5.82733059324562E-17,9.95799250102959E-17,1.));
#2525=DIRECTION('center_axis',(1.,-5.82733059324562E-17,5.82733059324562E-17));
#2526=DIRECTION('ref_axis',(5.82733059324562E-17,1.,-9.95799250102959E-17));
#2527=DIRECTION('',(-5.82733059324562E-17,9.95799250102959E-17,1.));
#2528=DIRECTION('center_axis',(5.82733059324562E-17,1.,-9.95799250102959E-17));
#2529=DIRECTION('ref_axis',(-1.,5.82733059324562E-17,-5.82733059324562E-17));
#2530=DIRECTION('center_axis',(1.,-5.82733059324562E-17,5.82733059324562E-17));
#2531=DIRECTION('ref_axis',(5.82733059324562E-17,1.,-9.95799250102959E-17));
#2532=DIRECTION('',(-5.82733059324562E-17,9.95799250102959E-17,1.));
#2533=DIRECTION('',(-5.82733059324562E-17,9.95799250102959E-17,1.));
#2534=DIRECTION('center_axis',(5.82733059324562E-17,1.,-9.95799250102959E-17));
#2535=DIRECTION('ref_axis',(-1.,5.82733059324562E-17,-5.82733059324562E-17));
#2536=DIRECTION('',(-5.82733059324562E-17,9.95799250102959E-17,1.));
#2537=DIRECTION('center_axis',(1.,-5.82733059324562E-17,5.82733059324562E-17));
#2538=DIRECTION('ref_axis',(5.82733059324562E-17,1.,-9.95799250102959E-17));
#2539=DIRECTION('',(-5.82733059324562E-17,9.95799250102959E-17,1.));
#2540=DIRECTION('center_axis',(-5.82733059324562E-17,-1.,9.95799250102959E-17));
#2541=DIRECTION('ref_axis',(1.,-5.82733059324562E-17,5.82733059324562E-17));
#2542=DIRECTION('',(-5.82733059324562E-17,9.95799250102959E-17,1.));
#2543=DIRECTION('center_axis',(1.,-5.82733059324562E-17,5.82733059324562E-17));
#2544=DIRECTION('ref_axis',(5.82733059324562E-17,1.,-9.95799250102959E-17));
#2545=DIRECTION('',(-5.82733059324562E-17,9.95799250102959E-17,1.));
#2546=DIRECTION('center_axis',(5.82733059324562E-17,1.,-9.95799250102959E-17));
#2547=DIRECTION('ref_axis',(-1.,5.82733059324562E-17,-5.82733059324562E-17));
#2548=DIRECTION('',(-5.82733059324562E-17,9.95799250102959E-17,1.));
#2549=DIRECTION('center_axis',(1.,-5.82733059324562E-17,5.82733059324562E-17));
#2550=DIRECTION('ref_axis',(5.82733059324562E-17,1.,-9.95799250102959E-17));
#2551=DIRECTION('',(-5.82733059324562E-17,9.95799250102959E-17,1.));
#2552=DIRECTION('center_axis',(6.21585827730755E-17,1.,-9.95799250102959E-17));
#2553=DIRECTION('ref_axis',(-1.,6.21585827730755E-17,-5.82733059324562E-17));
#2554=DIRECTION('',(-5.82733059324562E-17,9.95799250102959E-17,1.));
#2555=DIRECTION('center_axis',(-1.,5.82733059324562E-17,-5.82733059324562E-17));
#2556=DIRECTION('ref_axis',(-5.82733059324562E-17,-1.,9.95799250102959E-17));
#2557=DIRECTION('',(-5.82733059324562E-17,9.95799250102959E-17,1.));
#2558=DIRECTION('center_axis',(-5.82733059324562E-17,-1.,9.95799250102959E-17));
#2559=DIRECTION('ref_axis',(1.,-5.82733059324562E-17,5.82733059324562E-17));
#2560=DIRECTION('center_axis',(-1.,5.82733059324562E-17,-5.82733059324562E-17));
#2561=DIRECTION('ref_axis',(-5.82733059324562E-17,-1.,9.95799250102959E-17));
#2562=DIRECTION('',(-5.82733059324562E-17,9.95799250102959E-17,1.));
#2563=DIRECTION('',(-5.82733059324562E-17,9.95799250102959E-17,1.));
#2564=DIRECTION('center_axis',(-5.82733059324562E-17,-1.,9.95799250102959E-17));
#2565=DIRECTION('ref_axis',(1.,-5.82733059324562E-17,5.82733059324562E-17));
#2566=DIRECTION('',(-5.82733059324562E-17,9.95799250102959E-17,1.));
#2567=DIRECTION('center_axis',(1.,-2.91366529662281E-16,5.82733059324562E-17));
#2568=DIRECTION('ref_axis',(2.91366529662281E-16,1.,-9.95799250102959E-17));
#2569=DIRECTION('',(-5.82733059324562E-17,9.95799250102959E-17,1.));
#2570=DIRECTION('center_axis',(5.82733059324562E-17,1.,-9.95799250102959E-17));
#2571=DIRECTION('ref_axis',(-1.,5.82733059324562E-17,-5.82733059324562E-17));
#2572=DIRECTION('center_axis',(0.707129773011605,-0.707083788613879,1.1161814024282E-16));
#2573=DIRECTION('ref_axis',(0.707083788613879,0.707129773011605,-2.92118198352665E-17));
#2574=DIRECTION('',(-5.82733059324562E-17,9.95799250102959E-17,1.));
#2575=DIRECTION('',(-5.82733059324562E-17,9.95799250102959E-17,1.));
#2576=DIRECTION('center_axis',(-5.82733059324562E-17,9.95799250102959E-17,
1.));
#2577=DIRECTION('ref_axis',(-0.71648913438472,-0.697598251365809,2.77145910330393E-17));
#2578=DIRECTION('',(-5.82733059324562E-17,9.95799250102959E-17,1.));
#2579=DIRECTION('center_axis',(-0.707372954564683,0.706840507576094,-1.1160808532836E-16));
#2580=DIRECTION('ref_axis',(-0.706840507576094,-0.707372954564683,2.92502126264283E-17));
#2581=DIRECTION('',(-5.82733059324562E-17,9.95799250102959E-17,1.));
#2582=DIRECTION('center_axis',(-5.82733059324562E-17,9.95799250102959E-17,
1.));
#2583=DIRECTION('ref_axis',(1.,-5.82733059324562E-17,5.82733059324562E-17));
#2584=DIRECTION('center_axis',(-5.82733059324562E-17,9.95799250102959E-17,
1.));
#2585=DIRECTION('ref_axis',(1.,-5.82733059324562E-17,5.82733059324562E-17));
#2586=DIRECTION('',(-5.82733059324562E-17,9.9579925010296E-17,1.));
#2587=DIRECTION('center_axis',(-5.82733059324562E-17,9.95799250102959E-17,
1.));
#2588=DIRECTION('ref_axis',(1.,-5.82733059324562E-17,5.82733059324562E-17));
#2589=DIRECTION('',(-5.82733059324562E-17,9.95799250102959E-17,1.));
#2590=DIRECTION('center_axis',(-5.82733059324562E-17,9.95799250102959E-17,
1.));
#2591=DIRECTION('ref_axis',(-0.708065753095343,-0.706146506961215,2.90566839590603E-17));
#2592=DIRECTION('',(-5.82733059324562E-17,9.95799250102959E-17,1.));
#2593=DIRECTION('',(-5.82733059324562E-17,9.95799250102959E-17,1.));
#2594=DIRECTION('center_axis',(-0.707106251547032,0.707107310825666,-1.11619111909404E-16));
#2595=DIRECTION('ref_axis',(-0.707107310825666,-0.707106251547032,2.92081068525445E-17));
#2596=DIRECTION('',(-5.82733059324562E-17,9.95799250102959E-17,1.));
#2597=DIRECTION('center_axis',(-5.82733059324562E-17,9.95799250102959E-17,
1.));
#2598=DIRECTION('ref_axis',(1.,-5.82733059324562E-17,5.82733059324562E-17));
#2599=DIRECTION('',(-5.82733059324562E-17,9.95799250102959E-17,1.));
#2600=DIRECTION('center_axis',(0.703118474346504,-0.711072718526484,1.1178160595009E-16));
#2601=DIRECTION('ref_axis',(0.711072718526484,0.703118474346504,-2.85799268818614E-17));
#2602=DIRECTION('center_axis',(-5.82733059324562E-17,9.95799250102959E-17,
1.));
#2603=DIRECTION('ref_axis',(1.,-5.82733059324562E-17,5.82733059324562E-17));
#2604=DIRECTION('',(-5.82733059324562E-17,9.95799250102959E-17,1.));
#2605=DIRECTION('center_axis',(-5.82733059324562E-17,9.95799250102959E-17,
1.));
#2606=DIRECTION('ref_axis',(1.,-5.82733059324562E-17,5.82733059324562E-17));
#2607=DIRECTION('',(-5.82733059324562E-17,9.95799250102959E-17,1.));
#2608=DIRECTION('',(-5.82733059324562E-17,9.95799250102959E-17,1.));
#2609=DIRECTION('center_axis',(-5.82733059324562E-17,9.95799250102959E-17,
1.));
#2610=DIRECTION('ref_axis',(1.,-5.82733059324562E-17,5.82733059324562E-17));
#2611=DIRECTION('',(-5.82733059324562E-17,9.95799250102959E-17,1.));
#2612=DIRECTION('center_axis',(0.703118474346501,-0.711072718526487,1.1178160595009E-16));
#2613=DIRECTION('ref_axis',(0.711072718526487,0.703118474346501,-2.8579926881861E-17));
#2614=DIRECTION('',(-5.82733059324562E-17,9.95799250102959E-17,1.));
#2615=DIRECTION('center_axis',(-5.82733059324562E-17,9.95799250102959E-17,
1.));
#2616=DIRECTION('ref_axis',(-0.708599070692422,-0.705611335661379,2.89723134616612E-17));
#2617=DIRECTION('',(-5.82733059324562E-17,9.95799250102959E-17,1.));
#2618=DIRECTION('center_axis',(-0.706759796288776,0.707453595898592,-1.11633405857742E-16));
#2619=DIRECTION('ref_axis',(-0.707453595898592,-0.706759796288776,2.91534276879135E-17));
#2620=DIRECTION('center_axis',(-1.,5.82733059324562E-17,-5.82733059324562E-17));
#2621=DIRECTION('ref_axis',(-5.82733059324562E-17,-1.,9.95799250102959E-17));
#2622=DIRECTION('',(-5.82733059324562E-17,9.95799250102959E-17,1.));
#2623=DIRECTION('',(-5.82733059324562E-17,9.95799250102959E-17,1.));
#2624=DIRECTION('center_axis',(-5.82733059324562E-17,-1.,9.95799250102959E-17));
#2625=DIRECTION('ref_axis',(1.,-5.82733059324562E-17,5.82733059324562E-17));
#2626=DIRECTION('',(-5.82733059324562E-17,9.95799250102959E-17,1.));
#2627=DIRECTION('center_axis',(1.,-5.82733059324562E-17,5.82733059324562E-17));
#2628=DIRECTION('ref_axis',(5.82733059324562E-17,1.,-9.95799250102959E-17));
#2629=DIRECTION('',(-5.82733059324562E-17,9.95799250102959E-17,1.));
#2630=DIRECTION('center_axis',(5.82733059324562E-17,1.,-9.95799250102959E-17));
#2631=DIRECTION('ref_axis',(-1.,5.82733059324562E-17,-5.82733059324562E-17));
#2632=DIRECTION('center_axis',(-5.82733059324562E-17,9.95799250102959E-17,
1.));
#2633=DIRECTION('ref_axis',(1.,-5.82733059324562E-17,5.82733059324562E-17));
#2634=DIRECTION('',(-5.82733059324562E-17,9.95799250102959E-17,1.));
#2635=DIRECTION('center_axis',(-5.82733059324562E-17,9.95799250102959E-17,
1.));
#2636=DIRECTION('ref_axis',(1.,-5.82733059324562E-17,5.82733059324562E-17));
#2637=DIRECTION('',(-5.82733059324562E-17,9.9579925010296E-17,1.));
#2638=DIRECTION('center_axis',(-1.,5.82733059324562E-17,-5.82733059324562E-17));
#2639=DIRECTION('ref_axis',(-5.82733059324562E-17,-1.,9.95799250102959E-17));
#2640=DIRECTION('',(-5.82733059324562E-17,9.95799250102959E-17,1.));
#2641=DIRECTION('',(-5.82733059324562E-17,9.95799250102959E-17,1.));
#2642=DIRECTION('center_axis',(-5.82733059324562E-17,-1.,9.95799250102959E-17));
#2643=DIRECTION('ref_axis',(1.,-5.82733059324562E-17,5.82733059324562E-17));
#2644=DIRECTION('',(-5.82733059324562E-17,9.95799250102959E-17,1.));
#2645=DIRECTION('center_axis',(1.,-5.82733059324562E-17,5.82733059324562E-17));
#2646=DIRECTION('ref_axis',(5.82733059324562E-17,1.,-9.95799250102959E-17));
#2647=DIRECTION('',(-5.82733059324562E-17,9.95799250102959E-17,1.));
#2648=DIRECTION('center_axis',(5.82733059324562E-17,1.,-9.95799250102959E-17));
#2649=DIRECTION('ref_axis',(-1.,5.82733059324562E-17,-5.82733059324562E-17));
#2650=CARTESIAN_POINT('',(0.,0.,0.));
#2651=CARTESIAN_POINT('Ctrl Pts',(-5.04033,24.55817,66.6838));
#2652=CARTESIAN_POINT('Ctrl Pts',(-5.26472947525641,25.2313684257692,66.6838));
#2653=CARTESIAN_POINT('Ctrl Pts',(-5.63736143370442,26.3492643011132,66.2903982244478));
#2654=CARTESIAN_POINT('Ctrl Pts',(-5.97190054136768,27.352881624103,65.0285923163807));
#2655=CARTESIAN_POINT('Ctrl Pts',(-6.04033000000001,27.55817,64.1325989505128));
#2656=CARTESIAN_POINT('Ctrl Pts',(-6.04033000000001,27.55817,63.6838));
#2657=CARTESIAN_POINT('Ctrl Pts',(-5.04033,24.55817,66.6838));
#2658=CARTESIAN_POINT('Ctrl Pts',(-5.3502149896398,25.1458829113858,66.6838));
#2659=CARTESIAN_POINT('Ctrl Pts',(-5.86325458581895,26.1234795077425,66.4100665444896));
#2660=CARTESIAN_POINT('Ctrl Pts',(-6.46438477026781,27.251691115692,65.2761807387162));
#2661=CARTESIAN_POINT('Ctrl Pts',(-6.63872860068378,27.55817,64.2234917370004));
#2662=CARTESIAN_POINT('Ctrl Pts',(-6.63872860068378,27.55817,63.6838));
#2663=CARTESIAN_POINT('Ctrl Pts',(-5.04033,24.55817,66.6838));
#2664=CARTESIAN_POINT('Ctrl Pts',(-5.49981463981075,24.9962832612149,66.6838));
#2665=CARTESIAN_POINT('Ctrl Pts',(-6.26431604084757,25.7244254740932,66.4979801657412));
#2666=CARTESIAN_POINT('Ctrl Pts',(-7.32349222467809,26.7233894074472,65.4841254743923));
#2667=CARTESIAN_POINT('Ctrl Pts',(-7.67480520523699,27.0561424130325,64.3015890382287));
#2668=CARTESIAN_POINT('Ctrl Pts',(-7.67480520523699,27.0561424130325,63.6838));
#2669=CARTESIAN_POINT('Ctrl Pts',(-5.04033,24.55817,66.6838));
#2670=CARTESIAN_POINT('Ctrl Pts',(-5.64941428998169,24.8466836110439,66.6838));
#2671=CARTESIAN_POINT('Ctrl Pts',(-6.663958386136,25.3263673011109,66.3805798917102));
#2672=CARTESIAN_POINT('Ctrl Pts',(-7.75966556864713,25.8595961470743,65.2125245403786));
#2673=CARTESIAN_POINT('Ctrl Pts',(-8.04033000000001,26.0069689505128,64.1998018828789));
#2674=CARTESIAN_POINT('Ctrl Pts',(-8.04033000000001,26.0069689505128,63.6838));
#2675=CARTESIAN_POINT('Ctrl Pts',(-5.04033,24.55817,66.6838));
#2676=CARTESIAN_POINT('Ctrl Pts',(-5.71352842576923,24.7825694752564,66.6838));
#2677=CARTESIAN_POINT('Ctrl Pts',(-6.8314243011132,25.1552014337044,66.2903982244478));
#2678=CARTESIAN_POINT('Ctrl Pts',(-7.83504162410302,25.4897405413676,65.0285923163807));
#2679=CARTESIAN_POINT('Ctrl Pts',(-8.04033000000001,25.5581699999999,64.1325989505128));
#2680=CARTESIAN_POINT('Ctrl Pts',(-8.04033000000001,25.5581699999999,63.6838));
#2681=CARTESIAN_POINT('',(-6.04033000000001,27.55817,63.6838));
#2682=CARTESIAN_POINT('',(-8.04033,25.5581699999999,63.6838));
#2683=CARTESIAN_POINT('Origin',(-6.04033000000001,25.5581699999999,63.6838));
#2684=CARTESIAN_POINT('',(-5.04032999999999,24.55817,66.6838));
#2685=CARTESIAN_POINT('Origin',(-5.04033,24.55817,63.6838));
#2686=CARTESIAN_POINT('Origin',(-5.04033,24.55817,63.6838));
#2687=CARTESIAN_POINT('Ctrl Pts',(-5.04033,-116.44183,66.6838));
#2688=CARTESIAN_POINT('Ctrl Pts',(-5.71352842576923,-116.666229475256,66.6838));
#2689=CARTESIAN_POINT('Ctrl Pts',(-6.83135795180934,-117.03883931727,66.290238908201));
#2690=CARTESIAN_POINT('Ctrl Pts',(-7.83499389353345,-117.373384631178,65.0285169364955));
#2691=CARTESIAN_POINT('Ctrl Pts',(-8.04033,-117.44183,64.1325989505129));
#2692=CARTESIAN_POINT('Ctrl Pts',(-8.04033,-117.44183,63.6838));
#2693=CARTESIAN_POINT('Ctrl Pts',(-5.04033,-116.44183,66.6838));
#2694=CARTESIAN_POINT('Ctrl Pts',(-5.62804291138583,-116.75171498964,66.6838));
#2695=CARTESIAN_POINT('Ctrl Pts',(-6.60508399226234,-117.264440417304,66.4100577388764));
#2696=CARTESIAN_POINT('Ctrl Pts',(-7.7334418641667,-117.865646423534,65.276164701234));
#2697=CARTESIAN_POINT('Ctrl Pts',(-8.04033,-118.040228600684,64.2234917370004));
#2698=CARTESIAN_POINT('Ctrl Pts',(-8.04033,-118.040228600684,63.6838000000001));
#2699=CARTESIAN_POINT('Ctrl Pts',(-5.04033,-116.44183,66.6838));
#2700=CARTESIAN_POINT('Ctrl Pts',(-5.47844326121489,-116.901314639811,66.6838));
#2701=CARTESIAN_POINT('Ctrl Pts',(-6.20624935311982,-117.665445183415,66.4977513282063));
#2702=CARTESIAN_POINT('Ctrl Pts',(-7.20517458048542,-118.724595758469,65.48364222673));
#2703=CARTESIAN_POINT('Ctrl Pts',(-7.53817427593534,-119.076198467123,64.3015890382288));
#2704=CARTESIAN_POINT('Ctrl Pts',(-7.53817427593535,-119.076198467123,63.6838000000001));
#2705=CARTESIAN_POINT('Ctrl Pts',(-5.04033,-116.44183,66.6838));
#2706=CARTESIAN_POINT('Ctrl Pts',(-5.32884361104395,-117.050914289982,66.6838));
#2707=CARTESIAN_POINT('Ctrl Pts',(-5.80846411581633,-118.065215408079,66.3804672807304));
#2708=CARTESIAN_POINT('Ctrl Pts',(-6.34167297914895,-119.160952727497,65.2123654128603));
#2709=CARTESIAN_POINT('Ctrl Pts',(-6.48912895051282,-119.44183,64.1998018828789));
#2710=CARTESIAN_POINT('Ctrl Pts',(-6.48912895051282,-119.44183,63.6838));
#2711=CARTESIAN_POINT('Ctrl Pts',(-5.04033,-116.44183,66.6838));
#2712=CARTESIAN_POINT('Ctrl Pts',(-5.2647294752564,-117.115028425769,66.6838));
#2713=CARTESIAN_POINT('Ctrl Pts',(-5.63733931726977,-118.232857951809,66.2902389082009));
#2714=CARTESIAN_POINT('Ctrl Pts',(-5.97188463117781,-119.236493893533,65.0285169364955));
#2715=CARTESIAN_POINT('Ctrl Pts',(-6.04032999999999,-119.44183,64.1325989505129));
#2716=CARTESIAN_POINT('Ctrl Pts',(-6.04032999999999,-119.44183,63.6838));
#2717=CARTESIAN_POINT('',(-8.04033000000001,-117.44183,63.6838));
#2718=CARTESIAN_POINT('',(-6.04033000000001,-119.44183,63.6838));
#2719=CARTESIAN_POINT('Origin',(-6.04033000000001,-117.44183,63.6838));
#2720=CARTESIAN_POINT('',(-5.04033,-116.44183,66.6838));
#2721=CARTESIAN_POINT('Origin',(-5.04033,-116.44183,63.6838));
#2722=CARTESIAN_POINT('Origin',(-5.04033,-116.44183,63.6838));
#2723=CARTESIAN_POINT('Ctrl Pts',(365.95967,-116.44183,66.6838));
#2724=CARTESIAN_POINT('Ctrl Pts',(366.184069475256,-117.115028425769,66.6838));
#2725=CARTESIAN_POINT('Ctrl Pts',(366.556660050497,-118.232800151492,66.2901030800384));
#2726=CARTESIAN_POINT('Ctrl Pts',(366.89121090492,-119.23645271476,65.0284491165158));
#2727=CARTESIAN_POINT('Ctrl Pts',(366.95967,-119.44183,64.1325989505129));
#2728=CARTESIAN_POINT('Ctrl Pts',(366.95967,-119.44183,63.6838000000001));
#2729=CARTESIAN_POINT('Ctrl Pts',(365.95967,-116.44183,66.6838));
#2730=CARTESIAN_POINT('Ctrl Pts',(366.26955498964,-117.029542911386,66.6838));
#2731=CARTESIAN_POINT('Ctrl Pts',(366.782005797644,-118.006099327729,66.4100493356181));
#2732=CARTESIAN_POINT('Ctrl Pts',(367.383281670444,-119.134589472765,65.276151554533));
#2733=CARTESIAN_POINT('Ctrl Pts',(367.558068600684,-119.44183,64.2234917370004));
#2734=CARTESIAN_POINT('Ctrl Pts',(367.558068600684,-119.44183,63.6838000000001));
#2735=CARTESIAN_POINT('Ctrl Pts',(365.95967,-116.44183,66.6838));
#2736=CARTESIAN_POINT('Ctrl Pts',(366.419154639811,-116.879943261215,66.6838));
#2737=CARTESIAN_POINT('Ctrl Pts',(367.182950841647,-117.60744478203,66.4975334836042));
#2738=CARTESIAN_POINT('Ctrl Pts',(368.24210212867,-118.606359774905,65.4832557469473));
#2739=CARTESIAN_POINT('Ctrl Pts',(368.593956264101,-118.939575592755,64.3015890382288));
#2740=CARTESIAN_POINT('Ctrl Pts',(368.593956264101,-118.939575592755,63.6838000000001));
#2741=CARTESIAN_POINT('Ctrl Pts',(365.95967,-116.44183,66.6838));
#2742=CARTESIAN_POINT('Ctrl Pts',(366.568754289982,-116.730343611044,66.6838));
#2743=CARTESIAN_POINT('Ctrl Pts',(367.582840866077,-117.209906225764,66.3803632843249));
#2744=CARTESIAN_POINT('Ctrl Pts',(368.678611805429,-117.743103906867,65.2122336782951));
#2745=CARTESIAN_POINT('Ctrl Pts',(368.95967,-117.890628950513,64.1998018828789));
#2746=CARTESIAN_POINT('Ctrl Pts',(368.95967,-117.890628950513,63.6838));
#2747=CARTESIAN_POINT('Ctrl Pts',(365.95967,-116.44183,66.6838));
#2748=CARTESIAN_POINT('Ctrl Pts',(366.632868425769,-116.666229475257,66.6838));
#2749=CARTESIAN_POINT('Ctrl Pts',(367.750640151492,-117.038820050498,66.2901030800384));
#2750=CARTESIAN_POINT('Ctrl Pts',(368.75429271476,-117.37337090492,65.0284491165158));
#2751=CARTESIAN_POINT('Ctrl Pts',(368.95967,-117.44183,64.1325989505129));
#2752=CARTESIAN_POINT('Ctrl Pts',(368.95967,-117.44183,63.6838));
#2753=CARTESIAN_POINT('',(366.95967,-119.44183,63.6838));
#2754=CARTESIAN_POINT('',(368.95967,-117.44183,63.6838));
#2755=CARTESIAN_POINT('Origin',(366.95967,-117.44183,63.6838));
#2756=CARTESIAN_POINT('',(365.95967,-116.44183,66.6838));
#2757=CARTESIAN_POINT('Origin',(365.95967,-116.44183,63.6838));
#2758=CARTESIAN_POINT('Origin',(365.95967,-116.44183,63.6838));
#2759=CARTESIAN_POINT('Ctrl Pts',(365.95967,24.5581699999999,66.6838));
#2760=CARTESIAN_POINT('Ctrl Pts',(366.632868425769,24.7825694752563,66.6838));
#2761=CARTESIAN_POINT('Ctrl Pts',(367.750646784937,25.1551622616455,66.2901185487178));
#2762=CARTESIAN_POINT('Ctrl Pts',(368.7542974244,25.4897124748001,65.0284569868431));
#2763=CARTESIAN_POINT('Ctrl Pts',(368.95967,25.55817,64.1325989505128));
#2764=CARTESIAN_POINT('Ctrl Pts',(368.95967,25.55817,63.6838));
#2765=CARTESIAN_POINT('Ctrl Pts',(365.95967,24.5581699999999,66.6838));
#2766=CARTESIAN_POINT('Ctrl Pts',(366.547382911386,24.8680549896397,66.6838));
#2767=CARTESIAN_POINT('Ctrl Pts',(367.52399497952,25.38053735195,66.4100503296026));
#2768=CARTESIAN_POINT('Ctrl Pts',(368.652469748083,25.9818050524075,65.276153030003));
#2769=CARTESIAN_POINT('Ctrl Pts',(368.95967,26.1565686006837,64.2234917370004));
#2770=CARTESIAN_POINT('Ctrl Pts',(368.95967,26.1565686006837,63.6838));
#2771=CARTESIAN_POINT('Ctrl Pts',(365.95967,24.5581699999999,66.6838));
#2772=CARTESIAN_POINT('Ctrl Pts',(366.397783261215,25.0176546398107,66.6838));
#2773=CARTESIAN_POINT('Ctrl Pts',(367.125320212728,25.7814896691128,66.4975592072463));
#2774=CARTESIAN_POINT('Ctrl Pts',(368.124235432181,26.8406399447881,65.4832987113683));
#2775=CARTESIAN_POINT('Ctrl Pts',(368.457426376077,27.1924652466005,64.3015890382287));
#2776=CARTESIAN_POINT('Ctrl Pts',(368.457426376077,27.1924652466005,63.6838));
#2777=CARTESIAN_POINT('Ctrl Pts',(365.95967,24.5581699999999,66.6838));
#2778=CARTESIAN_POINT('Ctrl Pts',(366.248183611044,25.1672542899816,66.6838));
#2779=CARTESIAN_POINT('Ctrl Pts',(366.727752984502,26.1813656039674,66.3803754576495));
#2780=CARTESIAN_POINT('Ctrl Pts',(367.260951697383,27.2771323873053,65.2122485184145));
#2781=CARTESIAN_POINT('Ctrl Pts',(367.408468950513,27.5581699999999,64.1998018828789));
#2782=CARTESIAN_POINT('Ctrl Pts',(367.408468950513,27.5581699999999,63.6838));
#2783=CARTESIAN_POINT('Ctrl Pts',(365.95967,24.5581699999999,66.6838));
#2784=CARTESIAN_POINT('Ctrl Pts',(366.184069475256,25.2313684257692,66.6838));
#2785=CARTESIAN_POINT('Ctrl Pts',(366.556662261646,26.3491467849365,66.2901185487178));
#2786=CARTESIAN_POINT('Ctrl Pts',(366.8912124748,27.3527974244003,65.0284569868431));
#2787=CARTESIAN_POINT('Ctrl Pts',(366.95967,27.5581699999999,64.1325989505128));
#2788=CARTESIAN_POINT('Ctrl Pts',(366.95967,27.5581699999999,63.6838));
#2789=CARTESIAN_POINT('',(368.95967,25.5581699999999,63.6838));
#2790=CARTESIAN_POINT('',(366.95967,27.5581699999999,63.6838));
#2791=CARTESIAN_POINT('Origin',(366.95967,25.5581699999999,63.6838));
#2792=CARTESIAN_POINT('',(365.95967,24.5581699999999,66.6838));
#2793=CARTESIAN_POINT('Origin',(365.95967,24.5581699999999,63.6838));
#2794=CARTESIAN_POINT('Origin',(365.95967,24.5581699999999,63.6838));
#2795=CARTESIAN_POINT('Origin',(274.70967,24.5581699999999,63.6838));
#2796=CARTESIAN_POINT('',(179.084897291513,24.5581699999999,66.6838));
#2797=CARTESIAN_POINT('',(181.834442708487,24.5581699999999,66.6838));
#2798=CARTESIAN_POINT('Ctrl Pts',(179.084897291513,24.5581699999999,66.6838));
#2799=CARTESIAN_POINT('Ctrl Pts',(179.135294870343,24.6274552159487,66.6838));
#2800=CARTESIAN_POINT('Ctrl Pts',(179.190365453982,24.692044507058,66.6813903267448));
#2801=CARTESIAN_POINT('Ctrl Pts',(179.39980146263,24.9047762545096,66.667700371235));
#2802=CARTESIAN_POINT('Ctrl Pts',(179.591810492065,25.0377284989045,66.6465893752957));
#2803=CARTESIAN_POINT('Ctrl Pts',(180.013549669561,25.2144458373367,66.6125197998326));
#2804=CARTESIAN_POINT('Ctrl Pts',(180.243411203158,25.25817,66.600990429163));
#2805=CARTESIAN_POINT('Ctrl Pts',(180.45967,25.25817,66.600990429163));
#2806=CARTESIAN_POINT('Ctrl Pts',(180.675928796842,25.25817,66.600990429163));
#2807=CARTESIAN_POINT('Ctrl Pts',(180.905790330439,25.2144458373367,66.6125197998326));
#2808=CARTESIAN_POINT('Ctrl Pts',(181.327529507935,25.0377284989045,66.6465893752957));
#2809=CARTESIAN_POINT('Ctrl Pts',(181.519538537371,24.9047762545096,66.667700371235));
#2810=CARTESIAN_POINT('Ctrl Pts',(181.728974546018,24.692044507058,66.6813903267448));
#2811=CARTESIAN_POINT('Ctrl Pts',(181.784045129657,24.6274552159487,66.6838));
#2812=CARTESIAN_POINT('Ctrl Pts',(181.834442708487,24.5581699999999,66.6838));
#2813=CARTESIAN_POINT('',(274.70967,24.5581699999999,66.6838));
#2814=CARTESIAN_POINT('',(-8.04033,27.55817,63.6838));
#2815=CARTESIAN_POINT('',(274.70967,24.5581699999999,66.6838));
#2816=CARTESIAN_POINT('Origin',(365.95967,-82.6918300000001,63.6838));
#2817=CARTESIAN_POINT('',(368.95967,27.5581699999999,63.6838));
#2818=CARTESIAN_POINT('',(365.95967,-82.6918300000001,66.6838));
#2819=CARTESIAN_POINT('Origin',(86.20967,-116.44183,63.6838));
#2820=CARTESIAN_POINT('',(181.834442708487,-116.44183,66.6838));
#2821=CARTESIAN_POINT('',(179.084897291513,-116.44183,66.6838));
#2822=CARTESIAN_POINT('Ctrl Pts',(181.834442708487,-116.44183,66.6838));
#2823=CARTESIAN_POINT('Ctrl Pts',(181.784045129657,-116.511115215949,66.6838));
#2824=CARTESIAN_POINT('Ctrl Pts',(181.728974546018,-116.575704507058,66.6813903267448));
#2825=CARTESIAN_POINT('Ctrl Pts',(181.519538537371,-116.78843625451,66.667700371235));
#2826=CARTESIAN_POINT('Ctrl Pts',(181.327529507934,-116.921388498905,66.6465893752957));
#2827=CARTESIAN_POINT('Ctrl Pts',(180.905790330439,-117.098105837337,66.6125197998326));
#2828=CARTESIAN_POINT('Ctrl Pts',(180.675928796842,-117.14183,66.600990429163));
#2829=CARTESIAN_POINT('Ctrl Pts',(180.45967,-117.14183,66.600990429163));
#2830=CARTESIAN_POINT('Ctrl Pts',(180.243411203158,-117.14183,66.600990429163));
#2831=CARTESIAN_POINT('Ctrl Pts',(180.013549669561,-117.098105837337,66.6125197998326));
#2832=CARTESIAN_POINT('Ctrl Pts',(179.591810492065,-116.921388498905,66.6465893752957));
#2833=CARTESIAN_POINT('Ctrl Pts',(179.39980146263,-116.78843625451,66.667700371235));
#2834=CARTESIAN_POINT('Ctrl Pts',(179.190365453982,-116.575704507058,66.6813903267448));
#2835=CARTESIAN_POINT('Ctrl Pts',(179.135294870343,-116.511115215949,66.6838));
#2836=CARTESIAN_POINT('Ctrl Pts',(179.084897291513,-116.44183,66.6838));
#2837=CARTESIAN_POINT('',(86.20967,-116.44183,66.6838));
#2838=CARTESIAN_POINT('',(368.95967,-119.44183,63.6838));
#2839=CARTESIAN_POINT('',(86.20967,-116.44183,66.6838));
#2840=CARTESIAN_POINT('Origin',(-5.04033,-9.19183000000004,63.6838));
#2841=CARTESIAN_POINT('',(-8.04033000000001,-119.44183,63.6838));
#2842=CARTESIAN_POINT('',(-5.04033,-9.19183000000004,66.6838));
#2843=CARTESIAN_POINT('Origin',(180.45967,-45.94183,66.6838));
#2844=CARTESIAN_POINT('',(178.75967,-115.44183,66.6838));
#2845=CARTESIAN_POINT('Origin',(180.45967,-115.44183,66.6838));
#2846=CARTESIAN_POINT('Origin',(180.45967,-115.44183,66.6838));
#2847=CARTESIAN_POINT('',(178.75967,23.5581699999999,66.6838));
#2848=CARTESIAN_POINT('Origin',(180.45967,23.5581699999999,66.6838));
#2849=CARTESIAN_POINT('Origin',(180.45967,23.5581699999999,66.6838));
#2850=CARTESIAN_POINT('',(187.07,-8.02600000000004,66.6838));
#2851=CARTESIAN_POINT('',(110.869,-8.02600000000004,66.6838));
#2852=CARTESIAN_POINT('',(187.07,-8.02600000000004,66.6838));
#2853=CARTESIAN_POINT('',(110.869,11.026,66.6838));
#2854=CARTESIAN_POINT('',(110.869,-8.02600000000004,66.6838));
#2855=CARTESIAN_POINT('',(187.07,11.026,66.6838));
#2856=CARTESIAN_POINT('',(110.869,11.026,66.6838));
#2857=CARTESIAN_POINT('',(187.07,11.026,66.6838));
#2858=CARTESIAN_POINT('',(362.25967,-114.44183,66.6838));
#2859=CARTESIAN_POINT('Origin',(363.95967,-114.44183,66.6838));
#2860=CARTESIAN_POINT('',(291.845,-8.02600000000005,66.6838));
#2861=CARTESIAN_POINT('',(272.794,-8.02600000000005,66.6838));
#2862=CARTESIAN_POINT('',(291.845,-8.02600000000005,66.6838));
#2863=CARTESIAN_POINT('',(272.794,11.026,66.6838));
#2864=CARTESIAN_POINT('',(272.794,-8.02600000000005,66.6838));
#2865=CARTESIAN_POINT('',(291.845,11.026,66.6838));
#2866=CARTESIAN_POINT('',(272.794,11.026,66.6838));
#2867=CARTESIAN_POINT('',(291.845,11.026,66.6838));
#2868=CARTESIAN_POINT('',(333.853831119245,9.12778213995296,66.6838));
#2869=CARTESIAN_POINT('',(336.546467680562,6.17551436872995,66.6838));
#2870=CARTESIAN_POINT('Origin',(335.268090665268,7.71361456272494,66.6838));
#2871=CARTESIAN_POINT('',(320.682836574397,-9.70006645242705,66.6838));
#2872=CARTESIAN_POINT('',(336.546467680561,6.17551436872995,66.6838));
#2873=CARTESIAN_POINT('',(317.892706759949,-6.83438023308705,66.6838));
#2874=CARTESIAN_POINT('Origin',(319.268090665268,-8.28638543727505,66.6838));
#2875=CARTESIAN_POINT('',(317.892706759949,-6.83438023308705,66.6838));
#2876=CARTESIAN_POINT('',(328.682836574397,-9.70006645242705,66.6838));
#2877=CARTESIAN_POINT('',(325.892706759949,-6.83438023308705,66.6838));
#2878=CARTESIAN_POINT('Origin',(327.268090665268,-8.28638543727505,66.6838));
#2879=CARTESIAN_POINT('',(341.853831119245,9.12778213995296,66.6838));
#2880=CARTESIAN_POINT('',(325.892706759949,-6.83438023308705,66.6838));
#2881=CARTESIAN_POINT('',(344.546467680561,6.17551436872995,66.6838));
#2882=CARTESIAN_POINT('Origin',(343.268090665268,7.71361456272494,66.6838));
#2883=CARTESIAN_POINT('',(344.546467680561,6.17551436872995,66.6838));
#2884=CARTESIAN_POINT('',(315.655,-69.9373000000001,66.6838));
#2885=CARTESIAN_POINT('',(334.707,-69.9373000000001,66.6838));
#2886=CARTESIAN_POINT('',(334.707,-69.9373000000001,66.6838));
#2887=CARTESIAN_POINT('',(334.707,-88.9874000000001,66.6838));
#2888=CARTESIAN_POINT('',(334.707,-88.9874000000001,66.6838));
#2889=CARTESIAN_POINT('',(353.759,-88.9874000000001,66.6838));
#2890=CARTESIAN_POINT('',(353.759,-88.9874000000001,66.6838));
#2891=CARTESIAN_POINT('',(353.759,-108.03883,66.6838));
#2892=CARTESIAN_POINT('',(353.759,-108.03883,66.6838));
#2893=CARTESIAN_POINT('',(296.605,-108.03883,66.6838));
#2894=CARTESIAN_POINT('',(296.605,-108.03883,66.6838));
#2895=CARTESIAN_POINT('',(296.605,-88.9874000000001,66.6838));
#2896=CARTESIAN_POINT('',(296.605,-88.9874000000001,66.6838));
#2897=CARTESIAN_POINT('',(315.655,-88.9874000000001,66.6838));
#2898=CARTESIAN_POINT('',(315.655,-88.9874000000001,66.6838));
#2899=CARTESIAN_POINT('',(315.655,-69.9373000000001,66.6838));
#2900=CARTESIAN_POINT('',(336.682836574397,-9.70006645242705,66.6838));
#2901=CARTESIAN_POINT('',(333.892706759949,-6.83438023308705,66.6838));
#2902=CARTESIAN_POINT('Origin',(335.268090665268,-8.28638543727505,66.6838));
#2903=CARTESIAN_POINT('',(349.853831119245,9.12778213995296,66.6838));
#2904=CARTESIAN_POINT('',(333.892706759949,-6.83438023308705,66.6838));
#2905=CARTESIAN_POINT('',(352.546467680562,6.17551436872995,66.6838));
#2906=CARTESIAN_POINT('Origin',(351.268090665268,7.71361456272494,66.6838));
#2907=CARTESIAN_POINT('',(352.546467680562,6.17551436872995,66.6838));
#2908=CARTESIAN_POINT('',(25.145,-8.02600000000004,66.6838));
#2909=CARTESIAN_POINT('',(6.0923,-8.02600000000004,66.6838));
#2910=CARTESIAN_POINT('',(25.145,-8.02600000000004,66.6838));
#2911=CARTESIAN_POINT('',(6.0923,11.026,66.6838));
#2912=CARTESIAN_POINT('',(6.0923,-8.02600000000004,66.6838));
#2913=CARTESIAN_POINT('',(25.145,11.026,66.6838));
#2914=CARTESIAN_POINT('',(6.0923,11.026,66.6838));
#2915=CARTESIAN_POINT('',(25.145,11.026,66.6838));
#2916=CARTESIAN_POINT('',(304.682836574397,-9.70006645242705,66.6838));
#2917=CARTESIAN_POINT('',(301.892706759949,-6.83438023308705,66.6838));
#2918=CARTESIAN_POINT('Origin',(303.268090665268,-8.28638543727505,66.6838));
#2919=CARTESIAN_POINT('',(317.853831119245,9.12778213995296,66.6838));
#2920=CARTESIAN_POINT('',(301.892706759949,-6.83438023308705,66.6838));
#2921=CARTESIAN_POINT('',(320.546467680562,6.17551436872995,66.6838));
#2922=CARTESIAN_POINT('Origin',(319.268090665268,7.71361456272494,66.6838));
#2923=CARTESIAN_POINT('',(320.546467680562,6.17551436872995,66.6838));
#2924=CARTESIAN_POINT('',(353.759,-50.8887000000001,66.6838));
#2925=CARTESIAN_POINT('',(296.605,-50.8887000000001,66.6838));
#2926=CARTESIAN_POINT('',(353.759,-50.8887000000001,66.6838));
#2927=CARTESIAN_POINT('',(296.605,-12.787,66.6838));
#2928=CARTESIAN_POINT('',(296.605,-50.8887000000001,66.6838));
#2929=CARTESIAN_POINT('',(353.759,-12.787,66.6838));
#2930=CARTESIAN_POINT('',(296.605,-12.787,66.6838));
#2931=CARTESIAN_POINT('',(353.759,-12.787,66.6838));
#2932=CARTESIAN_POINT('',(6.0923,-12.787,66.6838));
#2933=CARTESIAN_POINT('',(291.845,-12.787,66.6838));
#2934=CARTESIAN_POINT('',(291.845,-12.787,66.6838));
#2935=CARTESIAN_POINT('',(291.845,-108.03883,66.6838));
#2936=CARTESIAN_POINT('',(291.845,-108.03883,66.6838));
#2937=CARTESIAN_POINT('',(6.09366999999998,-108.03883,66.6838));
#2938=CARTESIAN_POINT('',(6.09367,-108.03883,66.6838));
#2939=CARTESIAN_POINT('',(6.09366999999999,-69.9387,66.6838));
#2940=CARTESIAN_POINT('',(6.09367,-69.9387,66.6838));
#2941=CARTESIAN_POINT('',(6.0923,-69.9387,66.6838));
#2942=CARTESIAN_POINT('',(6.0923,-69.9387,66.6838));
#2943=CARTESIAN_POINT('',(6.0923,-50.8873,66.6838));
#2944=CARTESIAN_POINT('',(6.0923,-50.8873,66.6838));
#2945=CARTESIAN_POINT('',(6.09366999999999,-50.8873,66.6838));
#2946=CARTESIAN_POINT('',(6.09367,-50.8873,66.6838));
#2947=CARTESIAN_POINT('',(6.09366999999999,-31.8387,66.6838));
#2948=CARTESIAN_POINT('',(6.09367,-31.8387,66.6838));
#2949=CARTESIAN_POINT('',(6.0923,-31.8387,66.6838));
#2950=CARTESIAN_POINT('',(6.0923,-31.8387,66.6838));
#2951=CARTESIAN_POINT('',(6.0923,-12.787,66.6838));
#2952=CARTESIAN_POINT('',(106.107,-8.02600000000004,66.6838));
#2953=CARTESIAN_POINT('',(29.9048,-8.02600000000004,66.6838));
#2954=CARTESIAN_POINT('',(106.107,-8.02600000000004,66.6838));
#2955=CARTESIAN_POINT('',(29.9048,11.026,66.6838));
#2956=CARTESIAN_POINT('',(29.9048,-8.02600000000004,66.6838));
#2957=CARTESIAN_POINT('',(106.107,11.026,66.6838));
#2958=CARTESIAN_POINT('',(29.9048,11.026,66.6838));
#2959=CARTESIAN_POINT('',(106.107,11.026,66.6838));
#2960=CARTESIAN_POINT('',(325.853831119245,9.12778213995296,66.6838));
#2961=CARTESIAN_POINT('',(328.546467680562,6.17551436872995,66.6838));
#2962=CARTESIAN_POINT('Origin',(327.268090665268,7.71361456272494,66.6838));
#2963=CARTESIAN_POINT('',(312.682836574397,-9.70006645242705,66.6838));
#2964=CARTESIAN_POINT('',(328.546467680562,6.17551436872995,66.6838));
#2965=CARTESIAN_POINT('',(309.892706759949,-6.83438023308705,66.6838));
#2966=CARTESIAN_POINT('Origin',(311.268090665268,-8.28638543727505,66.6838));
#2967=CARTESIAN_POINT('',(309.892706759949,-6.83438023308705,66.6838));
#2968=CARTESIAN_POINT('',(301.268090665268,7.71361456272494,66.6838));
#2969=CARTESIAN_POINT('Origin',(303.268090665268,7.71361456272494,66.6838));
#2970=CARTESIAN_POINT('',(362.25967,22.5581699999999,66.6838));
#2971=CARTESIAN_POINT('Origin',(363.95967,22.5581699999999,66.6838));
#2972=CARTESIAN_POINT('',(341.861853716574,-6.86424000022205,66.6838));
#2973=CARTESIAN_POINT('',(349.550713772867,0.738610469764964,66.6838));
#2974=CARTESIAN_POINT('',(349.550713772867,0.738610469764964,66.6838));
#2975=CARTESIAN_POINT('',(352.682303168362,-1.70060005892605,66.6838));
#2976=CARTESIAN_POINT('Origin',(351.268090665268,-0.286385437275047,66.6838));
#2977=CARTESIAN_POINT('',(344.686414025402,-9.69647722368405,66.6838));
#2978=CARTESIAN_POINT('',(344.686414025402,-9.69647722368405,66.6838));
#2979=CARTESIAN_POINT('Origin',(343.268090665268,-8.28638543727505,66.6838));
#2980=CARTESIAN_POINT('',(-4.74033000000003,-114.44183,66.6838));
#2981=CARTESIAN_POINT('Origin',(-3.04033000000001,-114.44183,66.6838));
#2982=CARTESIAN_POINT('',(312.66963370432,6.27890201257594,66.6838));
#2983=CARTESIAN_POINT('',(304.6842816542,-1.69861880427504,66.6838));
#2984=CARTESIAN_POINT('',(304.6842816542,-1.69861880427504,66.6838));
#2985=CARTESIAN_POINT('',(301.861853716575,1.13575999977796,66.6838));
#2986=CARTESIAN_POINT('Origin',(303.268090665268,-0.286385437275047,66.6838));
#2987=CARTESIAN_POINT('',(309.550713772827,8.73861046969795,66.6838));
#2988=CARTESIAN_POINT('',(309.550713772868,8.73861046976495,66.6838));
#2989=CARTESIAN_POINT('',(312.97349100406,6.66881329719695,66.6838));
#2990=CARTESIAN_POINT('Origin',(311.268090665268,7.71361456272494,66.6838));
#2991=CARTESIAN_POINT('Origin',(311.256114111743,7.69380920437396,66.6838));
#2992=CARTESIAN_POINT('',(344.062,-66.2923000000001,66.6838));
#2993=CARTESIAN_POINT('',(306.062,-66.2923000000001,66.6838));
#2994=CARTESIAN_POINT('',(344.062,-66.2923000000001,66.6838));
#2995=CARTESIAN_POINT('',(306.062,-54.2923,66.6838));
#2996=CARTESIAN_POINT('',(306.062,-66.2923000000001,66.6838));
#2997=CARTESIAN_POINT('',(344.062,-54.2923,66.6838));
#2998=CARTESIAN_POINT('',(306.062,-54.2923,66.6838));
#2999=CARTESIAN_POINT('',(344.062,-54.2923,66.6838));
#3000=CARTESIAN_POINT('',(-4.74033000000002,22.55817,66.6838));
#3001=CARTESIAN_POINT('Origin',(-3.04033,22.55817,66.6838));
#3002=CARTESIAN_POINT('',(349.268090665268,-8.28638543727505,66.6838));
#3003=CARTESIAN_POINT('Origin',(351.268090665268,-8.28638543727505,66.6838));
#3004=CARTESIAN_POINT('',(268.032,-8.02600000000005,66.6838));
#3005=CARTESIAN_POINT('',(191.83,-8.02600000000004,66.6838));
#3006=CARTESIAN_POINT('',(268.032,-8.02600000000005,66.6838));
#3007=CARTESIAN_POINT('',(191.83,11.026,66.6838));
#3008=CARTESIAN_POINT('',(191.83,-8.02600000000004,66.6838));
#3009=CARTESIAN_POINT('',(268.032,11.026,66.6838));
#3010=CARTESIAN_POINT('',(191.83,11.026,66.6838));
#3011=CARTESIAN_POINT('',(268.032,11.026,66.6838));
#3012=CARTESIAN_POINT('Origin',(180.45967,-115.44183,63.6838));
#3013=CARTESIAN_POINT('',(178.75967,-115.44183,63.6838));
#3014=CARTESIAN_POINT('Origin',(180.45967,-115.44183,63.6838));
#3015=CARTESIAN_POINT('',(178.75967,-115.44183,63.6838));
#3016=CARTESIAN_POINT('Origin',(180.45967,-45.94183,63.6838));
#3017=CARTESIAN_POINT('',(268.032,-8.02600000000005,63.6838));
#3018=CARTESIAN_POINT('',(191.83,-8.02600000000004,63.6838));
#3019=CARTESIAN_POINT('',(268.032,-8.02600000000005,63.6838));
#3020=CARTESIAN_POINT('',(268.032,11.026,63.6838));
#3021=CARTESIAN_POINT('',(268.032,11.026,63.6838));
#3022=CARTESIAN_POINT('',(191.83,11.026,63.6838));
#3023=CARTESIAN_POINT('',(191.83,11.026,63.6838));
#3024=CARTESIAN_POINT('',(191.83,-8.02600000000004,63.6838));
#3025=CARTESIAN_POINT('',(349.268090665268,-8.28638543727505,63.6838));
#3026=CARTESIAN_POINT('Origin',(351.268090665268,-8.28638543727505,63.6838));
#3027=CARTESIAN_POINT('',(-4.74033,22.55817,63.6838));
#3028=CARTESIAN_POINT('Origin',(-3.04033,22.55817,63.6838));
#3029=CARTESIAN_POINT('',(344.062,-66.2923000000001,63.6838));
#3030=CARTESIAN_POINT('',(306.062,-66.2923000000001,63.6838));
#3031=CARTESIAN_POINT('',(344.062,-66.2923000000001,63.6838));
#3032=CARTESIAN_POINT('',(344.062,-54.2923,63.6838));
#3033=CARTESIAN_POINT('',(344.062,-54.2923,63.6838));
#3034=CARTESIAN_POINT('',(306.062,-54.2923,63.6838));
#3035=CARTESIAN_POINT('',(306.062,-54.2923,63.6838));
#3036=CARTESIAN_POINT('',(306.062,-66.2923000000001,63.6838));
#3037=CARTESIAN_POINT('',(312.66963370432,6.27890201257594,63.6838));
#3038=CARTESIAN_POINT('',(304.6842816542,-1.69861880427504,63.6838));
#3039=CARTESIAN_POINT('',(304.6842816542,-1.69861880427504,63.6838));
#3040=CARTESIAN_POINT('',(312.97349100406,6.66881329719695,63.6838));
#3041=CARTESIAN_POINT('Origin',(311.256114111743,7.69380920437396,63.6838));
#3042=CARTESIAN_POINT('',(309.550713772827,8.73861046969795,63.6838));
#3043=CARTESIAN_POINT('Origin',(311.268090665268,7.71361456272494,63.6838));
#3044=CARTESIAN_POINT('',(301.861853716575,1.13575999977796,63.6838));
#3045=CARTESIAN_POINT('',(309.550713772868,8.73861046976495,63.6838));
#3046=CARTESIAN_POINT('Origin',(303.268090665268,-0.286385437275047,63.6838));
#3047=CARTESIAN_POINT('',(-4.74033000000001,-114.44183,63.6838));
#3048=CARTESIAN_POINT('Origin',(-3.04033000000001,-114.44183,63.6838));
#3049=CARTESIAN_POINT('',(341.861853716574,-6.86424000022205,63.6838));
#3050=CARTESIAN_POINT('',(349.550713772867,0.738610469764964,63.6838));
#3051=CARTESIAN_POINT('',(349.550713772867,0.738610469764964,63.6838));
#3052=CARTESIAN_POINT('',(344.686414025402,-9.69647722368405,63.6838));
#3053=CARTESIAN_POINT('Origin',(343.268090665268,-8.28638543727505,63.6838));
#3054=CARTESIAN_POINT('',(352.682303168362,-1.70060005892605,63.6838));
#3055=CARTESIAN_POINT('',(344.686414025402,-9.69647722368405,63.6838));
#3056=CARTESIAN_POINT('Origin',(351.268090665268,-0.286385437275047,63.6838));
#3057=CARTESIAN_POINT('',(362.25967,22.5581699999999,63.6838));
#3058=CARTESIAN_POINT('Origin',(363.95967,22.5581699999999,63.6838));
#3059=CARTESIAN_POINT('',(301.268090665268,7.71361456272494,63.6838));
#3060=CARTESIAN_POINT('Origin',(303.268090665268,7.71361456272494,63.6838));
#3061=CARTESIAN_POINT('',(325.853831119245,9.12778213995296,63.6838));
#3062=CARTESIAN_POINT('',(328.546467680562,6.17551436872995,63.6838));
#3063=CARTESIAN_POINT('Origin',(327.268090665268,7.71361456272494,63.6838));
#3064=CARTESIAN_POINT('',(309.892706759949,-6.83438023308705,63.6838));
#3065=CARTESIAN_POINT('',(309.892706759949,-6.83438023308705,63.6838));
#3066=CARTESIAN_POINT('',(312.682836574397,-9.70006645242705,63.6838));
#3067=CARTESIAN_POINT('Origin',(311.268090665268,-8.28638543727505,63.6838));
#3068=CARTESIAN_POINT('',(328.546467680562,6.17551436872995,63.6838));
#3069=CARTESIAN_POINT('',(106.107,-8.02600000000004,63.6838));
#3070=CARTESIAN_POINT('',(29.9048,-8.02600000000004,63.6838));
#3071=CARTESIAN_POINT('',(106.107,-8.02600000000004,63.6838));
#3072=CARTESIAN_POINT('',(106.107,11.026,63.6838));
#3073=CARTESIAN_POINT('',(106.107,11.026,63.6838));
#3074=CARTESIAN_POINT('',(29.9048,11.026,63.6838));
#3075=CARTESIAN_POINT('',(29.9048,11.026,63.6838));
#3076=CARTESIAN_POINT('',(29.9048,-8.02600000000004,63.6838));
#3077=CARTESIAN_POINT('',(6.0923,-12.787,63.6838));
#3078=CARTESIAN_POINT('',(291.845,-12.787,63.6838));
#3079=CARTESIAN_POINT('',(291.845,-12.787,63.6838));
#3080=CARTESIAN_POINT('',(6.0923,-31.8387,63.6838));
#3081=CARTESIAN_POINT('',(6.0923,-12.787,63.6838));
#3082=CARTESIAN_POINT('',(6.09367,-31.8387,63.6838));
#3083=CARTESIAN_POINT('',(6.0923,-31.8387,63.6838));
#3084=CARTESIAN_POINT('',(6.09367,-50.8873,63.6838));
#3085=CARTESIAN_POINT('',(6.09367,-31.8387,63.6838));
#3086=CARTESIAN_POINT('',(6.0923,-50.8873,63.6838));
#3087=CARTESIAN_POINT('',(6.09367,-50.8873,63.6838));
#3088=CARTESIAN_POINT('',(6.0923,-69.9387,63.6838));
#3089=CARTESIAN_POINT('',(6.0923,-50.8873,63.6838));
#3090=CARTESIAN_POINT('',(6.09367,-69.9387,63.6838));
#3091=CARTESIAN_POINT('',(6.0923,-69.9387,63.6838));
#3092=CARTESIAN_POINT('',(6.09367,-108.03883,63.6838));
#3093=CARTESIAN_POINT('',(6.09367,-69.9387,63.6838));
#3094=CARTESIAN_POINT('',(291.845,-108.03883,63.6838));
#3095=CARTESIAN_POINT('',(6.09367,-108.03883,63.6838));
#3096=CARTESIAN_POINT('',(291.845,-108.03883,63.6838));
#3097=CARTESIAN_POINT('',(353.759,-50.8887000000001,63.6838));
#3098=CARTESIAN_POINT('',(296.605,-50.8887000000001,63.6838));
#3099=CARTESIAN_POINT('',(353.759,-50.8887000000001,63.6838));
#3100=CARTESIAN_POINT('',(353.759,-12.787,63.6838));
#3101=CARTESIAN_POINT('',(353.759,-12.787,63.6838));
#3102=CARTESIAN_POINT('',(296.605,-12.787,63.6838));
#3103=CARTESIAN_POINT('',(296.605,-12.787,63.6838));
#3104=CARTESIAN_POINT('',(296.605,-50.8887000000001,63.6838));
#3105=CARTESIAN_POINT('',(304.682836574397,-9.70006645242705,63.6838));
#3106=CARTESIAN_POINT('',(301.892706759949,-6.83438023308705,63.6838));
#3107=CARTESIAN_POINT('Origin',(303.268090665268,-8.28638543727505,63.6838));
#3108=CARTESIAN_POINT('',(320.546467680562,6.17551436872995,63.6838));
#3109=CARTESIAN_POINT('',(320.546467680562,6.17551436872995,63.6838));
#3110=CARTESIAN_POINT('',(317.853831119245,9.12778213995296,63.6838));
#3111=CARTESIAN_POINT('Origin',(319.268090665268,7.71361456272494,63.6838));
#3112=CARTESIAN_POINT('',(301.892706759949,-6.83438023308705,63.6838));
#3113=CARTESIAN_POINT('',(25.145,-8.02600000000004,63.6838));
#3114=CARTESIAN_POINT('',(6.0923,-8.02600000000004,63.6838));
#3115=CARTESIAN_POINT('',(25.145,-8.02600000000004,63.6838));
#3116=CARTESIAN_POINT('',(25.145,11.026,63.6838));
#3117=CARTESIAN_POINT('',(25.145,11.026,63.6838));
#3118=CARTESIAN_POINT('',(6.0923,11.026,63.6838));
#3119=CARTESIAN_POINT('',(6.0923,11.026,63.6838));
#3120=CARTESIAN_POINT('',(6.0923,-8.02600000000004,63.6838));
#3121=CARTESIAN_POINT('',(336.682836574397,-9.70006645242705,63.6838));
#3122=CARTESIAN_POINT('',(333.892706759949,-6.83438023308705,63.6838));
#3123=CARTESIAN_POINT('Origin',(335.268090665268,-8.28638543727505,63.6838));
#3124=CARTESIAN_POINT('',(352.546467680562,6.17551436872995,63.6838));
#3125=CARTESIAN_POINT('',(352.546467680562,6.17551436872995,63.6838));
#3126=CARTESIAN_POINT('',(349.853831119245,9.12778213995296,63.6838));
#3127=CARTESIAN_POINT('Origin',(351.268090665268,7.71361456272494,63.6838));
#3128=CARTESIAN_POINT('',(333.892706759949,-6.83438023308705,63.6838));
#3129=CARTESIAN_POINT('',(178.75967,23.5581699999999,63.6838));
#3130=CARTESIAN_POINT('Origin',(180.45967,23.5581699999999,63.6838));
#3131=CARTESIAN_POINT('',(315.655,-69.9373000000001,63.6838));
#3132=CARTESIAN_POINT('',(334.707,-69.9373000000001,63.6838));
#3133=CARTESIAN_POINT('',(334.707,-69.9373000000001,63.6838));
#3134=CARTESIAN_POINT('',(315.655,-88.9874000000001,63.6838));
#3135=CARTESIAN_POINT('',(315.655,-69.9373000000001,63.6838));
#3136=CARTESIAN_POINT('',(296.605,-88.9874000000001,63.6838));
#3137=CARTESIAN_POINT('',(315.655,-88.9874000000001,63.6838));
#3138=CARTESIAN_POINT('',(296.605,-108.03883,63.6838));
#3139=CARTESIAN_POINT('',(296.605,-88.9874000000001,63.6838));
#3140=CARTESIAN_POINT('',(353.759,-108.03883,63.6838));
#3141=CARTESIAN_POINT('',(296.605,-108.03883,63.6838));
#3142=CARTESIAN_POINT('',(353.759,-88.9874000000001,63.6838));
#3143=CARTESIAN_POINT('',(353.759,-108.03883,63.6838));
#3144=CARTESIAN_POINT('',(334.707,-88.9874000000001,63.6838));
#3145=CARTESIAN_POINT('',(353.759,-88.9874000000001,63.6838));
#3146=CARTESIAN_POINT('',(334.707,-88.9874000000001,63.6838));
#3147=CARTESIAN_POINT('',(328.682836574397,-9.70006645242705,63.6838));
#3148=CARTESIAN_POINT('',(325.892706759949,-6.83438023308705,63.6838));
#3149=CARTESIAN_POINT('Origin',(327.268090665268,-8.28638543727505,63.6838));
#3150=CARTESIAN_POINT('',(344.546467680561,6.17551436872995,63.6838));
#3151=CARTESIAN_POINT('',(344.546467680561,6.17551436872995,63.6838));
#3152=CARTESIAN_POINT('',(341.853831119245,9.12778213995296,63.6838));
#3153=CARTESIAN_POINT('Origin',(343.268090665268,7.71361456272494,63.6838));
#3154=CARTESIAN_POINT('',(325.892706759949,-6.83438023308705,63.6838));
#3155=CARTESIAN_POINT('',(333.853831119245,9.12778213995296,63.6838));
#3156=CARTESIAN_POINT('',(336.546467680562,6.17551436872995,63.6838));
#3157=CARTESIAN_POINT('Origin',(335.268090665268,7.71361456272494,63.6838));
#3158=CARTESIAN_POINT('',(317.892706759949,-6.83438023308705,63.6838));
#3159=CARTESIAN_POINT('',(317.892706759949,-6.83438023308705,63.6838));
#3160=CARTESIAN_POINT('',(320.682836574397,-9.70006645242705,63.6838));
#3161=CARTESIAN_POINT('Origin',(319.268090665268,-8.28638543727505,63.6838));
#3162=CARTESIAN_POINT('',(336.546467680561,6.17551436872995,63.6838));
#3163=CARTESIAN_POINT('',(291.845,-8.02600000000005,63.6838));
#3164=CARTESIAN_POINT('',(272.794,-8.02600000000005,63.6838));
#3165=CARTESIAN_POINT('',(291.845,-8.02600000000005,63.6838));
#3166=CARTESIAN_POINT('',(291.845,11.026,63.6838));
#3167=CARTESIAN_POINT('',(291.845,11.026,63.6838));
#3168=CARTESIAN_POINT('',(272.794,11.026,63.6838));
#3169=CARTESIAN_POINT('',(272.794,11.026,63.6838));
#3170=CARTESIAN_POINT('',(272.794,-8.02600000000005,63.6838));
#3171=CARTESIAN_POINT('',(362.25967,-114.44183,63.6838));
#3172=CARTESIAN_POINT('Origin',(363.95967,-114.44183,63.6838));
#3173=CARTESIAN_POINT('',(187.07,-8.02600000000004,63.6838));
#3174=CARTESIAN_POINT('',(110.869,-8.02600000000004,63.6838));
#3175=CARTESIAN_POINT('',(187.07,-8.02600000000004,63.6838));
#3176=CARTESIAN_POINT('',(187.07,11.026,63.6838));
#3177=CARTESIAN_POINT('',(187.07,11.026,63.6838));
#3178=CARTESIAN_POINT('',(110.869,11.026,63.6838));
#3179=CARTESIAN_POINT('',(110.869,11.026,63.6838));
#3180=CARTESIAN_POINT('',(110.869,-8.02600000000004,63.6838));
#3181=CARTESIAN_POINT('Origin',(187.07,11.026,63.6838));
#3182=CARTESIAN_POINT('',(187.07,-8.02600000000004,63.6838));
#3183=CARTESIAN_POINT('',(187.07,11.026,63.6838));
#3184=CARTESIAN_POINT('Origin',(110.869,11.026,63.6838));
#3185=CARTESIAN_POINT('',(110.869,11.026,63.6838));
#3186=CARTESIAN_POINT('Origin',(110.869,-8.02600000000004,63.6838));
#3187=CARTESIAN_POINT('',(110.869,-8.02600000000004,63.6838));
#3188=CARTESIAN_POINT('Origin',(187.07,-8.02600000000004,63.6838));
#3189=CARTESIAN_POINT('Origin',(363.95967,-114.44183,63.6838));
#3190=CARTESIAN_POINT('',(362.25967,-114.44183,63.6838));
#3191=CARTESIAN_POINT('Origin',(291.845,11.026,63.6838));
#3192=CARTESIAN_POINT('',(291.845,-8.02600000000005,63.6838));
#3193=CARTESIAN_POINT('',(291.845,11.026,63.6838));
#3194=CARTESIAN_POINT('Origin',(272.794,11.026,63.6838));
#3195=CARTESIAN_POINT('',(272.794,11.026,63.6838));
#3196=CARTESIAN_POINT('Origin',(272.794,-8.02600000000005,63.6838));
#3197=CARTESIAN_POINT('',(272.794,-8.02600000000005,63.6838));
#3198=CARTESIAN_POINT('Origin',(291.845,-8.02600000000005,63.6838));
#3199=CARTESIAN_POINT('Origin',(317.892706759949,-6.83438023308705,63.6838));
#3200=CARTESIAN_POINT('',(333.853831119245,9.12778213995296,63.6838));
#3201=CARTESIAN_POINT('',(317.892706759949,-6.83438023308705,63.6838));
#3202=CARTESIAN_POINT('Origin',(319.268090665268,-8.28638543727505,63.6838));
#3203=CARTESIAN_POINT('',(320.682836574397,-9.70006645242705,63.6838));
#3204=CARTESIAN_POINT('Origin',(336.546467680561,6.17551436872995,63.6838));
#3205=CARTESIAN_POINT('',(336.546467680562,6.17551436872995,63.6838));
#3206=CARTESIAN_POINT('Origin',(335.268090665268,7.71361456272494,63.6838));
#3207=CARTESIAN_POINT('Origin',(344.546467680561,6.17551436872995,63.6838));
#3208=CARTESIAN_POINT('',(328.682836574397,-9.70006645242705,63.6838));
#3209=CARTESIAN_POINT('',(344.546467680561,6.17551436872995,63.6838));
#3210=CARTESIAN_POINT('Origin',(343.268090665268,7.71361456272494,63.6838));
#3211=CARTESIAN_POINT('',(341.853831119245,9.12778213995296,63.6838));
#3212=CARTESIAN_POINT('Origin',(325.892706759949,-6.83438023308705,63.6838));
#3213=CARTESIAN_POINT('',(325.892706759949,-6.83438023308705,63.6838));
#3214=CARTESIAN_POINT('Origin',(327.268090665268,-8.28638543727505,63.6838));
#3215=CARTESIAN_POINT('Origin',(315.655,-88.9874000000001,63.6838));
#3216=CARTESIAN_POINT('',(315.655,-69.9373000000001,63.6838));
#3217=CARTESIAN_POINT('',(315.655,-88.9874000000001,63.6838));
#3218=CARTESIAN_POINT('Origin',(296.605,-88.9874000000001,63.6838));
#3219=CARTESIAN_POINT('',(296.605,-88.9874000000001,63.6838));
#3220=CARTESIAN_POINT('Origin',(296.605,-108.03883,63.6838));
#3221=CARTESIAN_POINT('',(296.605,-108.03883,63.6838));
#3222=CARTESIAN_POINT('Origin',(353.759,-108.03883,63.6838));
#3223=CARTESIAN_POINT('',(353.759,-108.03883,63.6838));
#3224=CARTESIAN_POINT('Origin',(353.759,-88.9874000000001,63.6838));
#3225=CARTESIAN_POINT('',(353.759,-88.9874000000001,63.6838));
#3226=CARTESIAN_POINT('Origin',(334.707,-88.9874000000001,63.6838));
#3227=CARTESIAN_POINT('',(334.707,-88.9874000000001,63.6838));
#3228=CARTESIAN_POINT('Origin',(334.707,-69.9373000000001,63.6838));
#3229=CARTESIAN_POINT('',(334.707,-69.9373000000001,63.6838));
#3230=CARTESIAN_POINT('Origin',(315.655,-69.9373000000001,63.6838));
#3231=CARTESIAN_POINT('Origin',(180.45967,23.5581699999999,63.6838));
#3232=CARTESIAN_POINT('',(178.75967,23.5581699999999,63.6838));
#3233=CARTESIAN_POINT('Origin',(352.546467680562,6.17551436872995,63.6838));
#3234=CARTESIAN_POINT('',(336.682836574397,-9.70006645242705,63.6838));
#3235=CARTESIAN_POINT('',(352.546467680562,6.17551436872995,63.6838));
#3236=CARTESIAN_POINT('Origin',(351.268090665268,7.71361456272494,63.6838));
#3237=CARTESIAN_POINT('',(349.853831119245,9.12778213995296,63.6838));
#3238=CARTESIAN_POINT('Origin',(333.892706759949,-6.83438023308705,63.6838));
#3239=CARTESIAN_POINT('',(333.892706759949,-6.83438023308705,63.6838));
#3240=CARTESIAN_POINT('Origin',(335.268090665268,-8.28638543727505,63.6838));
#3241=CARTESIAN_POINT('Origin',(25.145,11.026,63.6838));
#3242=CARTESIAN_POINT('',(25.145,-8.02600000000004,63.6838));
#3243=CARTESIAN_POINT('',(25.145,11.026,63.6838));
#3244=CARTESIAN_POINT('Origin',(6.0923,11.026,63.6838));
#3245=CARTESIAN_POINT('',(6.0923,11.026,63.6838));
#3246=CARTESIAN_POINT('Origin',(6.0923,-8.02600000000004,63.6838));
#3247=CARTESIAN_POINT('',(6.0923,-8.02600000000004,63.6838));
#3248=CARTESIAN_POINT('Origin',(25.145,-8.02600000000004,63.6838));
#3249=CARTESIAN_POINT('Origin',(320.546467680562,6.17551436872995,63.6838));
#3250=CARTESIAN_POINT('',(304.682836574397,-9.70006645242705,63.6838));
#3251=CARTESIAN_POINT('',(320.546467680562,6.17551436872995,63.6838));
#3252=CARTESIAN_POINT('Origin',(319.268090665268,7.71361456272494,63.6838));
#3253=CARTESIAN_POINT('',(317.853831119245,9.12778213995296,63.6838));
#3254=CARTESIAN_POINT('Origin',(301.892706759949,-6.83438023308705,63.6838));
#3255=CARTESIAN_POINT('',(301.892706759949,-6.83438023308705,63.6838));
#3256=CARTESIAN_POINT('Origin',(303.268090665268,-8.28638543727505,63.6838));
#3257=CARTESIAN_POINT('Origin',(353.759,-12.787,63.6838));
#3258=CARTESIAN_POINT('',(353.759,-50.8887000000001,63.6838));
#3259=CARTESIAN_POINT('',(353.759,-12.787,63.6838));
#3260=CARTESIAN_POINT('Origin',(296.605,-12.787,63.6838));
#3261=CARTESIAN_POINT('',(296.605,-12.787,63.6838));
#3262=CARTESIAN_POINT('Origin',(296.605,-50.8887000000001,63.6838));
#3263=CARTESIAN_POINT('',(296.605,-50.8887000000001,63.6838));
#3264=CARTESIAN_POINT('Origin',(353.759,-50.8887000000001,63.6838));
#3265=CARTESIAN_POINT('Origin',(6.0923,-31.8387,63.6838));
#3266=CARTESIAN_POINT('',(6.0923,-12.787,63.6838));
#3267=CARTESIAN_POINT('',(6.0923,-31.8387,63.6838));
#3268=CARTESIAN_POINT('Origin',(6.09367,-31.8387,63.6838));
#3269=CARTESIAN_POINT('',(6.09367,-31.8387,63.6838));
#3270=CARTESIAN_POINT('Origin',(6.09367,-50.8873,63.6838));
#3271=CARTESIAN_POINT('',(6.09367,-50.8873,63.6838));
#3272=CARTESIAN_POINT('Origin',(6.0923,-50.8873,63.6838));
#3273=CARTESIAN_POINT('',(6.0923,-50.8873,63.6838));
#3274=CARTESIAN_POINT('Origin',(6.0923,-69.9387,63.6838));
#3275=CARTESIAN_POINT('',(6.0923,-69.9387,63.6838));
#3276=CARTESIAN_POINT('Origin',(6.09367,-69.9387,63.6838));
#3277=CARTESIAN_POINT('',(6.09367,-69.9387,63.6838));
#3278=CARTESIAN_POINT('Origin',(6.09367,-108.03883,63.6838));
#3279=CARTESIAN_POINT('',(6.09367,-108.03883,63.6838));
#3280=CARTESIAN_POINT('Origin',(291.845,-108.03883,63.6838));
#3281=CARTESIAN_POINT('',(291.845,-108.03883,63.6838));
#3282=CARTESIAN_POINT('Origin',(291.845,-12.787,63.6838));
#3283=CARTESIAN_POINT('',(291.845,-12.787,63.6838));
#3284=CARTESIAN_POINT('Origin',(6.0923,-12.787,63.6838));
#3285=CARTESIAN_POINT('Origin',(106.107,11.026,63.6838));
#3286=CARTESIAN_POINT('',(106.107,-8.02600000000004,63.6838));
#3287=CARTESIAN_POINT('',(106.107,11.026,63.6838));
#3288=CARTESIAN_POINT('Origin',(29.9048,11.026,63.6838));
#3289=CARTESIAN_POINT('',(29.9048,11.026,63.6838));
#3290=CARTESIAN_POINT('Origin',(29.9048,-8.02600000000004,63.6838));
#3291=CARTESIAN_POINT('',(29.9048,-8.02600000000004,63.6838));
#3292=CARTESIAN_POINT('Origin',(106.107,-8.02600000000004,63.6838));
#3293=CARTESIAN_POINT('Origin',(309.892706759949,-6.83438023308705,63.6838));
#3294=CARTESIAN_POINT('',(325.853831119245,9.12778213995296,63.6838));
#3295=CARTESIAN_POINT('',(309.892706759949,-6.83438023308705,63.6838));
#3296=CARTESIAN_POINT('Origin',(311.268090665268,-8.28638543727505,63.6838));
#3297=CARTESIAN_POINT('',(312.682836574397,-9.70006645242705,63.6838));
#3298=CARTESIAN_POINT('Origin',(328.546467680562,6.17551436872995,63.6838));
#3299=CARTESIAN_POINT('',(328.546467680562,6.17551436872995,63.6838));
#3300=CARTESIAN_POINT('Origin',(327.268090665268,7.71361456272494,63.6838));
#3301=CARTESIAN_POINT('Origin',(303.268090665268,7.71361456272494,63.6838));
#3302=CARTESIAN_POINT('',(301.268090665268,7.71361456272494,63.6838));
#3303=CARTESIAN_POINT('Origin',(363.95967,22.5581699999999,63.6838));
#3304=CARTESIAN_POINT('',(362.25967,22.5581699999999,63.6838));
#3305=CARTESIAN_POINT('Origin',(343.268090665268,-8.28638543727505,63.6838));
#3306=CARTESIAN_POINT('',(341.861853716574,-6.86424000022205,63.6838));
#3307=CARTESIAN_POINT('',(344.686414025402,-9.69647722368405,63.6838));
#3308=CARTESIAN_POINT('Origin',(352.682303168362,-1.70060005892605,63.6838));
#3309=CARTESIAN_POINT('',(352.682303168362,-1.70060005892605,63.6838));
#3310=CARTESIAN_POINT('Origin',(351.268090665268,-0.286385437275047,63.6838));
#3311=CARTESIAN_POINT('',(349.550713772867,0.738610469764964,63.6838));
#3312=CARTESIAN_POINT('Origin',(341.861853716574,-6.86424000022205,63.6838));
#3313=CARTESIAN_POINT('Origin',(-3.04033000000001,-114.44183,63.6838));
#3314=CARTESIAN_POINT('',(-4.74033000000001,-114.44183,63.6838));
#3315=CARTESIAN_POINT('Origin',(311.256114111743,7.69380920437396,63.6838));
#3316=CARTESIAN_POINT('',(312.66963370432,6.27890201257594,63.6838));
#3317=CARTESIAN_POINT('',(312.97349100406,6.66881329719695,63.6838));
#3318=CARTESIAN_POINT('Origin',(311.268090665268,7.71361456272494,63.6838));
#3319=CARTESIAN_POINT('',(309.550713772827,8.73861046969795,63.6838));
#3320=CARTESIAN_POINT('Origin',(301.861853716575,1.13575999977796,63.6838));
#3321=CARTESIAN_POINT('',(301.861853716575,1.13575999977796,63.6838));
#3322=CARTESIAN_POINT('Origin',(303.268090665268,-0.286385437275047,63.6838));
#3323=CARTESIAN_POINT('',(304.6842816542,-1.69861880427504,63.6838));
#3324=CARTESIAN_POINT('Origin',(312.66963370432,6.27890201257594,63.6838));
#3325=CARTESIAN_POINT('Origin',(344.062,-54.2923,63.6838));
#3326=CARTESIAN_POINT('',(344.062,-66.2923000000001,63.6838));
#3327=CARTESIAN_POINT('',(344.062,-54.2923,63.6838));
#3328=CARTESIAN_POINT('Origin',(306.062,-54.2923,63.6838));
#3329=CARTESIAN_POINT('',(306.062,-54.2923,63.6838));
#3330=CARTESIAN_POINT('Origin',(306.062,-66.2923000000001,63.6838));
#3331=CARTESIAN_POINT('',(306.062,-66.2923000000001,63.6838));
#3332=CARTESIAN_POINT('Origin',(344.062,-66.2923000000001,63.6838));
#3333=CARTESIAN_POINT('Origin',(-3.04033,22.55817,63.6838));
#3334=CARTESIAN_POINT('',(-4.74033,22.55817,63.6838));
#3335=CARTESIAN_POINT('Origin',(351.268090665268,-8.28638543727505,63.6838));
#3336=CARTESIAN_POINT('',(349.268090665268,-8.28638543727505,63.6838));
#3337=CARTESIAN_POINT('Origin',(268.032,11.026,63.6838));
#3338=CARTESIAN_POINT('',(268.032,-8.02600000000005,63.6838));
#3339=CARTESIAN_POINT('',(268.032,11.026,63.6838));
#3340=CARTESIAN_POINT('Origin',(191.83,11.026,63.6838));
#3341=CARTESIAN_POINT('',(191.83,11.026,63.6838));
#3342=CARTESIAN_POINT('Origin',(191.83,-8.02600000000004,63.6838));
#3343=CARTESIAN_POINT('',(191.83,-8.02600000000004,63.6838));
#3344=CARTESIAN_POINT('Origin',(268.032,-8.02600000000005,63.6838));
#3345=UNCERTAINTY_MEASURE_WITH_UNIT(LENGTH_MEASURE(0.01),#3349,
'DISTANCE_ACCURACY_VALUE',
'Maximum model space distance between geometric entities at asserted c
onnectivities');
#3346=UNCERTAINTY_MEASURE_WITH_UNIT(LENGTH_MEASURE(0.01),#3349,
'DISTANCE_ACCURACY_VALUE',
'Maximum model space distance between geometric entities at asserted c
onnectivities');
#3347=(
GEOMETRIC_REPRESENTATION_CONTEXT(3)
GLOBAL_UNCERTAINTY_ASSIGNED_CONTEXT((#3345))
GLOBAL_UNIT_ASSIGNED_CONTEXT((#3349,#3351,#3352))
REPRESENTATION_CONTEXT('','3D')
);
#3348=(
GEOMETRIC_REPRESENTATION_CONTEXT(3)
GLOBAL_UNCERTAINTY_ASSIGNED_CONTEXT((#3346))
GLOBAL_UNIT_ASSIGNED_CONTEXT((#3349,#3351,#3352))
REPRESENTATION_CONTEXT('','3D')
);
#3349=(
LENGTH_UNIT()
NAMED_UNIT(*)
SI_UNIT(.MILLI.,.METRE.)
);
#3350=(
LENGTH_UNIT()
NAMED_UNIT(*)
SI_UNIT($,.METRE.)
);
#3351=(
NAMED_UNIT(*)
PLANE_ANGLE_UNIT()
SI_UNIT($,.RADIAN.)
);
#3352=(
NAMED_UNIT(*)
SI_UNIT($,.STERADIAN.)
SOLID_ANGLE_UNIT()
);
#3353=SHAPE_DEFINITION_REPRESENTATION(#3354,#3355);
#3354=PRODUCT_DEFINITION_SHAPE('',$,#3357);
#3355=SHAPE_REPRESENTATION('',(#1987),#3347);
#3356=PRODUCT_DEFINITION_CONTEXT('part definition',#3361,'design');
#3357=PRODUCT_DEFINITION('Keyboard-Top','ReaperBoard-Top',#3358,#3356);
#3358=PRODUCT_DEFINITION_FORMATION('',$,#3363);
#3359=PRODUCT_RELATED_PRODUCT_CATEGORY('ReaperBoard-Top',
'ReaperBoard-Top',(#3363));
#3360=APPLICATION_PROTOCOL_DEFINITION('international standard',
'automotive_design',2009,#3361);
#3361=APPLICATION_CONTEXT(
'Core Data for Automotive Mechanical Design Process');
#3362=PRODUCT_CONTEXT('part definition',#3361,'mechanical');
#3363=PRODUCT('Keyboard-Top','ReaperBoard-Top',$,(#3362));
#3364=PRESENTATION_STYLE_ASSIGNMENT((#3366));
#3365=PRESENTATION_STYLE_ASSIGNMENT((#3367));
#3366=SURFACE_STYLE_USAGE(.BOTH.,#3368);
#3367=SURFACE_STYLE_USAGE(.BOTH.,#3369);
#3368=SURFACE_SIDE_STYLE('',(#3370));
#3369=SURFACE_SIDE_STYLE('',(#3371));
#3370=SURFACE_STYLE_FILL_AREA(#3372);
#3371=SURFACE_STYLE_FILL_AREA(#3373);
#3372=FILL_AREA_STYLE('Steel - Satin',(#3374));
#3373=FILL_AREA_STYLE('Aluminum nitride (AlN)',(#3375));
#3374=FILL_AREA_STYLE_COLOUR('Steel - Satin',#3376);
#3375=FILL_AREA_STYLE_COLOUR('Aluminum nitride (AlN)',#3377);
#3376=COLOUR_RGB('Steel - Satin',0.627450980392157,0.627450980392157,0.627450980392157);
#3377=COLOUR_RGB('Aluminum nitride (AlN)',0.850980392156863,0.827450980392157,
0.788235294117647);
ENDSEC;
END-ISO-10303-21;
